Workbook

Sheet Sheet1
A1: 1/10集計 ＯＳＳ様 ＢＨ出荷計画情報（25年度ボギー集計） | N1: 注：T-No＝V8累計台数+ 13台（破損機）
H2: Ｖ８(VUS-) | P2: V９（ | Q2: YBS-）
B3: 光真ss 出荷月 | C3: LAZ901 LA001～4 LC001 | D3: LAZ001 LB001 LB003～5 LD001 | E3: LAZ002 LA007,9,10 LB002,6 LB105 LC002 LD003 | F3: LAZ003 LD002 LD002(H) | G3: LAZ004 LD004 | H3: LAZ101 LA001～6､8 LA011,012 LB001,3～5 LB101,3,4,6～9 LB112 LC001,LD001 | I3: LAZ102 LB102 LB112 | J3: LAZ103 ＬＢ110 ＬＢ111 | K3: LAZ201 LC091 LD091 LD092 | L3: Ｖ８ 合計 | M3: Ｖ８ 累計 | N3: LAY 001 | O3: LAY 002 | P3: LAZ001 LAZ002 | Q3: Ｖ９ 累計 | R3: ＢＨ合計 | S3: VU-LA004 | T3: VU-LA007 | U3: VU-LA012 | V3: VU-LB002 | W3: VU-LB006 | X3: VU-LB101 | Y3: VU-LB102 | Z3: VU-LB106 | AA3: VU-LB112 | AB3: VU-LC002 | AC3: VU-LD091 | AD3: YB-LA001 | AE3: YB-LA002
A4: 10年度 | B4: ５月 | C4: 3 | D4: 3 | L4: 6 | M4: 6 | N4: 6 | O4: 0 | R4: =L4+P4 -> 6
B5: ６月 | C5: 0 | D5: 51 | L5: 51 | M5: 57 | N5: 51 | O5: 0 | R5: =L5+P5 -> 51
B6: ７月 | C6: 7 | D6: 65 | L6: 72 | M6: 129 | N6: 72 | O6: 0 | R6: =L6+P6 -> 72
B7: ８月 | C7: 2 | D7: 69 | L7: 71 | M7: 200 | N7: 71 | O7: 0 | R7: =L7+P7 -> 71
A8: 【Ｖ８】 | B8: ９月 | C8: 76 | D8: 18 | L8: 94 | M8: 294 | N8: 94 | O8: 0 | R8: =L8+P8 -> 94
A9: =SUM(L4:L15) -> 838 | B9: １０月 | C9: 86 | D9: 40 | L9: 126 | M9: 420 | N9: 126 | O9: 0 | R9: =L9+P9 -> 126
B10: １１月 | C10: 101 | D10: 29 | L10: 130 | M10: 550 | N10: 130 | O10: 0 | R10: =L10+P10 -> 130
A11: 【合計】 | B11: １２月 | C11: 106 | D11: 6 | L11: 112 | M11: 662 | N11: 112 | O11: 0 | R11: =L11+P11 -> 112
A12: =A6+A9 -> 838 | B12: 11/１月 | C12: 45 | D12: 42 | L12: 87 | M12: 749 | N12: 87 | O12: 0 | R12: =L12+P12 -> 87
B13: ２月 | C13: 3 | D13: 73 | L13: 76 | M13: 825 | N13: 76 | O13: 0 | R13: =L13+P13 -> 76
B14: ３月 | C14: 0 | D14: 3 | L14: 3 | M14: 828 | N14: 3 | O14: 0 | R14: =L14+P14 -> 3
B15: ４月 | C15: 10 | D15: 0 | L15: 10 | M15: 838 | N15: 10 | O15: 0 | R15: =L15+P15 -> 10
A16: 11年度 | B16: ５月 | C16: 5 | D16: 1 | E16: 0 | L16: 6 | M16: 844 | N16: 6 | O16: 0 | R16: =L16+P16 -> 6
B17: ６月 | C17: 12 | D17: 0 | E17: 0 | L17: 12 | M17: 856 | N17: 12 | O17: 0 | R17: =L17+P17 -> 12
B18: ７月 | C18: 25 | D18: 0 | E18: 0 | L18: 25 | M18: 881 | N18: 25 | O18: 0 | R18: =L18+P18 -> 25
B19: ８月 | C19: 16 | D19: 0 | E19: 0 | L19: 16 | M19: 897 | N19: 16 | O19: 0 | R19: =L19+P19 -> 16
A20: 【Ｖ８】 | B20: ９月 | C20: 31 | D20: 0 | E20: 1 | L20: 32 | M20: 929 | N20: 31 | O20: 1 | R20: =L20+P20 -> 32
A21: =SUM(L16:L27) -> 422 | B21: １０月 | C21: 28 | D21: 8 | E21: 0 | L21: 36 | M21: 965 | N21: 36 | O21: 0 | R21: =L21+P21 -> 36
B22: １１月 | C22: 19 | D22: 46 | E22: 9 | L22: 74 | M22: 1039 | N22: 65 | O22: 9 | R22: =L22+P22 -> 74
A23: 【合計】 | B23: １２月 | C23: 17 | D23: 25 | E23: 15 | L23: 57 | M23: 1096 | N23: 42 | O23: 15 | R23: =L23+P23 -> 57
A24: =A18+A21 -> 422 | B24: 12/１月 | C24: 23 | D24: 40 | E24: 0 | L24: 63 | M24: 1159 | N24: 63 | O24: 0 | R24: =L24+P24 -> 63
B25: ２月 | C25: 7 | D25: 22 | E25: 0 | L25: 29 | M25: 1188 | N25: 29 | O25: 0 | R25: =L25+P25 -> 29
B26: ３月 | C26: 14 | D26: 7 | E26: 0 | L26: 21 | M26: 1209 | N26: 21 | O26: 0 | R26: =L26+P26 -> 21
B27: ４月 | C27: 39 | D27: 12 | E27: 0 | L27: 51 | M27: 1260 | N27: 51 | O27: 0 | R27: =L27+P27 -> 51
A28: １２年度 | B28: ５月 | C28: 23 | D28: 11 | E28: 0 | F28: 0 | H28: 0 | L28: 34 | M28: 1294 | N28: 34 | O28: 0 | R28: =L28+P28 -> 34
B29: ６月 | C29: 46 | D29: 28 | E29: 3 | F29: 0 | H29: 0 | L29: 77 | M29: 1371 | N29: 74 | O29: 3 | R29: =L29+P29 -> 77
B30: ７月 | C30: 15 | D30: 24 | E30: 14 | F30: 0 | H30: 0 | L30: 53 | M30: 1424 | N30: 39 | O30: 14 | R30: =L30+P30 -> 53
B31: ８月 | C31: 0 | D31: 5 | E31: 2 | F31: 0 | H31: 0 | L31: 7 | M31: 1431 | N31: 5 | O31: 2 | R31: =L31+P31 -> 7
A32: 【Ｖ８】 | B32: ９月 | C32: 0 | D32: 4 | E32: 0 | F32: 0 | H32: 0 | L32: 4 | M32: 1435 | N32: 4 | O32: 0 | R32: =L32+P32 -> 4
A33: =SUM(L28:L39) -> 362 | B33: １０月 | C33: 0 | D33: 41 | E33: 3 | F33: 0 | H33: 0 | L33: 44 | M33: 1479 | N33: 41 | O33: 3 | R33: =L33+P33 -> 44
B34: １１月 | C34: 19 | D34: 17 | E34: 4 | F34: 13 | H34: 0 | L34: 53 | M34: 1532 | N34: 49 | O34: 4 | R34: =L34+P34 -> 53
A35: 【合計】 | B35: １２月 | C35: 10 | D35: 20 | E35: 0 | F35: 0 | H35: 27 | L35: 57 | M35: 1589 | N35: 57 | O35: 0 | R35: =L35+P35 -> 57
A36: =A30+A33 -> 362 | B36: 13/1月 | C36: 5 | D36: 22 | E36: 0 | F36: 0 | H36: 0 | L36: 27 | M36: 1616 | N36: 27 | O36: 0 | R36: =L36+P36 -> 27
B37: ２月 | C37: 0 | D37: 0 | E37: 0 | F37: 0 | H37: 0 | L37: 0 | M37: 1616 | N37: 0 | O37: 0 | R37: =L37+P37 -> 0
B38: ３月 | C38: 1 | D38: 4 | E38: 0 | F38: 0 | H38: 1 | L38: 6 | M38: 1622 | N38: 6 | O38: 0 | R38: =L38+P38 -> 6
B39: ４月 | C39: 0 | D39: 0 | E39: 0 | F39: 0 | H39: 0 | I39: 0 | L39: 0 | M39: 1622 | N39: 0 | O39: 0 | R39: =L39+P39 -> 0
A40: １３年度 | B40: ５月 | C40: 0 | D40: 0 | E40: 0 | F40: 34 | H40: 39 | I40: 0 | L40: 73 | M40: 1695 | N40: 73 | O40: 0 | R40: =L40+P40 -> 73
B41: ６月 | C41: 0 | D41: 0 | E41: 0 | F41: 10 | H41: 35 | I41: 0 | L41: 45 | M41: 1740 | N41: 45 | O41: 0 | R41: =L41+P41 -> 45
B42: ７月 | C42: 0 | D42: 0 | E42: 7 | F42: 26 | H42: 26 | I42: 0 | L42: 59 | M42: 1799 | N42: 52 | O42: 7 | R42: =L42+P42 -> 59
B43: ８月 | C43: 0 | D43: 0 | E43: 0 | F43: 9 | H43: 48 | I43: 0 | L43: 57 | M43: 1856 | N43: 57 | O43: 0 | R43: =L43+P43 -> 57
A44: 【Ｖ８】 | B44: ９月 | C44: 0 | D44: 0 | E44: 0 | F44: 25 | H44: 52 | I44: 0 | L44: 77 | M44: 1933 | N44: 77 | O44: 0 | R44: =L44+P44 -> 77
A45: =SUM(L40:L51) -> 628 | B45: １０月 | C45: 0 | D45: 0 | E45: 0 | F45: 20 | H45: 24 | I45: 0 | L45: 44 | M45: 1977 | N45: 44 | O45: 0 | R45: =L45+P45 -> 44
B46: １１月 | C46: 0 | D46: 0 | E46: 0 | F46: 0 | H46: 50 | I46: 2 | L46: 52 | M46: 2029 | N46: 52 | O46: 0 | R46: =L46+P46 -> 52
A47: 【合計】 | B47: １２月 | C47: 0 | D47: 0 | E47: 0 | F47: 0 | H47: 24 | I47: 6 | L47: 30 | M47: 2059 | N47: 30 | O47: 0 | R47: =L47+P47 -> 30
A48: =A42+A45 -> 628 | B48: 14/１月 | C48: 0 | D48: 0 | E48: 2 | F48: 0 | H48: 22 | I48: 39 | L48: 63 | M48: 2122 | N48: 61 | O48: 2 | R48: =L48+P48 -> 63
B49: ２月 | C49: 0 | D49: 0 | E49: 2 | F49: 0 | H49: 16 | I49: 30 | L49: 48 | M49: 2170 | N49: 46 | O49: 2 | R49: =L49+P49 -> 48
B50: ３月 | C50: 0 | D50: 0 | E50: 0 | F50: 10 | H50: 18 | I50: 0 | L50: 28 | M50: 2198 | N50: 28 | O50: 0 | R50: =L50+P50 -> 28
B51: ４月 | C51: 0 | D51: 0 | E51: 0 | F51: 0 | H51: 36 | I51: 16 | L51: 52 | M51: 2250 | N51: 52 | O51: 0 | R51: =L51+P51 -> 52
A52: １4年度 | B52: ５月 | C52: 0 | D52: 0 | E52: 8 | F52: 12 | G52: 0 | H52: 13 | I52: 0 | K52: 0 | L52: =SUM(C52:K52) -> 33 | M52: =M51+L52 -> 2283 | N52: 25 | O52: 8 | R52: =L52+P52 -> 33
B53: ６月 | C53: 0 | D53: 0 | E53: 0 | F53: 51 | G53: 0 | H53: 26 | I53: 0 | K53: 0 | L53: =SUM(C53:K53) -> 77 | M53: =M52+L53 -> 2360 | N53: 77 | O53: 0 | R53: =L53+P53 -> 77
B54: ７月 | C54: 0 | D54: 0 | E54: 0 | F54: 24 | G54: 0 | H54: 55 | I54: 0 | K54: 0 | L54: =SUM(C54:K54) -> 79 | M54: =M53+L54 -> 2439 | N54: 79 | O54: 0 | R54: =L54+P54 -> 79
B55: ８月 | C55: 0 | D55: 0 | E55: 0 | F55: 39 | G55: 0 | H55: 43 | I55: 31 | K55: 0 | L55: =SUM(C55:K55) -> 113 | M55: =M54+L55 -> 2552 | N55: 113 | O55: 0 | R55: =L55+P55 -> 113
A56: 【Ｖ８】 | B56: ９月 | C56: 0 | D56: 0 | E56: 0 | F56: 47 | G56: 0 | H56: 109 | I56: 4 | K56: 0 | L56: =SUM(C56:K56) -> 160 | M56: =M55+L56 -> 2712 | N56: 160 | O56: 0 | R56: =L56+P56 -> 160
A57: =SUM(L52:L63) -> 1454 | B57: １０月 | C57: 0 | D57: 0 | E57: 0 | F57: 109 | G57: 0 | H57: 50 | I57: 47 | K57: 0 | L57: =SUM(C57:K57) -> 206 | M57: =M56+L57 -> 2918 | N57: 206 | O57: 0 | R57: =L57+P57 -> 206
B58: １１月 | C58: 0 | D58: 0 | E58: 0 | F58: 40 | G58: 0 | H58: 70 | I58: 58 | K58: 0 | L58: =SUM(C58:K58) -> 168 | M58: =M57+L58 -> 3086 | N58: 168 | O58: 0 | R58: =L58+P58 -> 168
A59: 【合計】 | B59: １２月 | C59: 0 | D59: 0 | E59: 2 | F59: 35 | G59: 0 | H59: 63 | I59: 32 | K59: 2 | L59: =SUM(C59:K59) -> 134 | M59: =M58+L59 -> 3220 | N59: 132 | O59: 2 | R59: =L59+P59 -> 134
A60: =A54+A57 -> 1454 | B60: 15/１月 | C60: 0 | D60: 0 | E60: 1 | F60: 30 | G60: 0 | H60: 110 | I60: 11 | K60: 1 | L60: =SUM(C60:K60) -> 153 | M60: =M59+L60 -> 3373 | N60: 152 | O60: 1 | R60: =L60+P60 -> 153
B61: ２月 | C61: 0 | D61: 0 | E61: 0 | F61: 56 | G61: 0 | H61: 20 | I61: 8 | K61: 0 | L61: =SUM(C61:K61) -> 84 | M61: =M60+L61 -> 3457 | N61: 84 | O61: 0 | R61: =L61+P61 -> 84
B62: ３月 | C62: 0 | D62: 0 | E62: 1 | F62: 64 | G62: 0 | H62: 43 | I62: 18 | K62: 0 | L62: =SUM(C62:K62) -> 126 | M62: =M61+L62 -> 3583 | N62: 125 | O62: 1 | R62: =L62+P62 -> 126
B63: ４月 | C63: 0 | D63: 0 | E63: 0 | F63: 0 | G63: 0 | H63: 43 | I63: 78 | K63: 0 | L63: =SUM(C63:K63) -> 121 | M63: =M62+L63 -> 3704 | N63: 121 | O63: 0 | R63: =L63+P63 -> 121
A64: 15年度 | B64: ５月 | C64: 0 | D64: 0 | E64: 0 | F64: 27 | G64: 0 | H64: 42 | I64: 28 | K64: 0 | L64: =SUM(C64:K64) -> 97 | M64: =M63+L64 -> 3801 | N64: 97 | O64: 0 | R64: =L64+P64 -> 97
B65: ６月 | C65: 0 | D65: 0 | E65: 1 | F65: 77 | G65: 0 | H65: 27 | I65: 21 | K65: 0 | L65: =SUM(C65:K65) -> 126 | M65: =M64+L65 -> 3927 | N65: 125 | O65: 1 | R65: =L65+P65 -> 126
B66: ７月 | C66: 0 | D66: 0 | E66: 0 | F66: 65 | G66: 1 | H66: 44 | I66: 39 | K66: 0 | L66: =SUM(C66:K66) -> 149 | M66: =M65+L66 -> 4076 | N66: 148 | O66: 1 | R66: =L66+P66 -> 149
B67: ８月 | C67: 0 | D67: 0 | E67: 0 | F67: 49 | G67: 0 | H67: 65 | I67: 0 | K67: 0 | L67: =SUM(C67:K67) -> 114 | M67: =M66+L67 -> 4190 | N67: 114 | O67: 0 | R67: =L67+P67 -> 114
B68: ９月 | C68: 0 | D68: 0 | E68: 0 | F68: 91 | G68: 0 | H68: 42 | I68: 0 | K68: 1 | L68: =SUM(C68:K68) -> 134 | M68: =M67+L68 -> 4324 | N68: 134 | O68: 0 | R68: =L68+P68 -> 134
A69: 【Ｖ８】 | B69: １０月 | C69: 0 | D69: 0 | E69: 0 | F69: 105 | G69: 0 | H69: 56 | I69: 2 | K69: 0 | L69: =SUM(C69:K69) -> 163 | M69: =M68+L69 -> 4487 | N69: 163 | O69: 0 | R69: =L69+P69 -> 163
A70: =SUM(L64:L75) -> 1878 | B70: １１月 | C70: 0 | D70: 0 | E70: 11 | F70: 33 | G70: 0 | H70: 140 | I70: 6 | K70: 0 | L70: =SUM(C70:K70) -> 190 | M70: =M69+L70 -> 4677 | N70: 179 | O70: 11 | R70: =L70+P70 -> 190
B71: １２月 | C71: 0 | D71: 0 | E71: 23 | F71: 2 | G71: 0 | H71: 167 | I71: 0 | K71: 10 | L71: =SUM(C71:K71) -> 202 | M71: =M70+L71 -> 4879 | N71: 179 | O71: 23 | R71: =L71+P71 -> 202
B72: 16/１月 | C72: 0 | D72: 0 | E72: 7 | F72: 0 | G72: 0 | H72: 149 | I72: 0 | K72: 12 | L72: =SUM(C72:K72) -> 168 | M72: =M71+L72 -> 5047 | N72: 161 | O72: 7 | R72: =L72+P72 -> 168
A73: 【合計】 | B73: ２月 | C73: 0 | D73: 0 | E73: 0 | F73: 0 | G73: 0 | H73: 178 | I73: 0 | K73: 24 | L73: =SUM(C73:K73) -> 202 | M73: =M72+L73 -> 5249 | N73: 202 | O73: 0 | R73: =L73+P73 -> 202
A74: =A66+A70 -> 1878 | B74: ３月 | C74: 0 | D74: 0 | E74: 3 | F74: 13 | G74: 0 | H74: 111 | I74: 0 | K74: 118 | L74: =SUM(C74:K74) -> 245 | M74: =M73+L74 -> 5494 | N74: 242 | O74: 3 | R74: =L74+P74 -> 245
B75: ４月 | C75: 0 | D75: 0 | E75: 0 | F75: 70 | G75: 0 | H75: 17 | I75: 0 | K75: 1 | L75: 88 | M75: =M74+L75 -> 5582 | N75: 88 | O75: 0 | R75: =L75+P75 -> 88
B76: ５月 | C76: 0 | D76: 0 | E76: 1 | F76: 65 | G76: 0 | H76: 20 | I76: 0 | K76: 1 | L76: =SUM(C76:K76) -> 87 | M76: =M75+L76 -> 5669 | N76: 86 | O76: 1 | R76: =L76+P76 -> 87
A77: 16年度 | B77: ６月 | C77: 0 | D77: 0 | E77: 3 | F77: 99 | G77: 0 | H77: 12 | I77: 0 | K77: 2 | L77: =SUM(C77:K77) -> 116 | M77: =M76+L77 -> 5785 | N77: 113 | O77: 3 | R77: =L77+P77 -> 116
B78: ７月 | C78: 0 | D78: 0 | E78: 20 | F78: 50 | G78: 0 | H78: 47 | I78: 0 | K78: 1 | L78: =SUM(C78:K78) -> 118 | M78: =M77+L78 -> 5903 | N78: 98 | O78: 20 | R78: =L78+P78 -> 118
B79: ８月 | C79: 0 | D79: 0 | E79: 6 | F79: 50 | G79: 0 | H79: 21 | I79: 0 | K79: 64 | L79: =SUM(C79:K79) -> 141 | M79: =M78+L79 -> 6044 | N79: 135 | O79: 6 | R79: =L79+P79 -> 141
B80: ９月 | C80: 0 | D80: 0 | E80: 48 | F80: 2 | G80: 0 | H80: 66 | I80: 2 | K80: 53 | L80: =SUM(C80:K80) -> 171 | M80: =M79+L80 -> 6215 | N80: 123 | O80: 48 | R80: =L80+P80 -> 171
A81: 【Ｖ８】 | B81: １０月 | C81: 0 | D81: 0 | E81: 52 | F81: 0 | G81: 0 | H81: 174 | I81: 1 | K81: 6 | L81: =SUM(C81:K81) -> 233 | M81: =M80+L81 -> 6448 | N81: 181 | O81: 52 | R81: =L81+P81 -> 233
A82: =SUM(L76:L87) -> 1993 | B82: １１月 | C82: 0 | D82: 0 | E82: 27 | F82: 0 | G82: 0 | H82: 171 | I82: 8 | K82: 0 | L82: =SUM(C82:K82) -> 206 | M82: =M81+L82 -> 6654 | N82: 179 | O82: 27 | R82: =L82+P82 -> 206
B83: １２月 | C83: 0 | D83: 0 | E83: 61 | F83: 0 | G83: 0 | H83: 115 | I83: 0 | K83: 2 | L83: =SUM(C83:K83) -> 178 | M83: =M82+L83 -> 6832 | N83: =C83+D83+F83+H83+I83+K83 -> 117 | O83: =E83+G83 -> 61 | R83: =L83+P83 -> 178
A84: 【合計】 | B84: 17/１月 | C84: 0 | D84: 0 | E84: 72 | F84: 0 | G84: 0 | H84: 137 | I84: 0 | K84: 0 | L84: 209 | M84: 7041 | N84: =C84+D84+F84+H84+I84+K84 -> 137 | O84: =E84+G84 -> 72 | R84: =L84+P84 -> 209
A85: =A79+A82 -> 1993 | B85: ２月 | C85: 0 | D85: 0 | E85: 92 | F85: 0 | G85: 0 | H85: 125 | I85: 0 | K85: 24 | L85: =SUM(C85:K85) -> 241 | M85: =M84+L85 -> 7282 | N85: =C85+D85+F85+H85+I85+K85 -> 149 | O85: =E85+G85 -> 92 | R85: =L85+P85 -> 241
B86: ３月 | C86: 0 | D86: 0 | E86: 46 | F86: 0 | G86: 0 | H86: 31 | I86: 0 | K86: 101 | L86: =SUM(C86:K86) -> 178 | M86: =M85+L86 -> 7460 | N86: =C86+D86+F86+H86+I86+K86 -> 132 | O86: =E86+G86 -> 46 | R86: =L86+P86 -> 178
B87: ４月 | C87: 0 | D87: 0 | E87: 22 | F87: 26 | G87: 0 | H87: 65 | I87: 2 | K87: 0 | L87: =SUM(C87:K87) -> 115 | M87: =M86+L87 -> 7575 | N87: =C87+D87+F87+H87+I87+K87 -> 93 | O87: =E87+G87 -> 22 | R87: =L87+P87 -> 115
A88: 17年度 | B88: ５月 | C88: 0 | D88: 0 | E88: 3 | F88: 45 | G88: 0 | H88: 46 | I88: 0 | K88: 24 | L88: =SUM(C88:K88) -> 118 | M88: =M87+L88 -> 7693 | N88: =C88+D88+F88+H88+I88+K88 -> 115 | O88: =E88+G88 -> 3 | R88: =L88+P88 -> 118
B89: ６月 | C89: 0 | D89: 0 | E89: 52 | F89: 27 | G89: 0 | H89: 59 | I89: 0 | K89: 64 | L89: =SUM(C89:K89) -> 202 | M89: =M88+L89 -> 7895 | N89: =C89+D89+F89+H89+I89+K89 -> 150 | O89: =E89+G89 -> 52 | R89: =L89+P89 -> 202
B90: ７月 | C90: 0 | D90: 0 | E90: 69 | F90: 50 | G90: 0 | H90: 23 | I90: 0 | K90: 42 | L90: =SUM(C90:K90) -> 184 | M90: =M89+L90 -> 8079 | N90: =C90+D90+F90+H90+I90+K90 -> 115 | O90: =E90+G90 -> 69 | R90: =L90+P90 -> 184
B91: ８月 | C91: 0 | D91: 0 | E91: 60 | F91: 23 | G91: 0 | H91: 26 | I91: 0 | K91: 35 | L91: =SUM(C91:K91) -> 144 | M91: =M90+L91 -> 8223 | N91: =C91+D91+F91+H91+I91+K91 -> 84 | O91: =E91+G91 -> 60 | R91: =L91+P91 -> 144
A92: 【Ｖ８】 | B92: ９月 | C92: 0 | D92: 0 | E92: 33 | F92: 35 | G92: 0 | H92: 90 | I92: 0 | K92: 15 | L92: =SUM(C92:K92) -> 173 | M92: =M91+L92 -> 8396 | N92: =C92+D92+F92+H92+I92+K92 -> 140 | O92: =E92+G92 -> 33 | R92: =L92+P92 -> 173
A93: =SUM(L88:L99) -> 2038 | B93: １０月 | C93: 0 | D93: 0 | E93: 44 | F93: 29 | G93: 0 | H93: 44 | I93: 0 | K93: 32 | L93: =SUM(C93:K93) -> 149 | M93: =M92+L93 -> 8545 | N93: =C93+D93+F93+H93+I93+K93 -> 105 | O93: =E93+G93 -> 44 | R93: =L93+P93 -> 149
B94: １１月 | C94: 0 | D94: 0 | E94: 0 | F94: 33 | G94: 0 | H94: 99 | I94: 2 | K94: 4 | L94: =SUM(C94:K94) -> 138 | M94: =M93+L94 -> 8683 | N94: =C94+D94+F94+H94+I94+K94+J94 -> 138 | O94: =E94+G94 -> 0 | R94: =L94+P94 -> 138
B95: １２月 | C95: 0 | D95: 0 | E95: 42 | F95: 2 | G95: 0 | H95: 88 | I95: 2 | K95: 25 | L95: =SUM(C95:K95) -> 159 | M95: =M94+L95 -> 8842 | N95: =C95+D95+F95+H95+I95+K95+J95 -> 117 | O95: =E95+G95 -> 42 | R95: =L95+P95 -> 159
A96: 【合計】 | B96: 18/１月 | C96: 0 | D96: 0 | E96: 11 | F96: 0 | G96: 0 | H96: 103 | I96: 1 | J96: 0 | K96: 67 | L96: =SUM(C96:K96) -> 182 | M96: =M95+L96 -> 9024 | N96: =C96+D96+F96+H96+I96+K96+J96 -> 171 | O96: =E96+G96 -> 11 | R96: =L96+P96 -> 182
A97: =A90+A93 -> 2038 | B97: ２月 | C97: 0 | D97: 0 | E97: 2 | F97: 5 | G97: 0 | H97: 195 | I97: 3 | J97: 0 | K97: 35 | L97: =SUM(C97:K97) -> 240 | M97: =M96+L97 -> 9264 | N97: =C97+D97+F97+H97+I97+K97+J97 -> 238 | O97: =E97+G97 -> 2 | R97: =L97+P97 -> 240
B98: ３月 | C98: 0 | D98: 0 | E98: 0 | F98: 5 | G98: 0 | H98: 71 | I98: 18 | J98: 0 | K98: 61 | L98: =SUM(C98:K98) -> 155 | M98: =M97+L98 -> 9419 | N98: =C98+D98+F98+H98+I98+K98+J98 -> 155 | O98: =E98+G98 -> 0 | R98: =L98+P98 -> 155
B99: ４月 | C99: 0 | D99: 0 | E99: 0 | F99: 87 | G99: 0 | H99: 65 | I99: 7 | J99: 35 | K99: 0 | L99: =SUM(C99:K99) -> 194 | M99: =M98+L99 -> 9613 | N99: =C99+D99+F99+H99+I99+K99+J99 -> 194 | O99: =E99+G99 -> 0 | R99: =L99+P99 -> 194
A100: 18年度 | B100: ５月 | C100: 0 | D100: 0 | E100: 2 | F100: 33 | G100: 0 | H100: 23 | I100: 30 | J100: 123 | K100: 9 | L100: =SUM(C100:K100) -> 220 | M100: =M99+L100 -> 9833 | N100: =C100+D100+F100+H100+I100+K100+J100 -> 218 | O100: =E100+G100 -> 2 | R100: =L100+P100 -> 220
...

Sheet Sheet2
A3: 行ラベル | B3: 合計 / LAA101Q | C3: 合計 / LAF001Q | D3: 合計 / LAF002Q | E3: 合計 / LAF003Q | F3: 合計 / LAG001Q | G3: 合計 / LAG002Q | H3: 合計 / LAE101Q | I3: 合計 / LAE102Q | J3: 合計 / LAE201Q | K3: 合計 / LBL001Q | L3: 合計 / LBL002Q | M3: 合計 / LAL001Q | N3: 合計 / LAN001Q | O3: 合計 / LAN002Q | P3: 合計 / LCN001Q | Q3: 合計 / LAC001Q | R3: 合計 / LAC002Q | S3: 合計 / LCC001Q | T3: 合計 / LCC002Q | U3: 合計 / LAD001Q | V3: 合計 / LAD002Q | W3: 合計 / LCD001Q | X3: 合計 / LCD002Q | Y3: 合計 / LAH001Q | Z3: 合計 / 新LAA001Q | AA3: 合計 / 新LAＦ001Q | AB3: 合計 / 新LAＧ001Q | AC3: 合計 / 新LAＥ001Q | AD3: 合計 / 新LAL001Q | AE3: 合計 / 新LAN001Q | AF3: 合計 / 新LAC001Q | AG3: 合計 / 新LAD001Q | AH3: 合計 / 新LAH001Q
A4: 25/12 | B4: 6 | C4: 6 | D4: 0 | E4: 0 | F4: 6 | G4: 0 | H4: 6 | I4: 0 | J4: 0 | K4: 0 | L4: 4 | M4: 2 | N4: 6 | O4: 0 | P4: 0 | Q4: 6 | R4: 0 | S4: 0 | T4: 0 | U4: 6 | V4: 0 | W4: 0 | X4: 0 | Y4: 6 | Z4: 0 | AA4: 0 | AB4: 0 | AC4: 0 | AD4: 0 | AE4: 0 | AF4: 0 | AG4: 0 | AH4: 0
A5: 26/01 | B5: 60 | C5: 41 | D5: 0 | E5: 0 | F5: 64 | G5: 0 | H5: 31 | I5: 2 | J5: 8 | K5: 5 | L5: 19 | M5: 17 | N5: 29 | O5: 0 | P5: 8 | Q5: 29 | R5: 0 | S5: 0 | T5: 8 | U5: 42 | V5: 0 | W5: 0 | X5: 8 | Y5: 36 | Z5: 61 | AA5: 61 | AB5: 61 | AC5: 61 | AD5: 61 | AE5: 64 | AF5: 61 | AG5: 61 | AH5: 11
A6: 26/02 | B6: 9 | C6: 8 | D6: 0 | E6: 0 | F6: 54 | G6: 0 | H6: 6 | I6: 2 | J6: 1 | K6: 0 | L6: 9 | M6: 2 | N6: 5 | O6: 0 | P6: 1 | Q6: 11 | R6: 0 | S6: 0 | T6: 1 | U6: 9 | V6: 0 | W6: 0 | X6: 1 | Y6: 6 | Z6: 25 | AA6: 30 | AB6: 25 | AC6: 25 | AD6: 25 | AE6: 31 | AF6: 33 | AG6: 30 | AH6: 8
A7: 26/03 | B7: 18 | C7: 16 | D7: 0 | E7: 0 | F7: 18 | G7: 0 | H7: 7 | I7: 5 | J7: 4 | K7: 0 | L7: 9 | M7: 7 | N7: 12 | O7: 0 | P7: 4 | Q7: 12 | R7: 0 | S7: 0 | T7: 4 | U7: 12 | V7: 0 | W7: 0 | X7: 4 | Y7: 16 | Z7: 14 | AA7: 14 | AB7: 14 | AC7: 14 | AD7: 14 | AE7: 14 | AF7: 14 | AG7: 14 | AH7: 14
A8: 26/04 | B8: 13 | C8: 13 | D8: 0 | E8: 0 | F8: 13 | G8: 0 | H8: 1 | I8: 7 | J8: 5 | K8: 0 | L8: 13 | M8: 0 | N8: 8 | O8: 0 | P8: 5 | Q8: 8 | R8: 0 | S8: 0 | T8: 5 | U8: 8 | V8: 0 | W8: 0 | X8: 5 | Y8: 13 | Z8: 68 | AA8: 68 | AB8: 68 | AC8: 68 | AD8: 68 | AE8: 68 | AF8: 68 | AG8: 68 | AH8: 68
A9: 26/05 | B9: 33 | C9: 33 | D9: 0 | E9: 0 | F9: 33 | G9: 0 | H9: 30 | I9: 3 | J9: 0 | K9: 9 | L9: 3 | M9: 21 | N9: 28 | O9: 0 | P9: 5 | Q9: 28 | R9: 0 | S9: 0 | T9: 5 | U9: 28 | V9: 0 | W9: 0 | X9: 5 | Y9: 33 | Z9: 104 | AA9: 104 | AB9: 104 | AC9: 104 | AD9: 104 | AE9: 104 | AF9: 104 | AG9: 104 | AH9: 104
A10: 26/06 | B10: 35 | C10: 35 | D10: 0 | E10: 0 | F10: 35 | G10: 0 | H10: 32 | I10: 3 | J10: 0 | K10: 16 | L10: 3 | M10: 16 | N10: 35 | O10: 0 | P10: 0 | Q10: 35 | R10: 0 | S10: 0 | T10: 0 | U10: 35 | V10: 0 | W10: 0 | X10: 0 | Y10: 35 | Z10: 138 | AA10: 138 | AB10: 138 | AC10: 138 | AD10: 138 | AE10: 138 | AF10: 138 | AG10: 138 | AH10: 138
A11: 26/07 | B11: 7 | C11: 7 | D11: 0 | E11: 0 | F11: 7 | G11: 0 | H11: 2 | I11: 5 | J11: 0 | K11: 0 | L11: 5 | M11: 2 | N11: 7 | O11: 0 | P11: 0 | Q11: 7 | R11: 0 | S11: 0 | T11: 0 | U11: 7 | V11: 0 | W11: 0 | X11: 0 | Y11: 7 | Z11: 91 | AA11: 91 | AB11: 91 | AC11: 91 | AD11: 91 | AE11: 91 | AF11: 91 | AG11: 91 | AH11: 91
A12: 26/08 | B12: 35 | C12: 35 | D12: 0 | E12: 0 | F12: 35 | G12: 0 | H12: 15 | I12: 12 | J12: 8 | K12: 0 | L12: 26 | M12: 9 | N12: 27 | O12: 0 | P12: 8 | Q12: 27 | R12: 0 | S12: 0 | T12: 8 | U12: 27 | V12: 0 | W12: 0 | X12: 8 | Y12: 35 | Z12: 163 | AA12: 163 | AB12: 163 | AC12: 163 | AD12: 163 | AE12: 163 | AF12: 163 | AG12: 163 | AH12: 163
A13: 26/09 | B13: 20 | C13: 20 | D13: 0 | E13: 0 | F13: 20 | G13: 0 | H13: 16 | I13: 4 | J13: 0 | K13: 0 | L13: 4 | M13: 16 | N13: 20 | O13: 0 | P13: 0 | Q13: 20 | R13: 0 | S13: 0 | T13: 0 | U13: 20 | V13: 0 | W13: 0 | X13: 0 | Y13: 20 | Z13: 131 | AA13: 131 | AB13: 131 | AC13: 131 | AD13: 131 | AE13: 131 | AF13: 131 | AG13: 131 | AH13: 90
A14: 26/10 | B14: 39 | C14: 39 | D14: 0 | E14: 0 | F14: 39 | G14: 0 | H14: 39 | I14: 0 | J14: 0 | K14: 0 | L14: 10 | M14: 29 | N14: 27 | O14: 0 | P14: 12 | Q14: 27 | R14: 0 | S14: 0 | T14: 12 | U14: 27 | V14: 0 | W14: 0 | X14: 12 | Y14: 39 | Z14: 90 | AA14: 90 | AB14: 90 | AC14: 90 | AD14: 90 | AE14: 90 | AF14: 90 | AG14: 90 | AH14: 90
A15: 26/11 | B15: 32 | C15: 32 | D15: 0 | E15: 0 | F15: 32 | G15: 0 | H15: 32 | I15: 0 | J15: 0 | K15: 0 | L15: 10 | M15: 22 | N15: 32 | O15: 0 | P15: 0 | Q15: 32 | R15: 0 | S15: 0 | T15: 0 | U15: 32 | V15: 0 | W15: 0 | X15: 0 | Y15: 32 | Z15: 135 | AA15: 135 | AB15: 135 | AC15: 135 | AD15: 135 | AE15: 135 | AF15: 135 | AG15: 135 | AH15: 85
... A21: 総計 | B21: 527 | C21: 505 | D21: 0 | E21: 0 | F21: 576 | G21: 0 | H21: 435 | I21: 45 | J21: 26 | K21: 30 | L21: 241 | M21: 237 | N21: 441 | O21: 0 | P21: 58 | Q21: 447 | R21: 0 | S21: 0 | T21: 58 | U21: 458 | V21: 0 | W21: 0 | X21: 58 | Y21: 498 | Z21: 1195 | AA21: 1200 | AB21: 1195 | AC21: 1195 | AD21: 1195 | AE21: 1204 | AF21: 1203 | AG21: 1200 | AH21: 987

Sheet 日程表
BO1: 合計数量→ | BP1: =SUM(BP5:BP410) -> 527 | BQ1: =SUM(BQ5:BQ410) -> 505 | BR1: =SUM(BR5:BR410) -> 0 | BS1: =SUM(BS5:BS410) -> 0 | BT1: =SUM(BT5:BT410) -> 576 | BU1: =SUM(BU5:BU410) -> 0 | BV1: =SUM(BV5:BV410) -> 435 | BW1: =SUM(BW5:BW410) -> 45 | ... CV1: =SUM(CV5:CV410) -> 987
B3: 1 | C3: 2 | D3: 3 | E3: 4 | F3: 5 | G3: 6 | H3: 7 | I3: 8 | J3: 9 | K3: 10 | L3: 11 | M3: 12 | N3: 13 | O3: 14 | P3: 15 | Q3: 16 | R3: 17 | S3: 18 | T3: 19 | U3: 20 | V3: 21 | W3: 22 | X3: 23 | Y3: 24 | Z3: 25 | AA3: 26 | AB3: 27 | AC3: 28 | AD3: 29 | AE3: 30 | AF3: 31 | AG3: 32 | AH3: 33 | AI3: V8P/S2 | AJ3: V8P/S3 | AK3: V8P/S4 | AL3: V8P/S5 | AM3: V8P/S6 | AN3: V8P/S7 | AO3: V8P/S8 | AP3: V8P/S9 | AQ3: V8P/S10 | AR3: V8P/S11 | AS3: V8P/S12 | AT3: V8P/S13 | AU3: V8P/S14 | AV3: V8P/S15 | AW3: V8P/S16 | AX3: V8P/S17 | AY3: V8P/S18 | AZ3: V8P/S19 | BA3: V8P/S20 | BB3: V8P/S21 | BC3: V8P/S22 | BD3: V8P/S23 | BE3: V8P/S24 | BF3: V8P/S34 | BG3: V9P/S2 | BH3: V9P/S3 | BI3: V9P/S4 | BJ3: V9P/S5 | BK3: V9P/S6 | BL3: V9P/S7 | BM3: V9P/S8 | BN3: V9P/S9 | BO3: V9P/S10 | BP3: V8 QYT | BQ3: V8 QYT | BR3: V8 QYT | BS3: V8 QYT | BT3: V8 QYT | BU3: V8 QYT | BV3: V8 QYT | BW3: V8 QYT | BX3: V8 QYT | BY3: V8 QYT | BZ3: V8 QYT | CA3: V8 QYT | CB3: V8 QYT | CC3: V8 QYT | CD3: V8 QYT | CE3: V8 QYT | CF3: V8 QYT | CG3: V8 QYT | CH3: V8 QYT | CI3: V8 QYT | CJ3: V8 QYT | CK3: V8 QYT | CL3: V8 QYT | CM3: V8 QYT | CN3: Ｖ９ QYT | CO3: Ｖ９ QYT | CP3: Ｖ９ QYT | CQ3: Ｖ９ QYT | CR3: Ｖ９ QYT | CS3: Ｖ９ QYT | CT3: Ｖ９ QYT | CU3: Ｖ９ QYT | CV3: Ｖ９ QYT
A4: № | B4: 生産計画№ | C4: 客先名 | D4: 駅名 | E4: コーナー | F4: 機種名 | G4: 型式 | H4: 機器品番 | I4: 属性 | J4: 正式 品番 | K4: 追加 仕様 | L4: 数量 | M4: 順序指示 発行日 | N4: 光真ss 出荷日 | O4: M/C 着手日 | P4: 機器 ﾘﾘｰｽ日 | Q4: 実出荷 | R4: KP-No | S4: BH型式 TYPE | T4: V7ｶｾｯﾄ 品番 | U4: MODEL | V4: shipment month | W4: T-No | X4: V７号機 | Y4: V8-LAZ 型式 | Z4: V8-LAY 型式 | AA4: Z002 号機 | AB4: Z003 号機 | AC4: Z004 号機 | AD4: Z101 号機 | AE4: Z102 号機 | AF4: Z103 号機 | AG4: Z201 号機 | AH4: 備考 | AI4: LAA101 | AJ4: LAF001 | AK4: LAF002 | AL4: LAF003 | AM4: LAG001 | AN4: LAG002 | AO4: LAE101 | AP4: LAE102 | AQ4: LAE201 | AR4: LBL001 | AS4: LBL002 | AT4: LAL001 | AU4: LAN001 | AV4: LAN002 | AW4: LCN001 | AX4: LAC001 | AY4: LAC002 | AZ4: LCC001 | BA4: LCC002 | BB4: LAD001 | BC4: LAD002 | BD4: LCD001 | BE4: LCD002 | BF4: LAH001 | BG4: LAA001 | BH4: LAF001 | BI4: LAG001 | BJ4: LAE001 | BK4: LAL001 | BL4: LAN001 | BM4: LAC001 | BN4: LAD001 | BO4: LAH001 | BP4: LAA101Q | BQ4: LAF001Q | BR4: LAF002Q | BS4: LAF003Q | BT4: LAG001Q | BU4: LAG002Q | BV4: LAE101Q | BW4: LAE102Q | BX4: LAE201Q | BY4: LBL001Q | BZ4: LBL002Q | CA4: LAL001Q | CB4: LAN001Q | CC4: LAN002Q | CD4: LCN001Q | CE4: LAC001Q | CF4: LAC002Q | CG4: LCC001Q | CH4: LCC002Q | CI4: LAD001Q | CJ4: LAD002Q | CK4: LCD001Q | CL4: LCD002Q | CM4: LAH001Q | CN4: 新LAA001Q | CO4: 新LAＦ001Q | CP4: 新LAＧ001Q | CQ4: 新LAＥ001Q | CR4: 新LAL001Q | CS4: 新LAN001Q | CT4: 新LAC001Q | CU4: 新LAD001Q | CV4: 新LAH001Q
A5: 31 | B5: 000377924 | C5: 南海 | D5: 新今宮 | E5: ４F | F5: 南海V8EXV | G5: 3S2EU-FBP-1001 | H5: 2800681-5 | I5: 機器 | J5: 1 | K5: 回転台 | L5: 1 | M5: 45995 | N5: 46007 | O5: 46006 | P5: 46009 | R5: VV-26749 | S5: VU-LB106 | U5: V8 | V5: =TEXT(N5,"YY/MM") -> 25/12 | W5: 21326 | Y5: LAZ101 | Z5: LAY001 | AD5: 8201 | AI5: 1 | AJ5: 1 | AK5: 0 | AL5: 0 | AM5: 1 | AN5: 0 | AO5: 1 | AP5: 0 | AQ5: 0 | AR5: 0 | AS5: 1 | AT5: 0 | AU5: 1 | AV5: 0 | AW5: 0 | AX5: 1 | AY5: 0 | AZ5: 0 | BA5: 0 | BB5: 1 | BC5: 0 | BD5: 0 | BE5: 0 | BF5: 1 | BG5: 0 | BH5: 0 | BI5: 0 | BJ5: 0 | BK5: 0 | BL5: 0 | BM5: 0 | BN5: 0 | BO5: 0 | BP5: =$L5*AI5 -> 1 | BQ5: =$L5*AJ5 -> 1 | BR5: =$L5*AK5 -> 0 | BS5: =$L5*AL5 -> 0 | BT5: =$L5*AM5 -> 1 | BU5: =$L5*AN5 -> 0 | BV5: =$L5*AO5 -> 1 | BW5: =$L5*AP5 -> 0 | ... CV5: =$L5*BO5 -> 0
A6: 25 | B6: 000391729 | C6: N社（Ｎ） | E6: VU-LA007 | F6: V8-4BH | G6: VU-LA007 | H6: 3251849-9 | I6: 単体 | J6: 1 | L6: 1 | M6: 45999 | N6: 46009 | O6: 46008 | P6: 46008 | R6: MC-51692 | S6: VU-LA007 | U6: V8 | V6: =TEXT(N6,"YY/MM") -> 25/12 | W6: 21328 | Y6: LAZ002 | Z6: LAY002 | AA6: 3217 | AI6: 1 | AJ6: 1 | AK6: 0 | AL6: 0 | AM6: 1 | AN6: 0 | AO6: 1 | AP6: 0 | AQ6: 0 | AR6: 0 | AS6: 0 | AT6: 1 | AU6: 1 | AV6: 0 | AW6: 0 | AX6: 1 | AY6: 0 | AZ6: 0 | BA6: 0 | BB6: 1 | BC6: 0 | BD6: 0 | BE6: 0 | BF6: 1 | BG6: 0 | BH6: 0 | BI6: 0 | BJ6: 0 | BK6: 0 | BL6: 0 | BM6: 0 | BN6: 0 | BO6: 0 | BP6: =$L6*AI6 -> 1 | BQ6: =$L6*AJ6 -> 1 | BR6: =$L6*AK6 -> 0 | BS6: =$L6*AL6 -> 0 | BT6: =$L6*AM6 -> 1 | BU6: =$L6*AN6 -> 0 | BV6: =$L6*AO6 -> 1 | BW6: =$L6*AP6 -> 0 | ... CV6: =$L6*BO6 -> 0
A7: 43 | B7: 000378623 | C7: 小田急 | D7: 本鵠沼 | E7: 西口 | F7: 小田急V8EXV | G7: 3S2EU-FFP-1001 | H7: 2841859-5 | I7: 機器 | J7: 1 | K7: ｽﾀﾝﾄﾞ | L7: 1 | M7: 46000 | N7: 46010 | O7: 46009 | P7: 46014 | R7: VV-26755 | S7: VU-LA012 | U7: V8 | V7: =TEXT(N7,"YY/MM") -> 25/12 | W7: 21330 | Y7: LAZ101 | Z7: LAY001 | AD7: 8202 | AI7: 1 | AJ7: 1 | AK7: 0 | AL7: 0 | AM7: 1 | AN7: 0 | AO7: 1 | AP7: 0 | AQ7: 0 | AR7: 0 | AS7: 0 | AT7: 1 | AU7: 1 | AV7: 0 | AW7: 0 | AX7: 1 | AY7: 0 | AZ7: 0 | BA7: 0 | BB7: 1 | BC7: 0 | BD7: 0 | BE7: 0 | BF7: 1 | BG7: 0 | BH7: 0 | BI7: 0 | BJ7: 0 | BK7: 0 | BL7: 0 | BM7: 0 | BN7: 0 | BO7: 0 | BP7: =$L7*AI7 -> 1 | BQ7: =$L7*AJ7 -> 1 | BR7: =$L7*AK7 -> 0 | BS7: =$L7*AL7 -> 0 | BT7: =$L7*AM7 -> 1 | BU7: =$L7*AN7 -> 0 | BV7: =$L7*AO7 -> 1 | BW7: =$L7*AP7 -> 0 | ... CV7: =$L7*BO7 -> 0
A8: 52 | B8: 000377925 | C8: 南海 | D8: 天下茶屋 | F8: 南海V8EXV | G8: 3S2EU-FBP-1001 | H8: 2800681-5 | I8: 機器 | J8: 1 | K8: 回転台 | L8: 1 | M8: 46002 | N8: 46014 | O8: 46013 | P8: 46016 | R8: VV-26760 | S8: VU-LB106 | U8: V8 | V8: =TEXT(N8,"YY/MM") -> 25/12 | W8: 21331 | Y8: LAZ101 | Z8: LAY001 | AD8: 8203 | AI8: 1 | AJ8: 1 | AK8: 0 | AL8: 0 | AM8: 1 | AN8: 0 | AO8: 1 | AP8: 0 | AQ8: 0 | AR8: 0 | AS8: 1 | AT8: 0 | AU8: 1 | AV8: 0 | AW8: 0 | AX8: 1 | AY8: 0 | AZ8: 0 | BA8: 0 | BB8: 1 | BC8: 0 | BD8: 0 | BE8: 0 | BF8: 1 | BG8: 0 | BH8: 0 | BI8: 0 | BJ8: 0 | BK8: 0 | BL8: 0 | BM8: 0 | BN8: 0 | BO8: 0 | BP8: =$L8*AI8 -> 1 | BQ8: =$L8*AJ8 -> 1 | BR8: =$L8*AK8 -> 0 | BS8: =$L8*AL8 -> 0 | BT8: =$L8*AM8 -> 1 | BU8: =$L8*AN8 -> 0 | BV8: =$L8*AO8 -> 1 | BW8: =$L8*AP8 -> 0 | ... CV8: =$L8*BO8 -> 0
A9: 56 | B9: 000381123 | C9: 南海 | D9: 萩ノ茶屋 | F9: 南海V8 | G9: 3S2VU-FBP-0003 | H9: 3690047-9 | I9: 機器 | J9: 1 | L9: 1 | M9: 46003 | N9: 46015 | O9: 46014 | P9: 46017 | R9: VV-26763 | S9: VU-LB106 | U9: V8 | V9: =TEXT(N9,"YY/MM") -> 25/12 | W9: 21332 | Y9: LAZ101 | Z9: LAY001 | AD9: 8204 | AI9: 1 | AJ9: 1 | AK9: 0 | AL9: 0 | AM9: 1 | AN9: 0 | AO9: 1 | AP9: 0 | AQ9: 0 | AR9: 0 | AS9: 1 | AT9: 0 | AU9: 1 | AV9: 0 | AW9: 0 | AX9: 1 | AY9: 0 | AZ9: 0 | BA9: 0 | BB9: 1 | BC9: 0 | BD9: 0 | BE9: 0 | BF9: 1 | BG9: 0 | BH9: 0 | BI9: 0 | BJ9: 0 | BK9: 0 | BL9: 0 | BM9: 0 | BN9: 0 | BO9: 0 | BP9: =$L9*AI9 -> 1 | BQ9: =$L9*AJ9 -> 1 | BR9: =$L9*AK9 -> 0 | BS9: =$L9*AL9 -> 0 | BT9: =$L9*AM9 -> 1 | BU9: =$L9*AN9 -> 0 | BV9: =$L9*AO9 -> 1 | BW9: =$L9*AP9 -> 0 | ... CV9: =$L9*BO9 -> 0
A10: 57 | B10: 000381124 | C10: 南海 | D10: 粉浜 | F10: 南海V8 | G10: 3S2VU-FBP-0003 | H10: 3690047-9 | I10: 機器 | J10: 1 | L10: 1 | M10: 46003 | N10: 46015 | O10: 46014 | P10: 46017 | R10: VV-26764 | S10: VU-LB106 | U10: V8 | V10: =TEXT(N10,"YY/MM") -> 25/12 | W10: 21333 | Y10: LAZ101 | Z10: LAY001 | AD10: 8205 | AI10: 1 | AJ10: 1 | AK10: 0 | AL10: 0 | AM10: 1 | AN10: 0 | AO10: 1 | AP10: 0 | AQ10: 0 | AR10: 0 | AS10: 1 | AT10: 0 | AU10: 1 | AV10: 0 | AW10: 0 | AX10: 1 | AY10: 0 | AZ10: 0 | BA10: 0 | BB10: 1 | BC10: 0 | BD10: 0 | BE10: 0 | BF10: 1 | BG10: 0 | BH10: 0 | BI10: 0 | BJ10: 0 | BK10: 0 | BL10: 0 | BM10: 0 | BN10: 0 | BO10: 0 | BP10: =$L10*AI10 -> 1 | BQ10: =$L10*AJ10 -> 1 | BR10: =$L10*AK10 -> 0 | BS10: =$L10*AL10 -> 0 | BT10: =$L10*AM10 -> 1 | BU10: =$L10*AN10 -> 0 | BV10: =$L10*AO10 -> 1 | BW10: =$L10*AP10 -> 0 | ... CV10: =$L10*BO10 -> 0
A11: 75 | B11: 000385490 | C11: 設計設備 | D11: 下諏訪(本屋)駅設定 | F11: JR東EX20総（V） | G11: 3S2EU-RBP-0001 | H11: 5647075-6 | I11: 機器 | J11: 0 | L11: 1 | M11: 46008 | N11: 46027 | O11: 46017 | P11: 46029 | R11: VV-26775 | S11: VU-LD091 | U11: V8 | V11: =TEXT(N11,"YY/MM") -> 26/01 | W11: 21334 | Y11: LAZ201 | Z11: LAY001 | AG11: 3524 | AI11: 1 | AJ11: 1 | AK11: 0 | AL11: 0 | AM11: 1 | AN11: 0 | AO11: 0 | AP11: 0 | AQ11: 1 | AR11: 0 | AS11: 1 | AT11: 0 | AU11: 0 | AV11: 0 | AW11: 1 | AX11: 0 | AY11: 0 | AZ11: 0 | BA11: 1 | BB11: 0 | BC11: 0 | BD11: 0 | BE11: 1 | BF11: 1 | BG11: 0 | BH11: 0 | BI11: 0 | BJ11: 0 | BK11: 0 | BL11: 0 | BM11: 0 | BN11: 0 | BO11: 0 | BP11: =$L11*AI11 -> 1 | BQ11: =$L11*AJ11 -> 1 | BR11: =$L11*AK11 -> 0 | BS11: =$L11*AL11 -> 0 | BT11: =$L11*AM11 -> 1 | BU11: =$L11*AN11 -> 0 | BV11: =$L11*AO11 -> 0 | BW11: =$L11*AP11 -> 0 | ... CV11: =$L11*BO11 -> 0
A12: 80 | B12: 000393963 | C12: 設計設備 | D12: 下諏訪(本屋)駅設定 | F12: JR東EX20総（V） | G12: 3S2EU-RBP-0001 | H12: 5647075-6 | I12: 機器 | J12: 0 | L12: 1 | M12: 46009 | N12: 46028 | O12: 46027 | P12: 46030 | R12: VV-26777 | S12: VU-LD091 | U12: V8 | V12: =TEXT(N12,"YY/MM") -> 26/01 | W12: 21335 | Y12: LAZ201 | Z12: LAY001 | AG12: 3525 | AI12: 1 | AJ12: 1 | AK12: 0 | AL12: 0 | AM12: 1 | AN12: 0 | AO12: 0 | AP12: 0 | AQ12: 1 | AR12: 0 | AS12: 1 | AT12: 0 | AU12: 0 | AV12: 0 | AW12: 1 | AX12: 0 | AY12: 0 | AZ12: 0 | BA12: 1 | BB12: 0 | BC12: 0 | BD12: 0 | BE12: 1 | BF12: 1 | BG12: 0 | BH12: 0 | BI12: 0 | BJ12: 0 | BK12: 0 | BL12: 0 | BM12: 0 | BN12: 0 | BO12: 0 | BP12: =$L12*AI12 -> 1 | BQ12: =$L12*AJ12 -> 1 | BR12: =$L12*AK12 -> 0 | BS12: =$L12*AL12 -> 0 | BT12: =$L12*AM12 -> 1 | BU12: =$L12*AN12 -> 0 | BV12: =$L12*AO12 -> 0 | BW12: =$L12*AP12 -> 0 | ... CV12: =$L12*BO12 -> 0
A13: 88 | B13: 000393965 | C13: JREM | D13: 天王洲アイル | E13: 南 | F13: 東モノEX20総（V） | G13: 3S2EU-KRP-0001 | H13: 5821604-0 | I13: 機器 | J13: 1 | K13: めこみ | L13: 1 | M13: 46013 | N13: 46030 | O13: 46029 | P13: 46035 | R13: VV-26782 | S13: VU-LD091 | U13: V8 | V13: =TEXT(N13,"YY/MM") -> 26/01 | W13: 21336 | Y13: LAZ201 | Z13: LAY001 | AG13: 3526 | AI13: 1 | AJ13: 1 | AK13: 0 | AL13: 0 | AM13: 1 | AN13: 0 | AO13: 0 | AP13: 0 | AQ13: 1 | AR13: 0 | AS13: 1 | AT13: 0 | AU13: 0 | AV13: 0 | AW13: 1 | AX13: 0 | AY13: 0 | AZ13: 0 | BA13: 1 | BB13: 0 | BC13: 0 | BD13: 0 | BE13: 1 | BF13: 1 | BG13: 0 | BH13: 0 | BI13: 0 | BJ13: 0 | BK13: 0 | BL13: 0 | BM13: 0 | BN13: 0 | BO13: 0 | BP13: =$L13*AI13 -> 1 | BQ13: =$L13*AJ13 -> 1 | BR13: =$L13*AK13 -> 0 | BS13: =$L13*AL13 -> 0 | BT13: =$L13*AM13 -> 1 | BU13: =$L13*AN13 -> 0 | BV13: =$L13*AO13 -> 0 | BW13: =$L13*AP13 -> 0 | ... CV13: =$L13*BO13 -> 0
A14: 89 | B14: 000393967 | C14: JREM | D14: 天空橋 | E14: HiCity | F14: 東モノEX20総（V） | G14: 3S2EU-KRP-0001 | H14: 5821604-0 | I14: 機器 | J14: 1 | K14: めこみ | L14: 1 | M14: 46013 | N14: 46030 | O14: 46029 | P14: 46035 | R14: VV-26783 | S14: VU-LD091 | U14: V8 | V14: =TEXT(N14,"YY/MM") -> 26/01 | W14: 21337 | Y14: LAZ201 | Z14: LAY001 | AG14: 3527 | AI14: 1 | AJ14: 1 | AK14: 0 | AL14: 0 | AM14: 1 | AN14: 0 | AO14: 0 | AP14: 0 | AQ14: 1 | AR14: 0 | AS14: 1 | AT14: 0 | AU14: 0 | AV14: 0 | AW14: 1 | AX14: 0 | AY14: 0 | AZ14: 0 | BA14: 1 | BB14: 0 | BC14: 0 | BD14: 0 | BE14: 1 | BF14: 1 | BG14: 0 | BH14: 0 | BI14: 0 | BJ14: 0 | BK14: 0 | BL14: 0 | BM14: 0 | BN14: 0 | BO14: 0 | BP14: =$L14*AI14 -> 1 | BQ14: =$L14*AJ14 -> 1 | BR14: =$L14*AK14 -> 0 | BS14: =$L14*AL14 -> 0 | BT14: =$L14*AM14 -> 1 | BU14: =$L14*AN14 -> 0 | BV14: =$L14*AO14 -> 0 | BW14: =$L14*AP14 -> 0 | ... CV14: =$L14*BO14 -> 0
A15: 94 | B15: 000371187 | C15: JREM | D15: 天王洲アイル | E15: 中央 | F15: 東モノEX20総（V） | G15: 3S2EU-KRP-1001 | H15: 5833401-9 | I15: 機器 | J15: 1 | K15: 回転台 | L15: 1 | M15: 46014 | N15: 46031 | O15: 46030 | P15: 46036 | R15: VV-26786 | S15: VU-LD091 | U15: V8 | V15: =TEXT(N15,"YY/MM") -> 26/01 | W15: 21338 | Y15: LAZ201 | Z15: LAY001 | AG15: 3528 | AI15: 1 | AJ15: 1 | AK15: 0 | AL15: 0 | AM15: 1 | AN15: 0 | AO15: 0 | AP15: 0 | AQ15: 1 | AR15: 0 | AS15: 1 | AT15: 0 | AU15: 0 | AV15: 0 | AW15: 1 | AX15: 0 | AY15: 0 | AZ15: 0 | BA15: 1 | BB15: 0 | BC15: 0 | BD15: 0 | BE15: 1 | BF15: 1 | BG15: 0 | BH15: 0 | BI15: 0 | BJ15: 0 | BK15: 0 | BL15: 0 | BM15: 0 | BN15: 0 | BO15: 0 | BP15: =$L15*AI15 -> 1 | BQ15: =$L15*AJ15 -> 1 | BR15: =$L15*AK15 -> 0 | BS15: =$L15*AL15 -> 0 | BT15: =$L15*AM15 -> 1 | BU15: =$L15*AN15 -> 0 | BV15: =$L15*AO15 -> 0 | BW15: =$L15*AP15 -> 0 | ... CV15: =$L15*BO15 -> 0
A16: 95 | B16: 000393964 | C16: JREM | D16: 天空橋 | E16: 本屋 | F16: 東モノEX20総（V） | G16: 3S2EU-KRP-1001 | H16: 5833401-9 | I16: 機器 | J16: 1 | K16: 回転台 | L16: 1 | M16: 46014 | N16: 46031 | O16: 46030 | P16: 46036 | R16: VV-26787 | S16: VU-LD091 | U16: V8 | V16: =TEXT(N16,"YY/MM") -> 26/01 | W16: 21339 | Y16: LAZ201 | Z16: LAY001 | AG16: 3529 | AI16: 1 | AJ16: 1 | AK16: 0 | AL16: 0 | AM16: 1 | AN16: 0 | AO16: 0 | AP16: 0 | AQ16: 1 | AR16: 0 | AS16: 1 | AT16: 0 | AU16: 0 | AV16: 0 | AW16: 1 | AX16: 0 | AY16: 0 | AZ16: 0 | BA16: 1 | BB16: 0 | BC16: 0 | BD16: 0 | BE16: 1 | BF16: 1 | BG16: 0 | BH16: 0 | BI16: 0 | BJ16: 0 | BK16: 0 | BL16: 0 | BM16: 0 | BN16: 0 | BO16: 0 | BP16: =$L16*AI16 -> 1 | BQ16: =$L16*AJ16 -> 1 | BR16: =$L16*AK16 -> 0 | BS16: =$L16*AL16 -> 0 | BT16: =$L16*AM16 -> 1 | BU16: =$L16*AN16 -> 0 | BV16: =$L16*AO16 -> 0 | BW16: =$L16*AP16 -> 0 | ... CV16: =$L16*BO16 -> 0
A17: 100 | B17: 000375150 | C17: JREM | D17: JREM機械設備技術センター | F17: JR東EX20総（V） | G17: 3S2EU-RBP-0001 | H17: 5647075-6 | I17: 機器 | J17: 1 | L17: 1 | M17: 46015 | N17: 46035 | O17: 46031 | P17: 46037 | R17: VV-26790 | S17: VU-LD091 | U17: V8 | V17: =TEXT(N17,"YY/MM") -> 26/01 | W17: 21340 | Y17: LAZ201 | Z17: LAY001 | AG17: 3530 | AI17: 1 | AJ17: 1 | AK17: 0 | AL17: 0 | AM17: 1 | AN17: 0 | AO17: 0 | AP17: 0 | AQ17: 1 | AR17: 0 | AS17: 1 | AT17: 0 | AU17: 0 | AV17: 0 | AW17: 1 | AX17: 0 | AY17: 0 | AZ17: 0 | BA17: 1 | BB17: 0 | BC17: 0 | BD17: 0 | BE17: 1 | BF17: 1 | BG17: 0 | BH17: 0 | BI17: 0 | BJ17: 0 | BK17: 0 | BL17: 0 | BM17: 0 | BN17: 0 | BO17: 0 | BP17: =$L17*AI17 -> 1 | BQ17: =$L17*AJ17 -> 1 | BR17: =$L17*AK17 -> 0 | BS17: =$L17*AL17 -> 0 | BT17: =$L17*AM17 -> 1 | BU17: =$L17*AN17 -> 0 | BV17: =$L17*AO17 -> 0 | BW17: =$L17*AP17 -> 0 | ... CV17: =$L17*BO17 -> 0
A18: 101 | B18: 000393966 | C18: JREM | D18: 新整備場 | F18: 東モノEX20総（V） | G18: 3S2EU-KRP-1001 | H18: 5833401-9 | I18: 機器 | J18: 1 | K18: 回転台 | L18: 1 | M18: 46015 | N18: 46035 | O18: 46031 | P18: 46037 | R18: VV-26791 | S18: VU-LD091 | U18: V8 | V18: =TEXT(N18,"YY/MM") -> 26/01 | W18: 21341 | Y18: LAZ201 | Z18: LAY001 | AG18: 3531 | AI18: 1 | AJ18: 1 | AK18: 0 | AL18: 0 | AM18: 1 | AN18: 0 | AO18: 0 | AP18: 0 | AQ18: 1 | AR18: 0 | AS18: 1 | AT18: 0 | AU18: 0 | AV18: 0 | AW18: 1 | AX18: 0 | AY18: 0 | AZ18: 0 | BA18: 1 | BB18: 0 | BC18: 0 | BD18: 0 | BE18: 1 | BF18: 1 | BG18: 0 | BH18: 0 | BI18: 0 | BJ18: 0 | BK18: 0 | BL18: 0 | BM18: 0 | BN18: 0 | BO18: 0 | BP18: =$L18*AI18 -> 1 | BQ18: =$L18*AJ18 -> 1 | BR18: =$L18*AK18 -> 0 | BS18: =$L18*AL18 -> 0 | BT18: =$L18*AM18 -> 1 | BU18: =$L18*AN18 -> 0 | BV18: =$L18*AO18 -> 0 | BW18: =$L18*AP18 -> 0 | ... CV18: =$L18*BO18 -> 0
A19: 111 | B19: 000381125 | C19: 南海 | D19: 七道 | F19: 南海V8 | G19: 3S2VU-FBP-0003 | H19: 3690047-9 | I19: 機器 | J19: 1 | L19: 1 | M19: 46016 | N19: 46036 | O19: 46035 | P19: 46038 | R19: VV-26794 | S19: VU-LB106 | U19: V8 | V19: =TEXT(N19,"YY/MM") -> 26/01 | W19: 21342 | Y19: LAZ101 | Z19: LAY001 | AD19: 8206 | AI19: 1 | AJ19: 1 | AK19: 0 | AL19: 0 | AM19: 1 | AN19: 0 | AO19: 1 | AP19: 0 | AQ19: 0 | AR19: 0 | AS19: 1 | AT19: 0 | AU19: 1 | AV19: 0 | AW19: 0 | AX19: 1 | AY19: 0 | AZ19: 0 | BA19: 0 | BB19: 1 | BC19: 0 | BD19: 0 | BE19: 0 | BF19: 1 | BG19: 0 | BH19: 0 | BI19: 0 | BJ19: 0 | BK19: 0 | BL19: 0 | BM19: 0 | BN19: 0 | BO19: 0 | BP19: =$L19*AI19 -> 1 | BQ19: =$L19*AJ19 -> 1 | BR19: =$L19*AK19 -> 0 | BS19: =$L19*AL19 -> 0 | BT19: =$L19*AM19 -> 1 | BU19: =$L19*AN19 -> 0 | BV19: =$L19*AO19 -> 1 | BW19: =$L19*AP19 -> 0 | ... CV19: =$L19*BO19 -> 0
A20: 98 | B20: 000394016 | C20: M社（Ｎ） | E20: VU-LA004 | F20: V8-4BH | G20: VU-LA004 | H20: 1892581-2 | I20: 単体 | J20: 1 | L20: 1 | M20: 46017 | N20: 46037 | O20: 46036 | P20: 46036 | R20: MC-51868 | S20: VU-LA004 | U20: V8 | V20: =TEXT(N20,"YY/MM") -> 26/01 | W20: 21343 | Y20: LAZ101 | Z20: LAY001 | AD20: 8207 | AI20: 1 | AJ20: 1 | AK20: 0 | AL20: 0 | AM20: 1 | AN20: 0 | AO20: 1 | AP20: 0 | AQ20: 0 | AR20: 0 | AS20: 0 | AT20: 1 | AU20: 1 | AV20: 0 | AW20: 0 | AX20: 1 | AY20: 0 | AZ20: 0 | BA20: 0 | BB20: 1 | BC20: 0 | BD20: 0 | BE20: 0 | BF20: 1 | BG20: 0 | BH20: 0 | BI20: 0 | BJ20: 0 | BK20: 0 | BL20: 0 | BM20: 0 | BN20: 0 | BO20: 0 | BP20: =$L20*AI20 -> 1 | BQ20: =$L20*AJ20 -> 1 | BR20: =$L20*AK20 -> 0 | BS20: =$L20*AL20 -> 0 | BT20: =$L20*AM20 -> 1 | BU20: =$L20*AN20 -> 0 | BV20: =$L20*AO20 -> 1 | BW20: =$L20*AP20 -> 0 | ... CV20: =$L20*BO20 -> 0
A21: 97 | B21: 000371238 | C21: M社（Ｎ） | E21: VU-LA004 | F21: V8-4BH | G21: VU-LA004 | H21: 1892581-2 | I21: 単体 | J21: 1 | L21: 1 | M21: 46017 | N21: 46037 | O21: 46036 | P21: 46036 | R21: MC-51869 | S21: VU-LA004 | U21: V8 | V21: =TEXT(N21,"YY/MM") -> 26/01 | W21: 21344 | Y21: LAZ101 | Z21: LAY001 | AD21: 8208 | AI21: 1 | AJ21: 1 | AK21: 0 | AL21: 0 | AM21: 1 | AN21: 0 | AO21: 1 | AP21: 0 | AQ21: 0 | AR21: 0 | AS21: 0 | AT21: 1 | AU21: 1 | AV21: 0 | AW21: 0 | AX21: 1 | AY21: 0 | AZ21: 0 | BA21: 0 | BB21: 1 | BC21: 0 | BD21: 0 | BE21: 0 | BF21: 1 | BG21: 0 | BH21: 0 | BI21: 0 | BJ21: 0 | BK21: 0 | BL21: 0 | BM21: 0 | BN21: 0 | BO21: 0 | BP21: =$L21*AI21 -> 1 | BQ21: =$L21*AJ21 -> 1 | BR21: =$L21*AK21 -> 0 | BS21: =$L21*AL21 -> 0 | BT21: =$L21*AM21 -> 1 | BU21: =$L21*AN21 -> 0 | BV21: =$L21*AO21 -> 1 | BW21: =$L21*AP21 -> 0 | ... CV21: =$L21*BO21 -> 0
A22: 99 | B22: 000384916 | C22: N社（Ｎ） | E22: VU-LA007 | F22: V8-4BH | G22: VU-LA007 | H22: 3251849-9 | I22: 単体 | J22: 1 | L22: 1 | M22: 46017 | N22: 46037 | O22: 46036 | P22: 46036 | R22: MC-51870 | S22: VU-LA007 | U22: V8 | V22: =TEXT(N22,"YY/MM") -> 26/01 | W22: 21345 | Y22: LAZ002 | Z22: LAY002 | AA22: 3219 | AI22: 1 | AJ22: 1 | AK22: 0 | AL22: 0 | AM22: 1 | AN22: 0 | AO22: 1 | AP22: 0 | AQ22: 0 | AR22: 0 | AS22: 0 | AT22: 1 | AU22: 1 | AV22: 0 | AW22: 0 | AX22: 1 | AY22: 0 | AZ22: 0 | BA22: 0 | BB22: 1 | BC22: 0 | BD22: 0 | BE22: 0 | BF22: 1 | BG22: 0 | BH22: 0 | BI22: 0 | BJ22: 0 | BK22: 0 | BL22: 0 | BM22: 0 | BN22: 0 | BO22: 0 | BP22: =$L22*AI22 -> 1 | BQ22: =$L22*AJ22 -> 1 | BR22: =$L22*AK22 -> 0 | BS22: =$L22*AL22 -> 0 | BT22: =$L22*AM22 -> 1 | BU22: =$L22*AN22 -> 0 | BV22: =$L22*AO22 -> 1 | BW22: =$L22*AP22 -> 0 | ... CV22: =$L22*BO22 -> 0
A23: 117 | B23: 000381128 | C23: 南海 | D23: 湊 | F23: 南海V8 | G23: 3S2VU-FBP-0003 | H23: 3690047-9 | I23: 機器 | J23: 1 | L23: 1 | M23: 46017 | N23: 46037 | O23: 46036 | P23: 46041 | R23: VV-26797 | S23: VU-LB106 | U23: V8 | V23: =TEXT(N23,"YY/MM") -> 26/01 | W23: 21346 | Y23: LAZ101 | Z23: LAY001 | AD23: 8209 | AI23: 1 | AJ23: 1 | AK23: 0 | AL23: 0 | AM23: 1 | AN23: 0 | AO23: 1 | AP23: 0 | AQ23: 0 | AR23: 0 | AS23: 1 | AT23: 0 | AU23: 1 | AV23: 0 | AW23: 0 | AX23: 1 | AY23: 0 | AZ23: 0 | BA23: 0 | BB23: 1 | BC23: 0 | BD23: 0 | BE23: 0 | BF23: 1 | BG23: 0 | BH23: 0 | BI23: 0 | BJ23: 0 | BK23: 0 | BL23: 0 | BM23: 0 | BN23: 0 | BO23: 0 | BP23: =$L23*AI23 -> 1 | BQ23: =$L23*AJ23 -> 1 | BR23: =$L23*AK23 -> 0 | BS23: =$L23*AL23 -> 0 | BT23: =$L23*AM23 -> 1 | BU23: =$L23*AN23 -> 0 | BV23: =$L23*AO23 -> 1 | BW23: =$L23*AP23 -> 0 | ... CV23: =$L23*BO23 -> 0
A24: 102 | B24: 000394022 | C24: M社（Ｎ） | E24: VU-LA004 | F24: V8-4BH | G24: VU-LA004 | H24: 1892581-2 | I24: 単体 | J24: 1 | L24: 1 | M24: 46027 | N24: 46038 | O24: 46037 | P24: 46037 | R24: MC-51875 | S24: VU-LA004 | U24: V8 | V24: =TEXT(N24,"YY/MM") -> 26/01 | W24: 21347 | Y24: LAZ101 | Z24: LAY001 | AD24: 8210 | AI24: 1 | AJ24: 1 | AK24: 0 | AL24: 0 | AM24: 1 | AN24: 0 | AO24: 1 | AP24: 0 | AQ24: 0 | AR24: 0 | AS24: 0 | AT24: 1 | AU24: 1 | AV24: 0 | AW24: 0 | AX24: 1 | AY24: 0 | AZ24: 0 | BA24: 0 | BB24: 1 | BC24: 0 | BD24: 0 | BE24: 0 | BF24: 1 | BG24: 0 | BH24: 0 | BI24: 0 | BJ24: 0 | BK24: 0 | BL24: 0 | BM24: 0 | BN24: 0 | BO24: 0 | BP24: =$L24*AI24 -> 1 | BQ24: =$L24*AJ24 -> 1 | BR24: =$L24*AK24 -> 0 | BS24: =$L24*AL24 -> 0 | BT24: =$L24*AM24 -> 1 | BU24: =$L24*AN24 -> 0 | BV24: =$L24*AO24 -> 1 | BW24: =$L24*AP24 -> 0 | ... CV24: =$L24*BO24 -> 0
A25: 105 | B25: 000394020 | C25: M社（Ｎ） | E25: VU-LA004 | F25: V8-4BH | G25: VU-LA004 | H25: 1892581-2 | I25: 単体 | J25: 1 | L25: 1 | M25: 46027 | N25: 46038 | O25: 46037 | P25: 46037 | R25: MC-51876 | S25: VU-LA004 | U25: V8 | V25: =TEXT(N25,"YY/MM") -> 26/01 | W25: 21348 | Y25: LAZ101 | Z25: LAY001 | AD25: 8211 | AI25: 1 | AJ25: 1 | AK25: 0 | AL25: 0 | AM25: 1 | AN25: 0 | AO25: 1 | AP25: 0 | AQ25: 0 | AR25: 0 | AS25: 0 | AT25: 1 | AU25: 1 | AV25: 0 | AW25: 0 | AX25: 1 | AY25: 0 | AZ25: 0 | BA25: 0 | BB25: 1 | BC25: 0 | BD25: 0 | BE25: 0 | BF25: 1 | BG25: 0 | BH25: 0 | BI25: 0 | BJ25: 0 | BK25: 0 | BL25: 0 | BM25: 0 | BN25: 0 | BO25: 0 | BP25: =$L25*AI25 -> 1 | BQ25: =$L25*AJ25 -> 1 | BR25: =$L25*AK25 -> 0 | BS25: =$L25*AL25 -> 0 | BT25: =$L25*AM25 -> 1 | BU25: =$L25*AN25 -> 0 | BV25: =$L25*AO25 -> 1 | BW25: =$L25*AP25 -> 0 | ... CV25: =$L25*BO25 -> 0
A26: 104 | B26: 000394024 | C26: M社（Ｎ） | E26: VU-LA004 | F26: V8-4BH | G26: VU-LA004 | H26: 1892581-2 | I26: 単体 | J26: 1 | L26: 1 | M26: 46027 | N26: 46038 | O26: 46037 | P26: 46037 | R26: MC-51877 | S26: VU-LA004 | U26: V8 | V26: =TEXT(N26,"YY/MM") -> 26/01 | W26: 21349 | Y26: LAZ101 | Z26: LAY001 | AD26: 8212 | AI26: 1 | AJ26: 1 | AK26: 0 | AL26: 0 | AM26: 1 | AN26: 0 | AO26: 1 | AP26: 0 | AQ26: 0 | AR26: 0 | AS26: 0 | AT26: 1 | AU26: 1 | AV26: 0 | AW26: 0 | AX26: 1 | AY26: 0 | AZ26: 0 | BA26: 0 | BB26: 1 | BC26: 0 | BD26: 0 | BE26: 0 | BF26: 1 | BG26: 0 | BH26: 0 | BI26: 0 | BJ26: 0 | BK26: 0 | BL26: 0 | BM26: 0 | BN26: 0 | BO26: 0 | BP26: =$L26*AI26 -> 1 | BQ26: =$L26*AJ26 -> 1 | BR26: =$L26*AK26 -> 0 | BS26: =$L26*AL26 -> 0 | BT26: =$L26*AM26 -> 1 | BU26: =$L26*AN26 -> 0 | BV26: =$L26*AO26 -> 1 | BW26: =$L26*AP26 -> 0 | ... CV26: =$L26*BO26 -> 0
A27: 103 | B27: 000394018 | C27: M社（Ｎ） | E27: VU-LA004 | F27: V8-4BH | G27: VU-LA004 | H27: 1892581-2 | I27: 単体 | J27: 1 | L27: 1 | M27: 46027 | N27: 46038 | O27: 46037 | P27: 46037 | R27: MC-51878 | S27: VU-LA004 | U27: V8 | V27: =TEXT(N27,"YY/MM") -> 26/01 | W27: 21350 | Y27: LAZ101 | Z27: LAY001 | AD27: 8213 | AI27: 1 | AJ27: 1 | AK27: 0 | AL27: 0 | AM27: 1 | AN27: 0 | AO27: 1 | AP27: 0 | AQ27: 0 | AR27: 0 | AS27: 0 | AT27: 1 | AU27: 1 | AV27: 0 | AW27: 0 | AX27: 1 | AY27: 0 | AZ27: 0 | BA27: 0 | BB27: 1 | BC27: 0 | BD27: 0 | BE27: 0 | BF27: 1 | BG27: 0 | BH27: 0 | BI27: 0 | BJ27: 0 | BK27: 0 | BL27: 0 | BM27: 0 | BN27: 0 | BO27: 0 | BP27: =$L27*AI27 -> 1 | BQ27: =$L27*AJ27 -> 1 | BR27: =$L27*AK27 -> 0 | BS27: =$L27*AL27 -> 0 | BT27: =$L27*AM27 -> 1 | BU27: =$L27*AN27 -> 0 | BV27: =$L27*AO27 -> 1 | BW27: =$L27*AP27 -> 0 | ... CV27: =$L27*BO27 -> 0
A28: 119 | B28: 000380740 | C28: JR西 | D28: 摩耶 | F28: JR西FA70(EXV) | G28: 3S2EU-RDP-0001 | H28: 2874359-3 | I28: 機器 | J28: 1 | L28: 1 | M28: 46027 | N28: 46038 | O28: 46037 | P28: 46042 | R28: VV-26801 | S28: VU-LB112 | U28: V8 | V28: =TEXT(N28,"YY/MM") -> 26/01 | W28: 21351 | Y28: LAZ102 | Z28: LAY001 | AE28: 1253 | AI28: 1 | AJ28: 1 | AK28: 0 | AL28: 0 | AM28: 1 | AN28: 0 | AO28: 0 | AP28: 1 | AQ28: 0 | AR28: 0 | AS28: 1 | AT28: 0 | AU28: 1 | AV28: 0 | AW28: 0 | AX28: 1 | AY28: 0 | AZ28: 0 | BA28: 0 | BB28: 1 | BC28: 0 | BD28: 0 | BE28: 0 | BF28: 1 | BG28: 0 | BH28: 0 | BI28: 0 | BJ28: 0 | BK28: 0 | BL28: 0 | BM28: 0 | BN28: 0 | BO28: 0 | BP28: =$L28*AI28 -> 1 | BQ28: =$L28*AJ28 -> 1 | BR28: =$L28*AK28 -> 0 | BS28: =$L28*AL28 -> 0 | BT28: =$L28*AM28 -> 1 | BU28: =$L28*AN28 -> 0 | BV28: =$L28*AO28 -> 0 | BW28: =$L28*AP28 -> 1 | ... CV28: =$L28*BO28 -> 0
A29: 109 | B29: 000394015 | C29: M社（Ｎ） | E29: VU-LA004 | F29: V8-4BH | G29: VU-LA004 | H29: 1892581-2 | I29: 単体 | J29: 1 | L29: 1 | M29: 46028 | N29: 46041 | O29: 46038 | P29: 46038 | R29: MC-51883 | S29: VU-LA004 | U29: V8 | V29: =TEXT(N29,"YY/MM") -> 26/01 | W29: 21352 | Y29: LAZ101 | Z29: LAY001 | AD29: 8214 | AI29: 1 | AJ29: 1 | AK29: 0 | AL29: 0 | AM29: 1 | AN29: 0 | AO29: 1 | AP29: 0 | AQ29: 0 | AR29: 0 | AS29: 0 | AT29: 1 | AU29: 1 | AV29: 0 | AW29: 0 | AX29: 1 | AY29: 0 | AZ29: 0 | BA29: 0 | BB29: 1 | BC29: 0 | BD29: 0 | BE29: 0 | BF29: 1 | BG29: 0 | BH29: 0 | BI29: 0 | BJ29: 0 | BK29: 0 | BL29: 0 | BM29: 0 | BN29: 0 | BO29: 0 | BP29: =$L29*AI29 -> 1 | BQ29: =$L29*AJ29 -> 1 | BR29: =$L29*AK29 -> 0 | BS29: =$L29*AL29 -> 0 | BT29: =$L29*AM29 -> 1 | BU29: =$L29*AN29 -> 0 | BV29: =$L29*AO29 -> 1 | BW29: =$L29*AP29 -> 0 | ... CV29: =$L29*BO29 -> 0
A30: 107 | B30: 000394025 | C30: M社（Ｎ） | E30: VU-LA004 | F30: V8-4BH | G30: VU-LA004 | H30: 1892581-2 | I30: 単体 | J30: 1 | L30: 1 | M30: 46028 | N30: 46041 | O30: 46038 | P30: 46038 | R30: MC-51884 | S30: VU-LA004 | U30: V8 | V30: =TEXT(N30,"YY/MM") -> 26/01 | W30: 21353 | Y30: LAZ101 | Z30: LAY001 | AD30: 8215 | AI30: 1 | AJ30: 1 | AK30: 0 | AL30: 0 | AM30: 1 | AN30: 0 | AO30: 1 | AP30: 0 | AQ30: 0 | AR30: 0 | AS30: 0 | AT30: 1 | AU30: 1 | AV30: 0 | AW30: 0 | AX30: 1 | AY30: 0 | AZ30: 0 | BA30: 0 | BB30: 1 | BC30: 0 | BD30: 0 | BE30: 0 | BF30: 1 | BG30: 0 | BH30: 0 | BI30: 0 | BJ30: 0 | BK30: 0 | BL30: 0 | BM30: 0 | BN30: 0 | BO30: 0 | BP30: =$L30*AI30 -> 1 | BQ30: =$L30*AJ30 -> 1 | BR30: =$L30*AK30 -> 0 | BS30: =$L30*AL30 -> 0 | BT30: =$L30*AM30 -> 1 | BU30: =$L30*AN30 -> 0 | BV30: =$L30*AO30 -> 1 | BW30: =$L30*AP30 -> 0 | ... CV30: =$L30*BO30 -> 0
A31: 108 | B31: 000394013 | C31: M社（Ｎ） | E31: VU-LA004 | F31: V8-4BH | G31: VU-LA004 | H31: 1892581-2 | I31: 単体 | J31: 1 | L31: 1 | M31: 46028 | N31: 46041 | O31: 46038 | P31: 46038 | R31: MC-51885 | S31: VU-LA004 | U31: V8 | V31: =TEXT(N31,"YY/MM") -> 26/01 | W31: 21354 | Y31: LAZ101 | Z31: LAY001 | AD31: 8216 | AI31: 1 | AJ31: 1 | AK31: 0 | AL31: 0 | AM31: 1 | AN31: 0 | AO31: 1 | AP31: 0 | AQ31: 0 | AR31: 0 | AS31: 0 | AT31: 1 | AU31: 1 | AV31: 0 | AW31: 0 | AX31: 1 | AY31: 0 | AZ31: 0 | BA31: 0 | BB31: 1 | BC31: 0 | BD31: 0 | BE31: 0 | BF31: 1 | BG31: 0 | BH31: 0 | BI31: 0 | BJ31: 0 | BK31: 0 | BL31: 0 | BM31: 0 | BN31: 0 | BO31: 0 | BP31: =$L31*AI31 -> 1 | BQ31: =$L31*AJ31 -> 1 | BR31: =$L31*AK31 -> 0 | BS31: =$L31*AL31 -> 0 | BT31: =$L31*AM31 -> 1 | BU31: =$L31*AN31 -> 0 | BV31: =$L31*AO31 -> 1 | BW31: =$L31*AP31 -> 0 | ... CV31: =$L31*BO31 -> 0
A32: 106 | B32: 000394026 | C32: M社（Ｎ） | E32: VU-LA004 | F32: V8-4BH | G32: VU-LA004 | H32: 1892581-2 | I32: 単体 | J32: 1 | L32: 1 | M32: 46028 | N32: 46041 | O32: 46038 | P32: 46038 | R32: MC-51886 | S32: VU-LA004 | U32: V8 | V32: =TEXT(N32,"YY/MM") -> 26/01 | W32: 21355 | Y32: LAZ101 | Z32: LAY001 | AD32: 8217 | AI32: 1 | AJ32: 1 | AK32: 0 | AL32: 0 | AM32: 1 | AN32: 0 | AO32: 1 | AP32: 0 | AQ32: 0 | AR32: 0 | AS32: 0 | AT32: 1 | AU32: 1 | AV32: 0 | AW32: 0 | AX32: 1 | AY32: 0 | AZ32: 0 | BA32: 0 | BB32: 1 | BC32: 0 | BD32: 0 | BE32: 0 | BF32: 1 | BG32: 0 | BH32: 0 | BI32: 0 | BJ32: 0 | BK32: 0 | BL32: 0 | BM32: 0 | BN32: 0 | BO32: 0 | BP32: =$L32*AI32 -> 1 | BQ32: =$L32*AJ32 -> 1 | BR32: =$L32*AK32 -> 0 | BS32: =$L32*AL32 -> 0 | BT32: =$L32*AM32 -> 1 | BU32: =$L32*AN32 -> 0 | BV32: =$L32*AO32 -> 1 | BW32: =$L32*AP32 -> 0 | ... CV32: =$L32*BO32 -> 0
A33: 127 | B33: 000385410 | C33: 南海 | D33: 春木 | E33: 東 | F33: 南海V8 | G33: 3S2VU-FBP-0003 | H33: 3690047-9 | I33: 機器 | J33: 1 | K33: DVR内蔵 | L33: 1 | M33: 46028 | N33: 46041 | O33: 46038 | P33: 46043 | R33: VV-26806 | S33: VU-LB106 | U33: V8 | V33: =TEXT(N33,"YY/MM") -> 26/01 | W33: 21356 | Y33: LAZ101 | Z33: LAY001 | AD33: 8218 | AI33: 1 | AJ33: 1 | AK33: 0 | AL33: 0 | AM33: 1 | AN33: 0 | AO33: 1 | AP33: 0 | AQ33: 0 | AR33: 0 | AS33: 1 | AT33: 0 | AU33: 1 | AV33: 0 | AW33: 0 | AX33: 1 | AY33: 0 | AZ33: 0 | BA33: 0 | BB33: 1 | BC33: 0 | BD33: 0 | BE33: 0 | BF33: 1 | BG33: 0 | BH33: 0 | BI33: 0 | BJ33: 0 | BK33: 0 | BL33: 0 | BM33: 0 | BN33: 0 | BO33: 0 | BP33: =$L33*AI33 -> 1 | BQ33: =$L33*AJ33 -> 1 | BR33: =$L33*AK33 -> 0 | BS33: =$L33*AL33 -> 0 | BT33: =$L33*AM33 -> 1 | BU33: =$L33*AN33 -> 0 | BV33: =$L33*AO33 -> 1 | BW33: =$L33*AP33 -> 0 | ... CV33: =$L33*BO33 -> 0
A34: 115 | B34: 000394023 | C34: M社（Ｎ） | E34: VU-LA004 | F34: V8-4BH | G34: VU-LA004 | H34: 1892581-2 | I34: 単体 | J34: 1 | L34: 1 | M34: 46029 | N34: 46042 | O34: 46041 | P34: 46041 | R34: MC-51891 | S34: VU-LA004 | U34: V8 | V34: =TEXT(N34,"YY/MM") -> 26/01 | W34: 21357 | Y34: LAZ101 | Z34: LAY001 | AD34: 8219 | AI34: 1 | AJ34: 1 | AK34: 0 | AL34: 0 | AM34: 1 | AN34: 0 | AO34: 1 | AP34: 0 | AQ34: 0 | AR34: 0 | AS34: 0 | AT34: 1 | AU34: 1 | AV34: 0 | AW34: 0 | AX34: 1 | AY34: 0 | AZ34: 0 | BA34: 0 | BB34: 1 | BC34: 0 | BD34: 0 | BE34: 0 | BF34: 1 | BG34: 0 | BH34: 0 | BI34: 0 | BJ34: 0 | BK34: 0 | BL34: 0 | BM34: 0 | BN34: 0 | BO34: 0 | BP34: =$L34*AI34 -> 1 | BQ34: =$L34*AJ34 -> 1 | BR34: =$L34*AK34 -> 0 | BS34: =$L34*AL34 -> 0 | BT34: =$L34*AM34 -> 1 | BU34: =$L34*AN34 -> 0 | BV34: =$L34*AO34 -> 1 | BW34: =$L34*AP34 -> 0 | ... CV34: =$L34*BO34 -> 0
A35: 113 | B35: 000394017 | C35: M社（Ｎ） | E35: VU-LA004 | F35: V8-4BH | G35: VU-LA004 | H35: 1892581-2 | I35: 単体 | J35: 1 | L35: 1 | M35: 46029 | N35: 46042 | O35: 46041 | P35: 46041 | R35: MC-51892 | S35: VU-LA004 | U35: V8 | V35: =TEXT(N35,"YY/MM") -> 26/01 | W35: 21358 | Y35: LAZ101 | Z35: LAY001 | AD35: 8220 | AI35: 1 | AJ35: 1 | AK35: 0 | AL35: 0 | AM35: 1 | AN35: 0 | AO35: 1 | AP35: 0 | AQ35: 0 | AR35: 0 | AS35: 0 | AT35: 1 | AU35: 1 | AV35: 0 | AW35: 0 | AX35: 1 | AY35: 0 | AZ35: 0 | BA35: 0 | BB35: 1 | BC35: 0 | BD35: 0 | BE35: 0 | BF35: 1 | BG35: 0 | BH35: 0 | BI35: 0 | BJ35: 0 | BK35: 0 | BL35: 0 | BM35: 0 | BN35: 0 | BO35: 0 | BP35: =$L35*AI35 -> 1 | BQ35: =$L35*AJ35 -> 1 | BR35: =$L35*AK35 -> 0 | BS35: =$L35*AL35 -> 0 | BT35: =$L35*AM35 -> 1 | BU35: =$L35*AN35 -> 0 | BV35: =$L35*AO35 -> 1 | BW35: =$L35*AP35 -> 0 | ... CV35: =$L35*BO35 -> 0
A36: 112 | B36: 000394027 | C36: M社（Ｎ） | E36: VU-LA004 | F36: V8-4BH | G36: VU-LA004 | H36: 1892581-2 | I36: 単体 | J36: 1 | L36: 1 | M36: 46029 | N36: 46042 | O36: 46041 | P36: 46041 | R36: MC-51893 | S36: VU-LA004 | U36: V8 | V36: =TEXT(N36,"YY/MM") -> 26/01 | W36: 21359 | Y36: LAZ101 | Z36: LAY001 | AD36: 8221 | AI36: 1 | AJ36: 1 | AK36: 0 | AL36: 0 | AM36: 1 | AN36: 0 | AO36: 1 | AP36: 0 | AQ36: 0 | AR36: 0 | AS36: 0 | AT36: 1 | AU36: 1 | AV36: 0 | AW36: 0 | AX36: 1 | AY36: 0 | AZ36: 0 | BA36: 0 | BB36: 1 | BC36: 0 | BD36: 0 | BE36: 0 | BF36: 1 | BG36: 0 | BH36: 0 | BI36: 0 | BJ36: 0 | BK36: 0 | BL36: 0 | BM36: 0 | BN36: 0 | BO36: 0 | BP36: =$L36*AI36 -> 1 | BQ36: =$L36*AJ36 -> 1 | BR36: =$L36*AK36 -> 0 | BS36: =$L36*AL36 -> 0 | BT36: =$L36*AM36 -> 1 | BU36: =$L36*AN36 -> 0 | BV36: =$L36*AO36 -> 1 | BW36: =$L36*AP36 -> 0 | ... CV36: =$L36*BO36 -> 0
A37: 114 | B37: 000394014 | C37: M社（Ｎ） | E37: VU-LA004 | F37: V8-4BH | G37: VU-LA004 | H37: 1892581-2 | I37: 単体 | J37: 1 | L37: 1 | M37: 46029 | N37: 46042 | O37: 46041 | P37: 46041 | R37: MC-51894 | S37: VU-LA004 | U37: V8 | V37: =TEXT(N37,"YY/MM") -> 26/01 | W37: 21360 | Y37: LAZ101 | Z37: LAY001 | AD37: 8222 | AI37: 1 | AJ37: 1 | AK37: 0 | AL37: 0 | AM37: 1 | AN37: 0 | AO37: 1 | AP37: 0 | AQ37: 0 | AR37: 0 | AS37: 0 | AT37: 1 | AU37: 1 | AV37: 0 | AW37: 0 | AX37: 1 | AY37: 0 | AZ37: 0 | BA37: 0 | BB37: 1 | BC37: 0 | BD37: 0 | BE37: 0 | BF37: 1 | BG37: 0 | BH37: 0 | BI37: 0 | BJ37: 0 | BK37: 0 | BL37: 0 | BM37: 0 | BN37: 0 | BO37: 0 | BP37: =$L37*AI37 -> 1 | BQ37: =$L37*AJ37 -> 1 | BR37: =$L37*AK37 -> 0 | BS37: =$L37*AL37 -> 0 | BT37: =$L37*AM37 -> 1 | BU37: =$L37*AN37 -> 0 | BV37: =$L37*AO37 -> 1 | BW37: =$L37*AP37 -> 0 | ... CV37: =$L37*BO37 -> 0
A38: 131 | B38: 000385411 | C38: 南海 | D38: 貝塚 | E38: 東 | F38: 南海V8 | G38: 3S2VU-FBP-0003 | H38: 3690047-9 | I38: 機器 | J38: 1 | K38: DVR内蔵 | L38: 1 | M38: 46029 | N38: 46042 | O38: 46041 | P38: 46044 | R38: VV-26809 | S38: VU-LB106 | U38: V8 | V38: =TEXT(N38,"YY/MM") -> 26/01 | W38: 21361 | Y38: LAZ101 | Z38: LAY001 | AD38: 8223 | AI38: 1 | AJ38: 1 | AK38: 0 | AL38: 0 | AM38: 1 | AN38: 0 | AO38: 1 | AP38: 0 | AQ38: 0 | AR38: 0 | AS38: 1 | AT38: 0 | AU38: 1 | AV38: 0 | AW38: 0 | AX38: 1 | AY38: 0 | AZ38: 0 | BA38: 0 | BB38: 1 | BC38: 0 | BD38: 0 | BE38: 0 | BF38: 1 | BG38: 0 | BH38: 0 | BI38: 0 | BJ38: 0 | BK38: 0 | BL38: 0 | BM38: 0 | BN38: 0 | BO38: 0 | BP38: =$L38*AI38 -> 1 | BQ38: =$L38*AJ38 -> 1 | BR38: =$L38*AK38 -> 0 | BS38: =$L38*AL38 -> 0 | BT38: =$L38*AM38 -> 1 | BU38: =$L38*AN38 -> 0 | BV38: =$L38*AO38 -> 1 | BW38: =$L38*AP38 -> 0 | ... CV38: =$L38*BO38 -> 0
A39: 132 | B39: 000385416 | C39: 南海 | D39: 初芝 | F39: 南海V8(ﾏﾙﾁ) | G39: 3S2VU-FBP-5002 | H39: 3690049-5 | I39: 機器 | J39: 1 | K39: DVR内蔵 | L39: 1 | M39: 46029 | N39: 46042 | O39: 46041 | P39: 46044 | R39: VV-26810 | S39: VU-LB106 | U39: V8 | V39: =TEXT(N39,"YY/MM") -> 26/01 | W39: 21362 | Y39: LAZ101 | Z39: LAY001 | AD39: 8224 | AI39: 1 | AJ39: 1 | AK39: 0 | AL39: 0 | AM39: 1 | AN39: 0 | AO39: 1 | AP39: 0 | AQ39: 0 | AR39: 0 | AS39: 1 | AT39: 0 | AU39: 1 | AV39: 0 | AW39: 0 | AX39: 1 | AY39: 0 | AZ39: 0 | BA39: 0 | BB39: 1 | BC39: 0 | BD39: 0 | BE39: 0 | BF39: 1 | BG39: 0 | BH39: 0 | BI39: 0 | BJ39: 0 | BK39: 0 | BL39: 0 | BM39: 0 | BN39: 0 | BO39: 0 | BP39: =$L39*AI39 -> 1 | BQ39: =$L39*AJ39 -> 1 | BR39: =$L39*AK39 -> 0 | BS39: =$L39*AL39 -> 0 | BT39: =$L39*AM39 -> 1 | BU39: =$L39*AN39 -> 0 | BV39: =$L39*AO39 -> 1 | BW39: =$L39*AP39 -> 0 | ... CV39: =$L39*BO39 -> 0
A40: 120 | B40: 000394019 | C40: M社（Ｎ） | E40: VU-LA004 | F40: V8-4BH | G40: VU-LA004 | H40: 1892581-2 | I40: 単体 | J40: 1 | L40: 1 | M40: 46030 | N40: 46043 | O40: 46042 | P40: 46042 | R40: MC-51900 | S40: VU-LA004 | U40: V8 | V40: =TEXT(N40,"YY/MM") -> 26/01 | W40: 21363 | Y40: LAZ101 | Z40: LAY001 | AD40: 8225 | AI40: 1 | AJ40: 1 | AK40: 0 | AL40: 0 | AM40: 1 | AN40: 0 | AO40: 1 | AP40: 0 | AQ40: 0 | AR40: 0 | AS40: 0 | AT40: 1 | AU40: 1 | AV40: 0 | AW40: 0 | AX40: 1 | AY40: 0 | AZ40: 0 | BA40: 0 | BB40: 1 | BC40: 0 | BD40: 0 | BE40: 0 | BF40: 1 | BG40: 0 | BH40: 0 | BI40: 0 | BJ40: 0 | BK40: 0 | BL40: 0 | BM40: 0 | BN40: 0 | BO40: 0 | BP40: =$L40*AI40 -> 1 | BQ40: =$L40*AJ40 -> 1 | BR40: =$L40*AK40 -> 0 | BS40: =$L40*AL40 -> 0 | BT40: =$L40*AM40 -> 1 | BU40: =$L40*AN40 -> 0 | BV40: =$L40*AO40 -> 1 | BW40: =$L40*AP40 -> 0 | ... CV40: =$L40*BO40 -> 0
A41: 121 | B41: 000394021 | C41: M社（Ｎ） | E41: VU-LA004 | F41: V8-4BH | G41: VU-LA004 | H41: 1892581-2 | I41: 単体 | J41: 1 | L41: 1 | M41: 46030 | N41: 46043 | O41: 46042 | P41: 46042 | R41: MC-51901 | S41: VU-LA004 | U41: V8 | V41: =TEXT(N41,"YY/MM") -> 26/01 | W41: 21364 | Y41: LAZ101 | Z41: LAY001 | AD41: 8226 | AI41: 1 | AJ41: 1 | AK41: 0 | AL41: 0 | AM41: 1 | AN41: 0 | AO41: 1 | AP41: 0 | AQ41: 0 | AR41: 0 | AS41: 0 | AT41: 1 | AU41: 1 | AV41: 0 | AW41: 0 | AX41: 1 | AY41: 0 | AZ41: 0 | BA41: 0 | BB41: 1 | BC41: 0 | BD41: 0 | BE41: 0 | BF41: 1 | BG41: 0 | BH41: 0 | BI41: 0 | BJ41: 0 | BK41: 0 | BL41: 0 | BM41: 0 | BN41: 0 | BO41: 0 | BP41: =$L41*AI41 -> 1 | BQ41: =$L41*AJ41 -> 1 | BR41: =$L41*AK41 -> 0 | BS41: =$L41*AL41 -> 0 | BT41: =$L41*AM41 -> 1 | BU41: =$L41*AN41 -> 0 | BV41: =$L41*AO41 -> 1 | BW41: =$L41*AP41 -> 0 | ... CV41: =$L41*BO41 -> 0
A42: 136 | B42: 000385413 | C42: 南海 | D42: 沢ノ町 | E42: 西 | F42: 南海V8 | G42: 3S2VU-FBP-0003 | H42: 3690047-9 | I42: 機器 | J42: 1 | K42: DVR内蔵 | L42: 1 | M42: 46030 | N42: 46043 | O42: 46042 | P42: 46045 | R42: VV-26813 | S42: VU-LB106 | U42: V8 | V42: =TEXT(N42,"YY/MM") -> 26/01 | W42: 21365 | Y42: LAZ101 | Z42: LAY001 | AD42: 8227 | AI42: 1 | AJ42: 1 | AK42: 0 | AL42: 0 | AM42: 1 | AN42: 0 | AO42: 1 | AP42: 0 | AQ42: 0 | AR42: 0 | AS42: 1 | AT42: 0 | AU42: 1 | AV42: 0 | AW42: 0 | AX42: 1 | AY42: 0 | AZ42: 0 | BA42: 0 | BB42: 1 | BC42: 0 | BD42: 0 | BE42: 0 | BF42: 1 | BG42: 0 | BH42: 0 | BI42: 0 | BJ42: 0 | BK42: 0 | BL42: 0 | BM42: 0 | BN42: 0 | BO42: 0 | BP42: =$L42*AI42 -> 1 | BQ42: =$L42*AJ42 -> 1 | BR42: =$L42*AK42 -> 0 | BS42: =$L42*AL42 -> 0 | BT42: =$L42*AM42 -> 1 | BU42: =$L42*AN42 -> 0 | BV42: =$L42*AO42 -> 1 | BW42: =$L42*AP42 -> 0 | ... CV42: =$L42*BO42 -> 0
A43: 137 | B43: 000385414 | C43: 南海 | D43: 百舌鳥八幡 | E43: 西 | F43: 南海V8 | G43: 3S2VU-FBP-0003 | H43: 3690047-9 | I43: 機器 | J43: 1 | K43: DVR内蔵 | L43: 1 | M43: 46030 | N43: 46043 | O43: 46042 | P43: 46045 | R43: VV-26814 | S43: VU-LB106 | U43: V8 | V43: =TEXT(N43,"YY/MM") -> 26/01 | W43: 21366 | Y43: LAZ101 | Z43: LAY001 | AD43: 8228 | AI43: 1 | AJ43: 1 | AK43: 0 | AL43: 0 | AM43: 1 | AN43: 0 | AO43: 1 | AP43: 0 | AQ43: 0 | AR43: 0 | AS43: 1 | AT43: 0 | AU43: 1 | AV43: 0 | AW43: 0 | AX43: 1 | AY43: 0 | AZ43: 0 | BA43: 0 | BB43: 1 | BC43: 0 | BD43: 0 | BE43: 0 | BF43: 1 | BG43: 0 | BH43: 0 | BI43: 0 | BJ43: 0 | BK43: 0 | BL43: 0 | BM43: 0 | BN43: 0 | BO43: 0 | BP43: =$L43*AI43 -> 1 | BQ43: =$L43*AJ43 -> 1 | BR43: =$L43*AK43 -> 0 | BS43: =$L43*AL43 -> 0 | BT43: =$L43*AM43 -> 1 | BU43: =$L43*AN43 -> 0 | BV43: =$L43*AO43 -> 1 | BW43: =$L43*AP43 -> 0 | ... CV43: =$L43*BO43 -> 0
A44: 141 | B44: 000385412 | C44: 南海 | D44: 羽倉崎 | E44: 東 | F44: 南海V8 | G44: 3S2VU-FBP-0003 | H44: 3690047-9 | I44: 機器 | J44: 1 | K44: DVR内蔵 | L44: 1 | M44: 46031 | N44: 46044 | O44: 46043 | P44: 46048 | R44: VV-26817 | S44: VU-LB106 | U44: V8 | V44: =TEXT(N44,"YY/MM") -> 26/01 | W44: 21367 | Y44: LAZ101 | Z44: LAY001 | AD44: 8229 | AI44: 1 | AJ44: 1 | AK44: 0 | AL44: 0 | AM44: 1 | AN44: 0 | AO44: 1 | AP44: 0 | AQ44: 0 | AR44: 0 | AS44: 1 | AT44: 0 | AU44: 1 | AV44: 0 | AW44: 0 | AX44: 1 | AY44: 0 | AZ44: 0 | BA44: 0 | BB44: 1 | BC44: 0 | BD44: 0 | BE44: 0 | BF44: 1 | BG44: 0 | BH44: 0 | BI44: 0 | BJ44: 0 | BK44: 0 | BL44: 0 | BM44: 0 | BN44: 0 | BO44: 0 | BP44: =$L44*AI44 -> 1 | BQ44: =$L44*AJ44 -> 1 | BR44: =$L44*AK44 -> 0 | BS44: =$L44*AL44 -> 0 | BT44: =$L44*AM44 -> 1 | BU44: =$L44*AN44 -> 0 | BV44: =$L44*AO44 -> 1 | BW44: =$L44*AP44 -> 0 | ... CV44: =$L44*BO44 -> 0
A45: 146 | B45: 000385415 | C45: 南海 | D45: 関西空港 | F45: 南海V8(ﾏﾙﾁ) | G45: 3S2VU-FBP-5002 | H45: 3690049-5 | I45: 機器 | J45: 1 | K45: DVR内蔵 | L45: 1 | M45: 46035 | N45: 46045 | O45: 46044 | P45: 46049 | S45: VU-LB106 | U45: V8 | V45: =TEXT(N45,"YY/MM") -> 26/01 | W45: 21368 | Y45: LAZ101 | Z45: LAY001 | AD45: 8230 | AI45: 1 | AJ45: 1 | AK45: 0 | AL45: 0 | AM45: 1 | AN45: 0 | AO45: 1 | AP45: 0 | AQ45: 0 | AR45: 0 | AS45: 1 | AT45: 0 | AU45: 1 | AV45: 0 | AW45: 0 | AX45: 1 | AY45: 0 | AZ45: 0 | BA45: 0 | BB45: 1 | BC45: 0 | BD45: 0 | BE45: 0 | BF45: 1 | BG45: 0 | BH45: 0 | BI45: 0 | BJ45: 0 | BK45: 0 | BL45: 0 | BM45: 0 | BN45: 0 | BO45: 0 | BP45: =$L45*AI45 -> 1 | BQ45: =$L45*AJ45 -> 1 | BR45: =$L45*AK45 -> 0 | BS45: =$L45*AL45 -> 0 | BT45: =$L45*AM45 -> 1 | BU45: =$L45*AN45 -> 0 | BV45: =$L45*AO45 -> 1 | BW45: =$L45*AP45 -> 0 | ... CV45: =$L45*BO45 -> 0
A46: 150 | B46: 000380741 | C46: JR西 | D46: 鷹取 | F46: JR西FA70(EXV) | G46: 3S2EU-RDP-0001 | H46: 2874359-3 | I46: 機器 | J46: 1 | L46: 1 | M46: 46036 | N46: 46048 | O46: 46045 | P46: 46050 | S46: VU-LB112 | U46: V8 | V46: =TEXT(N46,"YY/MM") -> 26/01 | W46: 21369 | Y46: LAZ102 | Z46: LAY001 | AE46: 1254 | AI46: 1 | AJ46: 1 | AK46: 0 | AL46: 0 | AM46: 1 | AN46: 0 | AO46: 0 | AP46: 1 | AQ46: 0 | AR46: 0 | AS46: 1 | AT46: 0 | AU46: 1 | AV46: 0 | AW46: 0 | AX46: 1 | AY46: 0 | AZ46: 0 | BA46: 0 | BB46: 1 | BC46: 0 | BD46: 0 | BE46: 0 | BF46: 1 | BG46: 0 | BH46: 0 | BI46: 0 | BJ46: 0 | BK46: 0 | BL46: 0 | BM46: 0 | BN46: 0 | BO46: 0 | BP46: =$L46*AI46 -> 1 | BQ46: =$L46*AJ46 -> 1 | BR46: =$L46*AK46 -> 0 | BS46: =$L46*AL46 -> 0 | BT46: =$L46*AM46 -> 1 | BU46: =$L46*AN46 -> 0 | BV46: =$L46*AO46 -> 0 | BW46: =$L46*AP46 -> 1 | ... CV46: =$L46*BO46 -> 0
A47: 156 | B47: 000384260 | C47: M社（Ｎ） | E47: VU-LA004 | F47: V8-4BH | G47: VU-LA004 | H47: 1892581-2 | I47: 単体 | J47: 1 | L47: 1 | M47: 46043 | N47: 46055 | O47: 46052 | P47: 46052 | S47: VU-LA004 | U47: V8 | V47: =TEXT(N47,"YY/MM") -> 26/02 | W47: 21370 | Y47: LAZ101 | Z47: LAY001 | AD47: 8231 | AI47: 1 | AJ47: 1 | AK47: 0 | AL47: 0 | AM47: 1 | AN47: 0 | AO47: 1 | AP47: 0 | AQ47: 0 | AR47: 0 | AS47: 0 | AT47: 1 | AU47: 1 | AV47: 0 | AW47: 0 | AX47: 1 | AY47: 0 | AZ47: 0 | BA47: 0 | BB47: 1 | BC47: 0 | BD47: 0 | BE47: 0 | BF47: 1 | BG47: 0 | BH47: 0 | BI47: 0 | BJ47: 0 | BK47: 0 | BL47: 0 | BM47: 0 | BN47: 0 | BO47: 0 | BP47: =$L47*AI47 -> 1 | BQ47: =$L47*AJ47 -> 1 | BR47: =$L47*AK47 -> 0 | BS47: =$L47*AL47 -> 0 | BT47: =$L47*AM47 -> 1 | BU47: =$L47*AN47 -> 0 | BV47: =$L47*AO47 -> 1 | BW47: =$L47*AP47 -> 0 | ... CV47: =$L47*BO47 -> 0
A48: 155 | B48: 000386911 | C48: M社（Ｎ） | E48: VU-LA004 | F48: V8-4BH | G48: VU-LA004 | H48: 1892581-2 | I48: 単体 | J48: 1 | L48: 1 | M48: 46043 | N48: 46055 | O48: 46052 | P48: 46052 | S48: VU-LA004 | U48: V8 | V48: =TEXT(N48,"YY/MM") -> 26/02 | W48: 21371 | Y48: LAZ101 | Z48: LAY001 | AD48: 8232 | AI48: 1 | AJ48: 1 | AK48: 0 | AL48: 0 | AM48: 1 | AN48: 0 | AO48: 1 | AP48: 0 | AQ48: 0 | AR48: 0 | AS48: 0 | AT48: 1 | AU48: 1 | AV48: 0 | AW48: 0 | AX48: 1 | AY48: 0 | AZ48: 0 | BA48: 0 | BB48: 1 | BC48: 0 | BD48: 0 | BE48: 0 | BF48: 1 | BG48: 0 | BH48: 0 | BI48: 0 | BJ48: 0 | BK48: 0 | BL48: 0 | BM48: 0 | BN48: 0 | BO48: 0 | BP48: =$L48*AI48 -> 1 | BQ48: =$L48*AJ48 -> 1 | BR48: =$L48*AK48 -> 0 | BS48: =$L48*AL48 -> 0 | BT48: =$L48*AM48 -> 1 | BU48: =$L48*AN48 -> 0 | BV48: =$L48*AO48 -> 1 | BW48: =$L48*AP48 -> 0 | ... CV48: =$L48*BO48 -> 0
A49: 166 | B49: 000377934 | C49: 南海 | D49: りんくうタウン | F49: 南海V8EXV | G49: 3S2EU-FBP-1001 | H49: 2800681-5 | I49: 機器 | J49: 1 | K49: 回転台 | L49: 1 | M49: 46044 | N49: 46056 | O49: 46055 | P49: 46058 | S49: VU-LB106 | U49: V8 | V49: =TEXT(N49,"YY/MM") -> 26/02 | W49: 21372 | Y49: LAZ101 | Z49: LAY001 | AD49: 8233 | AI49: 1 | AJ49: 1 | AK49: 0 | AL49: 0 | AM49: 1 | AN49: 0 | AO49: 1 | AP49: 0 | AQ49: 0 | AR49: 0 | AS49: 1 | AT49: 0 | AU49: 1 | AV49: 0 | AW49: 0 | AX49: 1 | AY49: 0 | AZ49: 0 | BA49: 0 | BB49: 1 | BC49: 0 | BD49: 0 | BE49: 0 | BF49: 1 | BG49: 0 | BH49: 0 | BI49: 0 | BJ49: 0 | BK49: 0 | BL49: 0 | BM49: 0 | BN49: 0 | BO49: 0 | BP49: =$L49*AI49 -> 1 | BQ49: =$L49*AJ49 -> 1 | BR49: =$L49*AK49 -> 0 | BS49: =$L49*AL49 -> 0 | BT49: =$L49*AM49 -> 1 | BU49: =$L49*AN49 -> 0 | BV49: =$L49*AO49 -> 1 | BW49: =$L49*AP49 -> 0 | ... CV49: =$L49*BO49 -> 0
A50: 174 | B50: 000382606 | C50: JREM | D50: 都留文科大学前駅 | E50: 本屋 | F50: JR東EV20総(標準) | G50: 3S2VU-PDP-0004 | H50: 5819600-7 | I50: 機器 | J50: 0 | L50: 1 | M50: 46051 | N50: 46063 | O50: 46062 | P50: 46066 | S50: VU-LD091 | U50: V8 | V50: =TEXT(N50,"YY/MM") -> 26/02 | W50: 21373 | Y50: LAZ201 | Z50: LAY001 | AG50: 3532 | AI50: 1 | AJ50: 1 | AK50: 0 | AL50: 0 | AM50: 1 | AN50: 0 | AO50: 0 | AP50: 0 | AQ50: 1 | AR50: 0 | AS50: 1 | AT50: 0 | AU50: 0 | AV50: 0 | AW50: 1 | AX50: 0 | AY50: 0 | AZ50: 0 | BA50: 1 | BB50: 0 | BC50: 0 | BD50: 0 | BE50: 1 | BF50: 1 | BG50: 0 | BH50: 0 | BI50: 0 | BJ50: 0 | BK50: 0 | BL50: 0 | BM50: 0 | BN50: 0 | BO50: 0 | BP50: =$L50*AI50 -> 1 | BQ50: =$L50*AJ50 -> 1 | BR50: =$L50*AK50 -> 0 | BS50: =$L50*AL50 -> 0 | BT50: =$L50*AM50 -> 1 | BU50: =$L50*AN50 -> 0 | BV50: =$L50*AO50 -> 0 | BW50: =$L50*AP50 -> 0 | ... CV50: =$L50*BO50 -> 0
A51: 179 | B51: 000371350 | C51: JR西 | D51: 西明石 | E51: VU-LB102 | F51: V8-4BH | G51: VU-LB102 | H51: 9909170-8 | I51: 単体 | J51: 0 | L51: 1 | M51: 46058 | N51: 46071 | O51: 46070 | P51: 46070 | S51: VU-LB102 | U51: V8 | V51: =TEXT(N51,"YY/MM") -> 26/02 | W51: 21374 | Y51: LAZ102 | Z51: LAY001 | AE51: 1255 | AI51: 1 | AJ51: 1 | AK51: 0 | AL51: 0 | AM51: 1 | AN51: 0 | AO51: 0 | AP51: 1 | AQ51: 0 | AR51: 0 | AS51: 1 | AT51: 0 | AU51: 1 | AV51: 0 | AW51: 0 | AX51: 1 | AY51: 0 | AZ51: 0 | BA51: 0 | BB51: 1 | BC51: 0 | BD51: 0 | BE51: 0 | BF51: 1 | BG51: 0 | BH51: 0 | BI51: 0 | BJ51: 0 | BK51: 0 | BL51: 0 | BM51: 0 | BN51: 0 | BO51: 0 | BP51: =$L51*AI51 -> 1 | BQ51: =$L51*AJ51 -> 1 | BR51: =$L51*AK51 -> 0 | BS51: =$L51*AL51 -> 0 | BT51: =$L51*AM51 -> 1 | BU51: =$L51*AN51 -> 0 | BV51: =$L51*AO51 -> 0 | BW51: =$L51*AP51 -> 1 | ... CV51: =$L51*BO51 -> 0
A52: 180 | B52: 000385311 | C52: あいの風とやま（西） | D52: トレセン | E52: VU-LB102 | F52: V8-4BH | G52: VU-LB102 | H52: 9909170-8 | I52: 単体 | J52: 0 | L52: 1 | M52: 46059 | N52: 46072 | O52: 46071 | P52: 46071 | S52: VU-LB102 | U52: V8 | V52: =TEXT(N52,"YY/MM") -> 26/02 | W52: 21375 | Y52: LAZ102 | Z52: LAY001 | AE52: 1256 | AI52: 1 | AJ52: 1 | AK52: 0 | AL52: 0 | AM52: 1 | AN52: 0 | AO52: 0 | AP52: 1 | AQ52: 0 | AR52: 0 | AS52: 1 | AT52: 0 | AU52: 1 | AV52: 0 | AW52: 0 | AX52: 1 | AY52: 0 | AZ52: 0 | BA52: 0 | BB52: 1 | BC52: 0 | BD52: 0 | BE52: 0 | BF52: 1 | BG52: 0 | BH52: 0 | BI52: 0 | BJ52: 0 | BK52: 0 | BL52: 0 | BM52: 0 | BN52: 0 | BO52: 0 | BP52: =$L52*AI52 -> 1 | BQ52: =$L52*AJ52 -> 1 | BR52: =$L52*AK52 -> 0 | BS52: =$L52*AL52 -> 0 | BT52: =$L52*AM52 -> 1 | BU52: =$L52*AN52 -> 0 | BV52: =$L52*AO52 -> 0 | BW52: =$L52*AP52 -> 1 | ... CV52: =$L52*BO52 -> 0
A53: 183 | B53: 000398704 | C53: N社（Ｎ） | E53: VU-LA007 | F53: V8-4BH | G53: VU-LA007 | H53: 3251849-9 | I53: 単体 | J53: 1 | L53: 1 | M53: 46072 | N53: 46085 | O53: 46084 | P53: 46084 | S53: VU-LA007 | U53: V8 | V53: =TEXT(N53,"YY/MM") -> 26/03 | W53: 21376 | Y53: LAZ002 | Z53: LAY002 | AA53: 3220 | AI53: 1 | AJ53: 1 | AK53: 0 | AL53: 0 | AM53: 1 | AN53: 0 | AO53: 1 | AP53: 0 | AQ53: 0 | AR53: 0 | AS53: 0 | AT53: 1 | AU53: 1 | AV53: 0 | AW53: 0 | AX53: 1 | AY53: 0 | AZ53: 0 | BA53: 0 | BB53: 1 | BC53: 0 | BD53: 0 | BE53: 0 | BF53: 1 | BG53: 0 | BH53: 0 | BI53: 0 | BJ53: 0 | BK53: 0 | BL53: 0 | BM53: 0 | BN53: 0 | BO53: 0 | BP53: =$L53*AI53 -> 1 | BQ53: =$L53*AJ53 -> 1 | BR53: =$L53*AK53 -> 0 | BS53: =$L53*AL53 -> 0 | BT53: =$L53*AM53 -> 1 | BU53: =$L53*AN53 -> 0 | BV53: =$L53*AO53 -> 1 | BW53: =$L53*AP53 -> 0 | ... CV53: =$L53*BO53 -> 0
A54: 187 | B54: 000398707 | C54: N社（Ｎ） | E54: VU-LA007 | F54: V8-4BH | G54: VU-LA007 | H54: 3251849-9 | I54: 単体 | J54: 1 | L54: 1 | M54: 46073 | N54: 46086 | O54: 46085 | P54: 46085 | S54: VU-LA007 | U54: V8 | V54: =TEXT(N54,"YY/MM") -> 26/03 | W54: 21377 | Y54: LAZ002 | Z54: LAY002 | AA54: 3221 | AI54: 1 | AJ54: 1 | AK54: 0 | AL54: 0 | AM54: 1 | AN54: 0 | AO54: 1 | AP54: 0 | AQ54: 0 | AR54: 0 | AS54: 0 | AT54: 1 | AU54: 1 | AV54: 0 | AW54: 0 | AX54: 1 | AY54: 0 | AZ54: 0 | BA54: 0 | BB54: 1 | BC54: 0 | BD54: 0 | BE54: 0 | BF54: 1 | BG54: 0 | BH54: 0 | BI54: 0 | BJ54: 0 | BK54: 0 | BL54: 0 | BM54: 0 | BN54: 0 | BO54: 0 | BP54: =$L54*AI54 -> 1 | BQ54: =$L54*AJ54 -> 1 | BR54: =$L54*AK54 -> 0 | BS54: =$L54*AL54 -> 0 | BT54: =$L54*AM54 -> 1 | BU54: =$L54*AN54 -> 0 | BV54: =$L54*AO54 -> 1 | BW54: =$L54*AP54 -> 0 | ... CV54: =$L54*BO54 -> 0
A55: 188 | B55: 000398709 | C55: N社（Ｎ） | E55: VU-LA007 | F55: V8-4BH | G55: VU-LA007 | H55: 3251849-9 | I55: 単体 | J55: 1 | L55: 1 | M55: 46077 | N55: 46087 | O55: 46086 | P55: 46086 | S55: VU-LA007 | U55: V8 | V55: =TEXT(N55,"YY/MM") -> 26/03 | W55: 21378 | Y55: LAZ002 | Z55: LAY002 | AA55: 3222 | AI55: 1 | AJ55: 1 | AK55: 0 | AL55: 0 | AM55: 1 | AN55: 0 | AO55: 1 | AP55: 0 | AQ55: 0 | AR55: 0 | AS55: 0 | AT55: 1 | AU55: 1 | AV55: 0 | AW55: 0 | AX55: 1 | AY55: 0 | AZ55: 0 | BA55: 0 | BB55: 1 | BC55: 0 | BD55: 0 | BE55: 0 | BF55: 1 | BG55: 0 | BH55: 0 | BI55: 0 | BJ55: 0 | BK55: 0 | BL55: 0 | BM55: 0 | BN55: 0 | BO55: 0 | BP55: =$L55*AI55 -> 1 | BQ55: =$L55*AJ55 -> 1 | BR55: =$L55*AK55 -> 0 | BS55: =$L55*AL55 -> 0 | BT55: =$L55*AM55 -> 1 | BU55: =$L55*AN55 -> 0 | BV55: =$L55*AO55 -> 1 | BW55: =$L55*AP55 -> 0 | ... CV55: =$L55*BO55 -> 0
A56: 190 | B56: 000398706 | C56: N社（Ｎ） | E56: VU-LA007 | F56: V8-4BH | G56: VU-LA007 | H56: 3251849-9 | I56: 単体 | J56: 1 | L56: 1 | M56: 46078 | N56: 46090 | O56: 46087 | P56: 46087 | S56: VU-LA007 | U56: V8 | V56: =TEXT(N56,"YY/MM") -> 26/03 | W56: 21379 | Y56: LAZ002 | Z56: LAY002 | AA56: 3223 | AI56: 1 | AJ56: 1 | AK56: 0 | AL56: 0 | AM56: 1 | AN56: 0 | AO56: 1 | AP56: 0 | AQ56: 0 | AR56: 0 | AS56: 0 | AT56: 1 | AU56: 1 | AV56: 0 | AW56: 0 | AX56: 1 | AY56: 0 | AZ56: 0 | BA56: 0 | BB56: 1 | BC56: 0 | BD56: 0 | BE56: 0 | BF56: 1 | BG56: 0 | BH56: 0 | BI56: 0 | BJ56: 0 | BK56: 0 | BL56: 0 | BM56: 0 | BN56: 0 | BO56: 0 | BP56: =$L56*AI56 -> 1 | BQ56: =$L56*AJ56 -> 1 | BR56: =$L56*AK56 -> 0 | BS56: =$L56*AL56 -> 0 | BT56: =$L56*AM56 -> 1 | BU56: =$L56*AN56 -> 0 | BV56: =$L56*AO56 -> 1 | BW56: =$L56*AP56 -> 0 | ... CV56: =$L56*BO56 -> 0
A57: 192 | B57: 000389162 | C57: N社（Ｎ） | E57: VU-LA007 | F57: V8-4BH | G57: VU-LA007 | H57: 3251849-9 | I57: 単体 | J57: 1 | L57: 1 | M57: 46079 | N57: 46091 | O57: 46090 | P57: 46090 | S57: VU-LA007 | U57: V8 | V57: =TEXT(N57,"YY/MM") -> 26/03 | W57: 21380 | Y57: LAZ002 | Z57: LAY002 | AA57: 3224 | AI57: 1 | AJ57: 1 | AK57: 0 | AL57: 0 | AM57: 1 | AN57: 0 | AO57: 1 | AP57: 0 | AQ57: 0 | AR57: 0 | AS57: 0 | AT57: 1 | AU57: 1 | AV57: 0 | AW57: 0 | AX57: 1 | AY57: 0 | AZ57: 0 | BA57: 0 | BB57: 1 | BC57: 0 | BD57: 0 | BE57: 0 | BF57: 1 | BG57: 0 | BH57: 0 | BI57: 0 | BJ57: 0 | BK57: 0 | BL57: 0 | BM57: 0 | BN57: 0 | BO57: 0 | BP57: =$L57*AI57 -> 1 | BQ57: =$L57*AJ57 -> 1 | BR57: =$L57*AK57 -> 0 | BS57: =$L57*AL57 -> 0 | BT57: =$L57*AM57 -> 1 | BU57: =$L57*AN57 -> 0 | BV57: =$L57*AO57 -> 1 | BW57: =$L57*AP57 -> 0 | ... CV57: =$L57*BO57 -> 0
A58: 194 | B58: 000398705 | C58: N社（Ｎ） | E58: VU-LA007 | F58: V8-4BH | G58: VU-LA007 | H58: 3251849-9 | I58: 単体 | J58: 1 | L58: 1 | M58: 46080 | N58: 46092 | O58: 46091 | P58: 46091 | S58: VU-LA007 | U58: V8 | V58: =TEXT(N58,"YY/MM") -> 26/03 | W58: 21381 | Y58: LAZ002 | Z58: LAY002 | AA58: 3225 | AI58: 1 | AJ58: 1 | AK58: 0 | AL58: 0 | AM58: 1 | AN58: 0 | AO58: 1 | AP58: 0 | AQ58: 0 | AR58: 0 | AS58: 0 | AT58: 1 | AU58: 1 | AV58: 0 | AW58: 0 | AX58: 1 | AY58: 0 | AZ58: 0 | BA58: 0 | BB58: 1 | BC58: 0 | BD58: 0 | BE58: 0 | BF58: 1 | BG58: 0 | BH58: 0 | BI58: 0 | BJ58: 0 | BK58: 0 | BL58: 0 | BM58: 0 | BN58: 0 | BO58: 0 | BP58: =$L58*AI58 -> 1 | BQ58: =$L58*AJ58 -> 1 | BR58: =$L58*AK58 -> 0 | BS58: =$L58*AL58 -> 0 | BT58: =$L58*AM58 -> 1 | BU58: =$L58*AN58 -> 0 | BV58: =$L58*AO58 -> 1 | BW58: =$L58*AP58 -> 0 | ... CV58: =$L58*BO58 -> 0
A59: 196 | B59: 000397524 | C59: JREM | D59: 昭和島駅 | E59: 待合室 | F59: 東モノEX20総（V） | G59: 3S2EU-KRP-1002 | H59: 5833406-0 | I59: 機器 | J59: 1 | K59: スカート | L59: 1 | M59: 46080 | N59: 46092 | O59: 46091 | P59: 46094 | S59: VU-LD091 | U59: V8 | V59: =TEXT(N59,"YY/MM") -> 26/03 | W59: 21382 | Y59: LAZ201 | Z59: LAY001 | AG59: 3533 | AI59: 1 | AJ59: 1 | AK59: 0 | AL59: 0 | AM59: 1 | AN59: 0 | AO59: 0 | AP59: 0 | AQ59: 1 | AR59: 0 | AS59: 1 | AT59: 0 | AU59: 0 | AV59: 0 | AW59: 1 | AX59: 0 | AY59: 0 | AZ59: 0 | BA59: 1 | BB59: 0 | BC59: 0 | BD59: 0 | BE59: 1 | BF59: 1 | BG59: 0 | BH59: 0 | BI59: 0 | BJ59: 0 | BK59: 0 | BL59: 0 | BM59: 0 | BN59: 0 | BO59: 0 | BP59: =$L59*AI59 -> 1 | BQ59: =$L59*AJ59 -> 1 | BR59: =$L59*AK59 -> 0 | BS59: =$L59*AL59 -> 0 | BT59: =$L59*AM59 -> 1 | BU59: =$L59*AN59 -> 0 | BV59: =$L59*AO59 -> 0 | BW59: =$L59*AP59 -> 0 | ... CV59: =$L59*BO59 -> 0
A60: 195 | B60: 000398708 | C60: N社（Ｎ） | E60: VU-LA007 | F60: V8-4BH | G60: VU-LA007 | H60: 3251849-9 | I60: 単体 | J60: 1 | L60: 1 | M60: 46083 | N60: 46093 | O60: 46092 | P60: 46092 | S60: VU-LA007 | U60: V8 | V60: =TEXT(N60,"YY/MM") -> 26/03 | W60: 21383 | Y60: LAZ002 | Z60: LAY002 | AA60: 3226 | AI60: 1 | AJ60: 1 | AK60: 0 | AL60: 0 | AM60: 1 | AN60: 0 | AO60: 1 | AP60: 0 | AQ60: 0 | AR60: 0 | AS60: 0 | AT60: 1 | AU60: 1 | AV60: 0 | AW60: 0 | AX60: 1 | AY60: 0 | AZ60: 0 | BA60: 0 | BB60: 1 | BC60: 0 | BD60: 0 | BE60: 0 | BF60: 1 | BG60: 0 | BH60: 0 | BI60: 0 | BJ60: 0 | BK60: 0 | BL60: 0 | BM60: 0 | BN60: 0 | BO60: 0 | BP60: =$L60*AI60 -> 1 | BQ60: =$L60*AJ60 -> 1 | BR60: =$L60*AK60 -> 0 | BS60: =$L60*AL60 -> 0 | BT60: =$L60*AM60 -> 1 | BU60: =$L60*AN60 -> 0 | BV60: =$L60*AO60 -> 1 | BW60: =$L60*AP60 -> 0 | ... CV60: =$L60*BO60 -> 0
A61: 197 | B61: 000397525 | C61: JREM | D61: 整備場 | E61: 本屋 | F61: 東モノEX20総（V） | G61: 3S2EU-KRP-1001 | H61: 5833401-9 | I61: 機器 | J61: 1 | K61: 回転台 | L61: 1 | M61: 46083 | N61: 46093 | O61: 46092 | P61: 46097 | S61: VU-LD091 | U61: V8 | V61: =TEXT(N61,"YY/MM") -> 26/03 | W61: 21384 | Y61: LAZ201 | Z61: LAY001 | AG61: 3534 | AI61: 1 | AJ61: 1 | AK61: 0 | AL61: 0 | AM61: 1 | AN61: 0 | AO61: 0 | AP61: 0 | AQ61: 1 | AR61: 0 | AS61: 1 | AT61: 0 | AU61: 0 | AV61: 0 | AW61: 1 | AX61: 0 | AY61: 0 | AZ61: 0 | BA61: 1 | BB61: 0 | BC61: 0 | BD61: 0 | BE61: 1 | BF61: 1 | BG61: 0 | BH61: 0 | BI61: 0 | BJ61: 0 | BK61: 0 | BL61: 0 | BM61: 0 | BN61: 0 | BO61: 0 | BP61: =$L61*AI61 -> 1 | BQ61: =$L61*AJ61 -> 1 | BR61: =$L61*AK61 -> 0 | BS61: =$L61*AL61 -> 0 | BT61: =$L61*AM61 -> 1 | BU61: =$L61*AN61 -> 0 | BV61: =$L61*AO61 -> 0 | BW61: =$L61*AP61 -> 0 | ... CV61: =$L61*BO61 -> 0
A62: 199 | B62: 000397523 | C62: JREM | D62: 大井競馬場前 | F62: 東モノEX20総（V） | G62: 3S2EU-KRP-1002 | H62: 5833406-0 | I62: 機器 | J62: 1 | K62: スカート | L62: 1 | M62: 46085 | N62: 46097 | O62: 46094 | P62: 46099 | S62: VU-LD091 | U62: V8 | V62: =TEXT(N62,"YY/MM") -> 26/03 | W62: 21385 | Y62: LAZ201 | Z62: LAY001 | AG62: 3535 | AI62: 1 | AJ62: 1 | AK62: 0 | AL62: 0 | AM62: 1 | AN62: 0 | AO62: 0 | AP62: 0 | AQ62: 1 | AR62: 0 | AS62: 1 | AT62: 0 | AU62: 0 | AV62: 0 | AW62: 1 | AX62: 0 | AY62: 0 | AZ62: 0 | BA62: 1 | BB62: 0 | BC62: 0 | BD62: 0 | BE62: 1 | BF62: 1 | BG62: 0 | BH62: 0 | BI62: 0 | BJ62: 0 | BK62: 0 | BL62: 0 | BM62: 0 | BN62: 0 | BO62: 0 | BP62: =$L62*AI62 -> 1 | BQ62: =$L62*AJ62 -> 1 | BR62: =$L62*AK62 -> 0 | BS62: =$L62*AL62 -> 0 | BT62: =$L62*AM62 -> 1 | BU62: =$L62*AN62 -> 0 | BV62: =$L62*AO62 -> 0 | BW62: =$L62*AP62 -> 0 | ... CV62: =$L62*BO62 -> 0
A63: 198 | B63: 000390898 | C63: JR西 | D63: 南田辺 | F63: V8-4BH | G63: VU-LB112 | H63: 5613530-2 | I63: 単体 | J63: 0 | K63: M社クロス用BH | L63: 1 | M63: 46087 | N63: 46099 | O63: 46098 | P63: 46098 | S63: VU-LB112 | U63: V8 | V63: =TEXT(N63,"YY/MM") -> 26/03 | W63: 21386 | Y63: LAZ102 | Z63: LAY001 | AE63: 1257 | AI63: 1 | AJ63: 1 | AK63: 0 | AL63: 0 | AM63: 1 | AN63: 0 | AO63: 0 | AP63: 1 | AQ63: 0 | AR63: 0 | AS63: 1 | AT63: 0 | AU63: 1 | AV63: 0 | AW63: 0 | AX63: 1 | AY63: 0 | AZ63: 0 | BA63: 0 | BB63: 1 | BC63: 0 | BD63: 0 | BE63: 0 | BF63: 1 | BG63: 0 | BH63: 0 | BI63: 0 | BJ63: 0 | BK63: 0 | BL63: 0 | BM63: 0 | BN63: 0 | BO63: 0 | BP63: =$L63*AI63 -> 1 | BQ63: =$L63*AJ63 -> 1 | BR63: =$L63*AK63 -> 0 | BS63: =$L63*AL63 -> 0 | BT63: =$L63*AM63 -> 1 | BU63: =$L63*AN63 -> 0 | BV63: =$L63*AO63 -> 0 | BW63: =$L63*AP63 -> 1 | ... CV63: =$L63*BO63 -> 0
A64: 203 | B64: 000389155 | C64: JREM | D64: 流通センター | E64: 本屋 | F64: 東モノEX20総（V） | G64: 3S2EU-KRP-0001 | H64: 5821604-0 | I64: 機器 | J64: 1 | K64: はめこみ | L64: 1 | M64: 46087 | N64: 46099 | O64: 46098 | P64: 46104 | S64: VU-LD091 | U64: V8 | V64: =TEXT(N64,"YY/MM") -> 26/03 | W64: 21387 | Y64: LAZ201 | Z64: LAY001 | AG64: 3536 | AI64: 1 | AJ64: 1 | AK64: 0 | AL64: 0 | AM64: 1 | AN64: 0 | AO64: 0 | AP64: 0 | AQ64: 1 | AR64: 0 | AS64: 1 | AT64: 0 | AU64: 0 | AV64: 0 | AW64: 1 | AX64: 0 | AY64: 0 | AZ64: 0 | BA64: 1 | BB64: 0 | BC64: 0 | BD64: 0 | BE64: 1 | BF64: 1 | BG64: 0 | BH64: 0 | BI64: 0 | BJ64: 0 | BK64: 0 | BL64: 0 | BM64: 0 | BN64: 0 | BO64: 0 | BP64: =$L64*AI64 -> 1 | BQ64: =$L64*AJ64 -> 1 | BR64: =$L64*AK64 -> 0 | BS64: =$L64*AL64 -> 0 | BT64: =$L64*AM64 -> 1 | BU64: =$L64*AN64 -> 0 | BV64: =$L64*AO64 -> 0 | BW64: =$L64*AP64 -> 0 | ... CV64: =$L64*BO64 -> 0
A65: 200 | B65: 000390886 | C65: JR西 | D65: 富木 | E65: 西口 | F65: V8-4BH | G65: VU-LB112 | H65: 5613530-2 | I65: 単体 | J65: 0 | K65: M社クロス用BH | L65: 1 | M65: 46090 | N65: 46100 | O65: 46099 | P65: 46099 | S65: VU-LB112 | U65: V8 | V65: =TEXT(N65,"YY/MM") -> 26/03 | W65: 21388 | Y65: LAZ102 | Z65: LAY001 | AE65: 1258 | AI65: 1 | AJ65: 1 | AK65: 0 | AL65: 0 | AM65: 1 | AN65: 0 | AO65: 0 | AP65: 1 | AQ65: 0 | AR65: 0 | AS65: 1 | AT65: 0 | AU65: 1 | AV65: 0 | AW65: 0 | AX65: 1 | AY65: 0 | AZ65: 0 | BA65: 0 | BB65: 1 | BC65: 0 | BD65: 0 | BE65: 0 | BF65: 1 | BG65: 0 | BH65: 0 | BI65: 0 | BJ65: 0 | BK65: 0 | BL65: 0 | BM65: 0 | BN65: 0 | BO65: 0 | BP65: =$L65*AI65 -> 1 | BQ65: =$L65*AJ65 -> 1 | BR65: =$L65*AK65 -> 0 | BS65: =$L65*AL65 -> 0 | BT65: =$L65*AM65 -> 1 | BU65: =$L65*AN65 -> 0 | BV65: =$L65*AO65 -> 0 | BW65: =$L65*AP65 -> 1 | ... CV65: =$L65*BO65 -> 0
A66: 201 | B66: 000390892 | C66: JR西 | D66: 富木 | E66: 東口 | F66: V8-4BH | G66: VU-LB112 | H66: 5613530-2 | I66: 単体 | J66: 0 | K66: M社クロス用BH | L66: 1 | M66: 46091 | N66: 46104 | O66: 46100 | P66: 46100 | S66: VU-LB112 | U66: V8 | V66: =TEXT(N66,"YY/MM") -> 26/03 | W66: 21389 | Y66: LAZ102 | Z66: LAY001 | AE66: 1259 | AI66: 1 | AJ66: 1 | AK66: 0 | AL66: 0 | AM66: 1 | AN66: 0 | AO66: 0 | AP66: 1 | AQ66: 0 | AR66: 0 | AS66: 1 | AT66: 0 | AU66: 1 | AV66: 0 | AW66: 0 | AX66: 1 | AY66: 0 | AZ66: 0 | BA66: 0 | BB66: 1 | BC66: 0 | BD66: 0 | BE66: 0 | BF66: 1 | BG66: 0 | BH66: 0 | BI66: 0 | BJ66: 0 | BK66: 0 | BL66: 0 | BM66: 0 | BN66: 0 | BO66: 0 | BP66: =$L66*AI66 -> 1 | BQ66: =$L66*AJ66 -> 1 | BR66: =$L66*AK66 -> 0 | BS66: =$L66*AL66 -> 0 | BT66: =$L66*AM66 -> 1 | BU66: =$L66*AN66 -> 0 | BV66: =$L66*AO66 -> 0 | BW66: =$L66*AP66 -> 1 | ... CV66: =$L66*BO66 -> 0
A67: 204 | B67: 000390904 | C67: JR西 | D67: 浅香 | F67: V8-4BH | G67: VU-LB112 | H67: 5613530-2 | I67: 単体 | J67: 0 | K67: M社クロス用BH | L67: 1 | M67: 46092 | N67: 46105 | O67: 46104 | P67: 46104 | S67: VU-LB112 | U67: V8 | V67: =TEXT(N67,"YY/MM") -> 26/03 | W67: 21390 | Y67: LAZ102 | Z67: LAY001 | AE67: 1260 | AI67: 1 | AJ67: 1 | AK67: 0 | AL67: 0 | AM67: 1 | AN67: 0 | AO67: 0 | AP67: 1 | AQ67: 0 | AR67: 0 | AS67: 1 | AT67: 0 | AU67: 1 | AV67: 0 | AW67: 0 | AX67: 1 | AY67: 0 | AZ67: 0 | BA67: 0 | BB67: 1 | BC67: 0 | BD67: 0 | BE67: 0 | BF67: 1 | BG67: 0 | BH67: 0 | BI67: 0 | BJ67: 0 | BK67: 0 | BL67: 0 | BM67: 0 | BN67: 0 | BO67: 0 | BP67: =$L67*AI67 -> 1 | BQ67: =$L67*AJ67 -> 1 | BR67: =$L67*AK67 -> 0 | BS67: =$L67*AL67 -> 0 | BT67: =$L67*AM67 -> 1 | BU67: =$L67*AN67 -> 0 | BV67: =$L67*AO67 -> 0 | BW67: =$L67*AP67 -> 1 | ... CV67: =$L67*BO67 -> 0
A68: 205 | B68: 000394157 | C68: JR西 | D68: 紀三井寺 | E68: 西口 | F68: V8-4BH | G68: VU-LB112 | H68: 5613530-2 | I68: 単体 | J68: 0 | K68: M社クロス用BH | L68: 1 | M68: 46093 | N68: 46106 | O68: 46105 | P68: 46105 | S68: VU-LB112 | U68: V8 | V68: =TEXT(N68,"YY/MM") -> 26/03 | W68: 21391 | Y68: LAZ102 | Z68: LAY001 | AE68: 1261 | AI68: 1 | AJ68: 1 | AK68: 0 | AL68: 0 | AM68: 1 | AN68: 0 | AO68: 0 | AP68: 1 | AQ68: 0 | AR68: 0 | AS68: 1 | AT68: 0 | AU68: 1 | AV68: 0 | AW68: 0 | AX68: 1 | AY68: 0 | AZ68: 0 | BA68: 0 | BB68: 1 | BC68: 0 | BD68: 0 | BE68: 0 | BF68: 1 | BG68: 0 | BH68: 0 | BI68: 0 | BJ68: 0 | BK68: 0 | BL68: 0 | BM68: 0 | BN68: 0 | BO68: 0 | BP68: =$L68*AI68 -> 1 | BQ68: =$L68*AJ68 -> 1 | BR68: =$L68*AK68 -> 0 | BS68: =$L68*AL68 -> 0 | BT68: =$L68*AM68 -> 1 | BU68: =$L68*AN68 -> 0 | BV68: =$L68*AO68 -> 0 | BW68: =$L68*AP68 -> 1 | ... CV68: =$L68*BO68 -> 0
A69: 208 | B69: 000385304 | C69: 南海 | D69: 浜寺公園 | E69: 未定 | F69: 南海V8EXV | G69: 3S2EU-FBP-0001 | H69: 2800663-7 | I69: 機器 | J69: 0 | K69: はめこみ | L69: 1 | M69: 46093 | N69: 46113 | O69: 46112 | P69: 46115 | S69: VU-LB106 | U69: V8 | V69: =TEXT(N69,"YY/MM") -> 26/04 | W69: 21392 | Y69: LAZ101 | Z69: LAY001 | AD69: 8234 | AI69: 1 | AJ69: 1 | AK69: 0 | AL69: 0 | AM69: 1 | AN69: 0 | AO69: 1 | AP69: 0 | AQ69: 0 | AR69: 0 | AS69: 1 | AT69: 0 | AU69: 1 | AV69: 0 | AW69: 0 | AX69: 1 | AY69: 0 | AZ69: 0 | BA69: 0 | BB69: 1 | BC69: 0 | BD69: 0 | BE69: 0 | BF69: 1 | BG69: 0 | BH69: 0 | BI69: 0 | BJ69: 0 | BK69: 0 | BL69: 0 | BM69: 0 | BN69: 0 | BO69: 0 | BP69: =$L69*AI69 -> 1 | BQ69: =$L69*AJ69 -> 1 | BR69: =$L69*AK69 -> 0 | BS69: =$L69*AL69 -> 0 | BT69: =$L69*AM69 -> 1 | BU69: =$L69*AN69 -> 0 | BV69: =$L69*AO69 -> 1 | BW69: =$L69*AP69 -> 0 | ... CV69: =$L69*BO69 -> 0
A70: 209 | B70: 000393688 | C70: JREM | D70: 羽田空港第３ターミナル | E70: ３Ｆ改札 | F70: 東モノEX20総（V） | G70: 3S2EU-KRP-0001 | H70: 5821604-0 | I70: 機器 | J70: 1 | K70: はめこみ | L70: 1 | M70: 46094 | N70: 46114 | O70: 46113 | P70: 46118 | S70: VU-LD091 | U70: V8 | V70: =TEXT(N70,"YY/MM") -> 26/04 | W70: 21393 | Y70: LAZ201 | Z70: LAY001 | AG70: 3537 | AI70: 1 | AJ70: 1 | AK70: 0 | AL70: 0 | AM70: 1 | AN70: 0 | AO70: 0 | AP70: 0 | AQ70: 1 | AR70: 0 | AS70: 1 | AT70: 0 | AU70: 0 | AV70: 0 | AW70: 1 | AX70: 0 | AY70: 0 | AZ70: 0 | BA70: 1 | BB70: 0 | BC70: 0 | BD70: 0 | BE70: 1 | BF70: 1 | BG70: 0 | BH70: 0 | BI70: 0 | BJ70: 0 | BK70: 0 | BL70: 0 | BM70: 0 | BN70: 0 | BO70: 0 | BP70: =$L70*AI70 -> 1 | BQ70: =$L70*AJ70 -> 1 | BR70: =$L70*AK70 -> 0 | BS70: =$L70*AL70 -> 0 | BT70: =$L70*AM70 -> 1 | BU70: =$L70*AN70 -> 0 | BV70: =$L70*AO70 -> 0 | BW70: =$L70*AP70 -> 0 | ... CV70: =$L70*BO70 -> 0
A71: 210 | B71: 000397526 | C71: JREM | D71: 羽田空港第1ターミナル | E71: 南 | F71: 東モノEX20総（V） | G71: 3S2EU-KRP-0001 | H71: 5821604-0 | I71: 機器 | J71: 1 | K71: はめこみ | L71: 1 | M71: 46097 | N71: 46115 | O71: 46114 | P71: 46119 | S71: VU-LD091 | U71: V8 | V71: =TEXT(N71,"YY/MM") -> 26/04 | W71: 21394 | Y71: LAZ201 | Z71: LAY001 | AG71: 3538 | AI71: 1 | AJ71: 1 | AK71: 0 | AL71: 0 | AM71: 1 | AN71: 0 | AO71: 0 | AP71: 0 | AQ71: 1 | AR71: 0 | AS71: 1 | AT71: 0 | AU71: 0 | AV71: 0 | AW71: 1 | AX71: 0 | AY71: 0 | AZ71: 0 | BA71: 1 | BB71: 0 | BC71: 0 | BD71: 0 | BE71: 1 | BF71: 1 | BG71: 0 | BH71: 0 | BI71: 0 | BJ71: 0 | BK71: 0 | BL71: 0 | BM71: 0 | BN71: 0 | BO71: 0 | BP71: =$L71*AI71 -> 1 | BQ71: =$L71*AJ71 -> 1 | BR71: =$L71*AK71 -> 0 | BS71: =$L71*AL71 -> 0 | BT71: =$L71*AM71 -> 1 | BU71: =$L71*AN71 -> 0 | BV71: =$L71*AO71 -> 0 | BW71: =$L71*AP71 -> 0 | ... CV71: =$L71*BO71 -> 0
A72: 212 | B72: 000397527 | C72: JREM | D72: 羽田空港第1ターミナル | E72: 北 | F72: 東モノEX20総（V） | G72: 3S2EU-KRP-0001 | H72: 5821604-0 | I72: 機器 | J72: 1 | K72: はめこみ | L72: 1 | M72: 46098 | N72: 46118 | O72: 46115 | P72: 46120 | S72: VU-LD091 | U72: V8 | V72: =TEXT(N72,"YY/MM") -> 26/04 | W72: 21395 | Y72: LAZ201 | Z72: LAY001 | AG72: 3539 | AI72: 1 | AJ72: 1 | AK72: 0 | AL72: 0 | AM72: 1 | AN72: 0 | AO72: 0 | AP72: 0 | AQ72: 1 | AR72: 0 | AS72: 1 | AT72: 0 | AU72: 0 | AV72: 0 | AW72: 1 | AX72: 0 | AY72: 0 | AZ72: 0 | BA72: 1 | BB72: 0 | BC72: 0 | BD72: 0 | BE72: 1 | BF72: 1 | BG72: 0 | BH72: 0 | BI72: 0 | BJ72: 0 | BK72: 0 | BL72: 0 | BM72: 0 | BN72: 0 | BO72: 0 | BP72: =$L72*AI72 -> 1 | BQ72: =$L72*AJ72 -> 1 | BR72: =$L72*AK72 -> 0 | BS72: =$L72*AL72 -> 0 | BT72: =$L72*AM72 -> 1 | BU72: =$L72*AN72 -> 0 | BV72: =$L72*AO72 -> 0 | BW72: =$L72*AP72 -> 0 | ... CV72: =$L72*BO72 -> 0
A73: 221 | B73: 000397529 | C73: JREM | D73: 羽田空港第2ターミナル | E73: 南 | F73: 東モノEX20総（V） | G73: 3S2EU-KRP-0001 | H73: 5821604-0 | I73: 機器 | J73: 1 | K73: はめこみ | L73: 1 | M73: 46112 | N73: 46127 | O73: 46126 | P73: 46129 | S73: VU-LD091 | U73: V8 | V73: =TEXT(N73,"YY/MM") -> 26/04 | W73: 21396 | Y73: LAZ201 | Z73: LAY001 | AG73: 3540 | AI73: 1 | AJ73: 1 | AK73: 0 | AL73: 0 | AM73: 1 | AN73: 0 | AO73: 0 | AP73: 0 | AQ73: 1 | AR73: 0 | AS73: 1 | AT73: 0 | AU73: 0 | AV73: 0 | AW73: 1 | AX73: 0 | AY73: 0 | AZ73: 0 | BA73: 1 | BB73: 0 | BC73: 0 | BD73: 0 | BE73: 1 | BF73: 1 | BG73: 0 | BH73: 0 | BI73: 0 | BJ73: 0 | BK73: 0 | BL73: 0 | BM73: 0 | BN73: 0 | BO73: 0 | BP73: =$L73*AI73 -> 1 | BQ73: =$L73*AJ73 -> 1 | BR73: =$L73*AK73 -> 0 | BS73: =$L73*AL73 -> 0 | BT73: =$L73*AM73 -> 1 | BU73: =$L73*AN73 -> 0 | BV73: =$L73*AO73 -> 0 | BW73: =$L73*AP73 -> 0 | ... CV73: =$L73*BO73 -> 0
A74: 214 | B74: 000394163 | C74: JR西 | D74: 新家 | E74: 西口 | F74: V8-4BH | G74: VU-LB112 | H74: 5613530-2 | I74: 単体 | J74: 0 | K74: M社クロス用BH | L74: 1 | M74: 46118 | N74: 46128 | O74: 46127 | P74: 46127 | S74: VU-LB112 | U74: V8 | V74: =TEXT(N74,"YY/MM") -> 26/04 | W74: 21397 | Y74: LAZ102 | Z74: LAY001 | AE74: 1262 | AI74: 1 | AJ74: 1 | AK74: 0 | AL74: 0 | AM74: 1 | AN74: 0 | AO74: 0 | AP74: 1 | AQ74: 0 | AR74: 0 | AS74: 1 | AT74: 0 | AU74: 1 | AV74: 0 | AW74: 0 | AX74: 1 | AY74: 0 | AZ74: 0 | BA74: 0 | BB74: 1 | BC74: 0 | BD74: 0 | BE74: 0 | BF74: 1 | BG74: 0 | BH74: 0 | BI74: 0 | BJ74: 0 | BK74: 0 | BL74: 0 | BM74: 0 | BN74: 0 | BO74: 0 | BP74: =$L74*AI74 -> 1 | BQ74: =$L74*AJ74 -> 1 | BR74: =$L74*AK74 -> 0 | BS74: =$L74*AL74 -> 0 | BT74: =$L74*AM74 -> 1 | BU74: =$L74*AN74 -> 0 | BV74: =$L74*AO74 -> 0 | BW74: =$L74*AP74 -> 1 | ... CV74: =$L74*BO74 -> 0
A75: 215 | B75: 000394169 | C75: JR西 | D75: 新家 | E75: 東口 | F75: V8-4BH | G75: VU-LB112 | H75: 5613530-2 | I75: 単体 | J75: 0 | K75: M社クロス用BH | L75: 1 | M75: 46118 | N75: 46128 | O75: 46127 | P75: 46127 | S75: VU-LB112 | U75: V8 | V75: =TEXT(N75,"YY/MM") -> 26/04 | W75: 21398 | Y75: LAZ102 | Z75: LAY001 | AE75: 1263 | AI75: 1 | AJ75: 1 | AK75: 0 | AL75: 0 | AM75: 1 | AN75: 0 | AO75: 0 | AP75: 1 | AQ75: 0 | AR75: 0 | AS75: 1 | AT75: 0 | AU75: 1 | AV75: 0 | AW75: 0 | AX75: 1 | AY75: 0 | AZ75: 0 | BA75: 0 | BB75: 1 | BC75: 0 | BD75: 0 | BE75: 0 | BF75: 1 | BG75: 0 | BH75: 0 | BI75: 0 | BJ75: 0 | BK75: 0 | BL75: 0 | BM75: 0 | BN75: 0 | BO75: 0 | BP75: =$L75*AI75 -> 1 | BQ75: =$L75*AJ75 -> 1 | BR75: =$L75*AK75 -> 0 | BS75: =$L75*AL75 -> 0 | BT75: =$L75*AM75 -> 1 | BU75: =$L75*AN75 -> 0 | BV75: =$L75*AO75 -> 0 | BW75: =$L75*AP75 -> 1 | ... CV75: =$L75*BO75 -> 0
A76: 217 | B76: 000394175 | C76: JR西 | D76: 長居 | F76: V8-4BH | G76: VU-LB112 | H76: 5613530-2 | I76: 単体 | J76: 0 | K76: M社クロス用BH | L76: 1 | M76: 46118 | N76: 46128 | O76: 46127 | P76: 46127 | S76: VU-LB112 | U76: V8 | V76: =TEXT(N76,"YY/MM") -> 26/04 | W76: 21399 | Y76: LAZ102 | Z76: LAY001 | AE76: 1264 | AI76: 1 | AJ76: 1 | AK76: 0 | AL76: 0 | AM76: 1 | AN76: 0 | AO76: 0 | AP76: 1 | AQ76: 0 | AR76: 0 | AS76: 1 | AT76: 0 | AU76: 1 | AV76: 0 | AW76: 0 | AX76: 1 | AY76: 0 | AZ76: 0 | BA76: 0 | BB76: 1 | BC76: 0 | BD76: 0 | BE76: 0 | BF76: 1 | BG76: 0 | BH76: 0 | BI76: 0 | BJ76: 0 | BK76: 0 | BL76: 0 | BM76: 0 | BN76: 0 | BO76: 0 | BP76: =$L76*AI76 -> 1 | BQ76: =$L76*AJ76 -> 1 | BR76: =$L76*AK76 -> 0 | BS76: =$L76*AL76 -> 0 | BT76: =$L76*AM76 -> 1 | BU76: =$L76*AN76 -> 0 | BV76: =$L76*AO76 -> 0 | BW76: =$L76*AP76 -> 1 | ... CV76: =$L76*BO76 -> 0
A77: 216 | B77: 000394181 | C77: JR西 | D77: 大正 | F77: V8-4BH | G77: VU-LB112 | H77: 5613530-2 | I77: 単体 | J77: 0 | K77: M社クロス用BH | L77: 1 | M77: 46118 | N77: 46128 | O77: 46127 | P77: 46127 | S77: VU-LB112 | U77: V8 | V77: =TEXT(N77,"YY/MM") -> 26/04 | W77: 21400 | Y77: LAZ102 | Z77: LAY001 | AE77: 1265 | AI77: 1 | AJ77: 1 | AK77: 0 | AL77: 0 | AM77: 1 | AN77: 0 | AO77: 0 | AP77: 1 | AQ77: 0 | AR77: 0 | AS77: 1 | AT77: 0 | AU77: 1 | AV77: 0 | AW77: 0 | AX77: 1 | AY77: 0 | AZ77: 0 | BA77: 0 | BB77: 1 | BC77: 0 | BD77: 0 | BE77: 0 | BF77: 1 | BG77: 0 | BH77: 0 | BI77: 0 | BJ77: 0 | BK77: 0 | BL77: 0 | BM77: 0 | BN77: 0 | BO77: 0 | BP77: =$L77*AI77 -> 1 | BQ77: =$L77*AJ77 -> 1 | BR77: =$L77*AK77 -> 0 | BS77: =$L77*AL77 -> 0 | BT77: =$L77*AM77 -> 1 | BU77: =$L77*AN77 -> 0 | BV77: =$L77*AO77 -> 0 | BW77: =$L77*AP77 -> 1 | ... CV77: =$L77*BO77 -> 0
A78: 223 | B78: 000397528 | C78: JREM | D78: 羽田空港第2ターミナル | E78: 北 | F78: 東モノEX20総（V） | G78: 3S2EU-KRP-0001 | H78: 5821604-0 | I78: 機器 | J78: 1 | K78: はめこみ | L78: 1 | M78: 46115 | N78: 46132 | O78: 46129 | P78: 46134 | S78: VU-LD091 | U78: V8 | V78: =TEXT(N78,"YY/MM") -> 26/04 | W78: 21401 | Y78: LAZ201 | Z78: LAY001 | AG78: 3541 | AI78: 1 | AJ78: 1 | AK78: 0 | AL78: 0 | AM78: 1 | AN78: 0 | AO78: 0 | AP78: 0 | AQ78: 1 | AR78: 0 | AS78: 1 | AT78: 0 | AU78: 0 | AV78: 0 | AW78: 1 | AX78: 0 | AY78: 0 | AZ78: 0 | BA78: 1 | BB78: 0 | BC78: 0 | BD78: 0 | BE78: 1 | BF78: 1 | BG78: 0 | BH78: 0 | BI78: 0 | BJ78: 0 | BK78: 0 | BL78: 0 | BM78: 0 | BN78: 0 | BO78: 0 | BP78: =$L78*AI78 -> 1 | BQ78: =$L78*AJ78 -> 1 | BR78: =$L78*AK78 -> 0 | BS78: =$L78*AL78 -> 0 | BT78: =$L78*AM78 -> 1 | BU78: =$L78*AN78 -> 0 | BV78: =$L78*AO78 -> 0 | BW78: =$L78*AP78 -> 0 | ... CV78: =$L78*BO78 -> 0
A79: 225 | B79: 000390814 | C79: JR西 | D79: 新大阪 | F79: JR西FA70(EXV) | G79: 3S2EU-RDP-0003 | H79: 2899914-8 | I79: 機器 | J79: 0 | L79: 1 | M79: 46118 | N79: 46133 | O79: 46132 | P79: 46135 | S79: VU-LB112 | U79: V8 | V79: =TEXT(N79,"YY/MM") -> 26/04 | W79: 21402 | Y79: LAZ102 | Z79: LAY001 | AE79: 1266 | AI79: 1 | AJ79: 1 | AK79: 0 | AL79: 0 | AM79: 1 | AN79: 0 | AO79: 0 | AP79: 1 | AQ79: 0 | AR79: 0 | AS79: 1 | AT79: 0 | AU79: 1 | AV79: 0 | AW79: 0 | AX79: 1 | AY79: 0 | AZ79: 0 | BA79: 0 | BB79: 1 | BC79: 0 | BD79: 0 | BE79: 0 | BF79: 1 | BG79: 0 | BH79: 0 | BI79: 0 | BJ79: 0 | BK79: 0 | BL79: 0 | BM79: 0 | BN79: 0 | BO79: 0 | BP79: =$L79*AI79 -> 1 | BQ79: =$L79*AJ79 -> 1 | BR79: =$L79*AK79 -> 0 | BS79: =$L79*AL79 -> 0 | BT79: =$L79*AM79 -> 1 | BU79: =$L79*AN79 -> 0 | BV79: =$L79*AO79 -> 0 | BW79: =$L79*AP79 -> 1 | ... CV79: =$L79*BO79 -> 0
A80: 224 | B80: 000395227 | C80: JR西 | D80: 新大阪 | F80: JR西FA70(EXV) | G80: 3S2EU-RDP-0003 | H80: 2899914-8 | I80: 機器 | J80: 0 | L80: 1 | M80: 46118 | N80: 46133 | O80: 46132 | P80: 46135 | S80: VU-LB112 | U80: V8 | V80: =TEXT(N80,"YY/MM") -> 26/04 | W80: 21403 | Y80: LAZ102 | Z80: LAY001 | AE80: 1267 | AI80: 1 | AJ80: 1 | AK80: 0 | AL80: 0 | AM80: 1 | AN80: 0 | AO80: 0 | AP80: 1 | AQ80: 0 | AR80: 0 | AS80: 1 | AT80: 0 | AU80: 1 | AV80: 0 | AW80: 0 | AX80: 1 | AY80: 0 | AZ80: 0 | BA80: 0 | BB80: 1 | BC80: 0 | BD80: 0 | BE80: 0 | BF80: 1 | BG80: 0 | BH80: 0 | BI80: 0 | BJ80: 0 | BK80: 0 | BL80: 0 | BM80: 0 | BN80: 0 | BO80: 0 | BP80: =$L80*AI80 -> 1 | BQ80: =$L80*AJ80 -> 1 | BR80: =$L80*AK80 -> 0 | BS80: =$L80*AL80 -> 0 | BT80: =$L80*AM80 -> 1 | BU80: =$L80*AN80 -> 0 | BV80: =$L80*AO80 -> 0 | BW80: =$L80*AP80 -> 1 | ... CV80: =$L80*BO80 -> 0
A81: 227 | B81: 000391333 | C81: JR西 | D81: 美章園 | F81: JR西FA70(EXV) | G81: 3S2EU-RDP-0001 | H81: 2874359-3 | I81: 機器 | J81: 0 | L81: 1 | M81: 46120 | N81: 46135 | O81: 46134 | P81: 46139 | S81: VU-LB112 | U81: V8 | V81: =TEXT(N81,"YY/MM") -> 26/04 | W81: 21404 | Y81: LAZ102 | Z81: LAY001 | AE81: 1268 | AI81: 1 | AJ81: 1 | AK81: 0 | AL81: 0 | AM81: 1 | AN81: 0 | AO81: 0 | AP81: 1 | AQ81: 0 | AR81: 0 | AS81: 1 | AT81: 0 | AU81: 1 | AV81: 0 | AW81: 0 | AX81: 1 | AY81: 0 | AZ81: 0 | BA81: 0 | BB81: 1 | BC81: 0 | BD81: 0 | BE81: 0 | BF81: 1 | BG81: 0 | BH81: 0 | BI81: 0 | BJ81: 0 | BK81: 0 | BL81: 0 | BM81: 0 | BN81: 0 | BO81: 0 | BP81: =$L81*AI81 -> 1 | BQ81: =$L81*AJ81 -> 1 | BR81: =$L81*AK81 -> 0 | BS81: =$L81*AL81 -> 0 | BT81: =$L81*AM81 -> 1 | BU81: =$L81*AN81 -> 0 | BV81: =$L81*AO81 -> 0 | BW81: =$L81*AP81 -> 1 | ... CV81: =$L81*BO81 -> 0
A82: 234 | B82: 000397209 | C82: JR西 | D82: 我孫子 | F82: V8-4BH | G82: VU-LB112 | H82: 5613530-2 | I82: 単体 | J82: 0 | K82: M社クロス用BH | L82: 1 | N82: 46149 | O82: 46148 | P82: 46149 | S82: VU-LB112 | U82: V8 | V82: =TEXT(N82,"YY/MM") -> 26/05 | W82: 21405 | Y82: LAZ102 | Z82: LAY001 | AE82: 1269 | AI82: 1 | AJ82: 1 | AK82: 0 | AL82: 0 | AM82: 1 | AN82: 0 | AO82: 0 | AP82: 1 | AQ82: 0 | AR82: 0 | AS82: 1 | AT82: 0 | AU82: 1 | AV82: 0 | AW82: 0 | AX82: 1 | AY82: 0 | AZ82: 0 | BA82: 0 | BB82: 1 | BC82: 0 | BD82: 0 | BE82: 0 | BF82: 1 | BG82: 0 | BH82: 0 | BI82: 0 | BJ82: 0 | BK82: 0 | BL82: 0 | BM82: 0 | BN82: 0 | BO82: 0 | BP82: =$L82*AI82 -> 1 | BQ82: =$L82*AJ82 -> 1 | BR82: =$L82*AK82 -> 0 | BS82: =$L82*AL82 -> 0 | BT82: =$L82*AM82 -> 1 | BU82: =$L82*AN82 -> 0 | BV82: =$L82*AO82 -> 0 | BW82: =$L82*AP82 -> 1 | ... CV82: =$L82*BO82 -> 0
A83: 236 | B83: 000399242 | C83: JR西 | D83: 和泉鳥取 | E83: 東口 | F83: V8-4BH | G83: VU-LB112 | H83: 5613530-2 | I83: 単体 | J83: 0 | K83: M社クロス用BH | L83: 1 | N83: 46149 | O83: 46148 | P83: 46149 | S83: VU-LB112 | U83: V8 | V83: =TEXT(N83,"YY/MM") -> 26/05 | W83: 21406 | Y83: LAZ102 | Z83: LAY001 | AE83: 1270 | AI83: 1 | AJ83: 1 | AK83: 0 | AL83: 0 | AM83: 1 | AN83: 0 | AO83: 0 | AP83: 1 | AQ83: 0 | AR83: 0 | AS83: 1 | AT83: 0 | AU83: 1 | AV83: 0 | AW83: 0 | AX83: 1 | AY83: 0 | AZ83: 0 | BA83: 0 | BB83: 1 | BC83: 0 | BD83: 0 | BE83: 0 | BF83: 1 | BG83: 0 | BH83: 0 | BI83: 0 | BJ83: 0 | BK83: 0 | BL83: 0 | BM83: 0 | BN83: 0 | BO83: 0 | BP83: =$L83*AI83 -> 1 | BQ83: =$L83*AJ83 -> 1 | BR83: =$L83*AK83 -> 0 | BS83: =$L83*AL83 -> 0 | BT83: =$L83*AM83 -> 1 | BU83: =$L83*AN83 -> 0 | BV83: =$L83*AO83 -> 0 | BW83: =$L83*AP83 -> 1 | ... CV83: =$L83*BO83 -> 0
A84: 235 | B84: 000399243 | C84: JR西 | D84: 和泉砂川 | E84: 東口 | F84: V8-4BH | G84: VU-LB112 | H84: 5613530-2 | I84: 単体 | J84: 0 | K84: M社クロス用BH | L84: 1 | N84: 46149 | O84: 46148 | P84: 46149 | S84: VU-LB112 | U84: V8 | V84: =TEXT(N84,"YY/MM") -> 26/05 | W84: 21407 | Y84: LAZ102 | Z84: LAY001 | AE84: 1271 | AI84: 1 | AJ84: 1 | AK84: 0 | AL84: 0 | AM84: 1 | AN84: 0 | AO84: 0 | AP84: 1 | AQ84: 0 | AR84: 0 | AS84: 1 | AT84: 0 | AU84: 1 | AV84: 0 | AW84: 0 | AX84: 1 | AY84: 0 | AZ84: 0 | BA84: 0 | BB84: 1 | BC84: 0 | BD84: 0 | BE84: 0 | BF84: 1 | BG84: 0 | BH84: 0 | BI84: 0 | BJ84: 0 | BK84: 0 | BL84: 0 | BM84: 0 | BN84: 0 | BO84: 0 | BP84: =$L84*AI84 -> 1 | BQ84: =$L84*AJ84 -> 1 | BR84: =$L84*AK84 -> 0 | BS84: =$L84*AL84 -> 0 | BT84: =$L84*AM84 -> 1 | BU84: =$L84*AN84 -> 0 | BV84: =$L84*AO84 -> 0 | BW84: =$L84*AP84 -> 1 | ... CV84: =$L84*BO84 -> 0
A85: 237 | B85: 000394288 | C85: M社（Ｎ） | E85: VU-LA004 | F85: V8-4BH | G85: VU-LA004 | H85: 1892581-2 | I85: 単体 | J85: 1 | L85: 7 | N85: 46149 | O85: 46148 | P85: 46149 | S85: VU-LA004 | U85: V8 | V85: =TEXT(N85,"YY/MM") -> 26/05 | W85: 21408 | Y85: LAZ101 | Z85: LAY001 | AD85: 8235 | AI85: 1 | AJ85: 1 | AK85: 0 | AL85: 0 | AM85: 1 | AN85: 0 | AO85: 1 | AP85: 0 | AQ85: 0 | AR85: 0 | AS85: 0 | AT85: 1 | AU85: 1 | AV85: 0 | AW85: 0 | AX85: 1 | AY85: 0 | AZ85: 0 | BA85: 0 | BB85: 1 | BC85: 0 | BD85: 0 | BE85: 0 | BF85: 1 | BG85: 0 | BH85: 0 | BI85: 0 | BJ85: 0 | BK85: 0 | BL85: 0 | BM85: 0 | BN85: 0 | BO85: 0 | BP85: =$L85*AI85 -> 7 | BQ85: =$L85*AJ85 -> 7 | BR85: =$L85*AK85 -> 0 | BS85: =$L85*AL85 -> 0 | BT85: =$L85*AM85 -> 7 | BU85: =$L85*AN85 -> 0 | BV85: =$L85*AO85 -> 7 | BW85: =$L85*AP85 -> 0 | ... CV85: =$L85*BO85 -> 0
A86: 238 | B86: 000395158 | C86: N社（Ｎ） | E86: VU-LA007 | F86: V8-4BH | G86: VU-LA007 | H86: 3251849-9 | I86: 単体 | J86: 1 | L86: 9 | N86: 46149 | O86: 46148 | P86: 46149 | S86: VU-LA007 | U86: V8 | V86: =TEXT(N86,"YY/MM") -> 26/05 | W86: 21409 | Y86: LAZ002 | Z86: LAY002 | AA86: 3227 | AI86: 1 | AJ86: 1 | AK86: 0 | AL86: 0 | AM86: 1 | AN86: 0 | AO86: 1 | AP86: 0 | AQ86: 0 | AR86: 0 | AS86: 0 | AT86: 1 | AU86: 1 | AV86: 0 | AW86: 0 | AX86: 1 | AY86: 0 | AZ86: 0 | BA86: 0 | BB86: 1 | BC86: 0 | BD86: 0 | BE86: 0 | BF86: 1 | BG86: 0 | BH86: 0 | BI86: 0 | BJ86: 0 | BK86: 0 | BL86: 0 | BM86: 0 | BN86: 0 | BO86: 0 | BP86: =$L86*AI86 -> 9 | BQ86: =$L86*AJ86 -> 9 | BR86: =$L86*AK86 -> 0 | BS86: =$L86*AL86 -> 0 | BT86: =$L86*AM86 -> 9 | BU86: =$L86*AN86 -> 0 | BV86: =$L86*AO86 -> 9 | BW86: =$L86*AP86 -> 0 | ... CV86: =$L86*BO86 -> 0
A87: 240 | B87: 000395159 | C87: N社（Ｎ） | E87: VU-LB006 | F87: V8-4BH | G87: VU-LB006 | H87: 2206082-6 | I87: 単体 | J87: 1 | L87: 4 | N87: 46149 | O87: 46148 | P87: 46149 | S87: VU-LB006 | U87: V8 | V87: =TEXT(N87,"YY/MM") -> 26/05 | W87: 21410 | Y87: LAZ002 | Z87: LAY002 | AA87: 3228 | AI87: 1 | AJ87: 1 | AK87: 0 | AL87: 0 | AM87: 1 | AN87: 0 | AO87: 1 | AP87: 0 | AQ87: 0 | AR87: 1 | AS87: 0 | AT87: 0 | AU87: 1 | AV87: 0 | AW87: 0 | AX87: 1 | AY87: 0 | AZ87: 0 | BA87: 0 | BB87: 1 | BC87: 0 | BD87: 0 | BE87: 0 | BF87: 1 | BG87: 0 | BH87: 0 | BI87: 0 | BJ87: 0 | BK87: 0 | BL87: 0 | BM87: 0 | BN87: 0 | BO87: 0 | BP87: =$L87*AI87 -> 4 | BQ87: =$L87*AJ87 -> 4 | BR87: =$L87*AK87 -> 0 | BS87: =$L87*AL87 -> 0 | BT87: =$L87*AM87 -> 4 | BU87: =$L87*AN87 -> 0 | BV87: =$L87*AO87 -> 4 | BW87: =$L87*AP87 -> 0 | ... CV87: =$L87*BO87 -> 0
A88: 241 | B88: 000395161 | C88: N社（Ｎ） | E88: VU-LC002 | F88: V8-4BH | G88: VU-LC002 | H88: 9709179-4 | I88: 単体 | J88: 1 | L88: 5 | N88: 46149 | O88: 46148 | P88: 46149 | S88: VU-LC002 | U88: V8 | V88: =TEXT(N88,"YY/MM") -> 26/05 | W88: 21411 | Y88: LAZ002 | Z88: LAY002 | AA88: 3229 | AI88: 1 | AJ88: 1 | AK88: 0 | AL88: 0 | AM88: 1 | AN88: 0 | AO88: 1 | AP88: 0 | AQ88: 0 | AR88: 0 | AS88: 0 | AT88: 1 | AU88: 0 | AV88: 0 | AW88: 1 | AX88: 0 | AY88: 0 | AZ88: 0 | BA88: 1 | BB88: 0 | BC88: 0 | BD88: 0 | BE88: 1 | BF88: 1 | BG88: 0 | BH88: 0 | BI88: 0 | BJ88: 0 | BK88: 0 | BL88: 0 | BM88: 0 | BN88: 0 | BO88: 0 | BP88: =$L88*AI88 -> 5 | BQ88: =$L88*AJ88 -> 5 | BR88: =$L88*AK88 -> 0 | BS88: =$L88*AL88 -> 0 | BT88: =$L88*AM88 -> 5 | BU88: =$L88*AN88 -> 0 | BV88: =$L88*AO88 -> 5 | BW88: =$L88*AP88 -> 0 | ... CV88: =$L88*BO88 -> 0
A89: 239 | B89: 000395284 | C89: N社（Ｎ） | E89: VU-LB006 | F89: V8-4BH | G89: VU-LB006 | H89: 2206082-6 | I89: 単体 | J89: 1 | L89: 5 | N89: 46149 | O89: 46148 | P89: 46149 | S89: VU-LB006 | U89: V8 | V89: =TEXT(N89,"YY/MM") -> 26/05 | W89: 21412 | Y89: LAZ002 | Z89: LAY002 | AA89: 3230 | AI89: 1 | AJ89: 1 | AK89: 0 | AL89: 0 | AM89: 1 | AN89: 0 | AO89: 1 | AP89: 0 | AQ89: 0 | AR89: 1 | AS89: 0 | AT89: 0 | AU89: 1 | AV89: 0 | AW89: 0 | AX89: 1 | AY89: 0 | AZ89: 0 | BA89: 0 | BB89: 1 | BC89: 0 | BD89: 0 | BE89: 0 | BF89: 1 | BG89: 0 | BH89: 0 | BI89: 0 | BJ89: 0 | BK89: 0 | BL89: 0 | BM89: 0 | BN89: 0 | BO89: 0 | BP89: =$L89*AI89 -> 5 | BQ89: =$L89*AJ89 -> 5 | BR89: =$L89*AK89 -> 0 | BS89: =$L89*AL89 -> 0 | BT89: =$L89*AM89 -> 5 | BU89: =$L89*AN89 -> 0 | BV89: =$L89*AO89 -> 5 | BW89: =$L89*AP89 -> 0 | ... CV89: =$L89*BO89 -> 0
A90: 288 | B90: 000397210 | C90: JR西 | E90: VU-LB112 | F90: V8-4BH | G90: VU-LB112 | H90: 5613530-2 | I90: 単体 | J90: 0 | K90: M社クロス用BH | L90: 2 | N90: 46174 | O90: 46171 | P90: 46174 | S90: VU-LB112 | U90: V8 | V90: =TEXT(N90,"YY/MM") -> 26/06 | W90: 21413 | Y90: LAZ102 | Z90: LAY001 | AE90: 1272 | AI90: 1 | AJ90: 1 | AK90: 0 | AL90: 0 | AM90: 1 | AN90: 0 | AO90: 0 | AP90: 1 | AQ90: 0 | AR90: 0 | AS90: 1 | AT90: 0 | AU90: 1 | AV90: 0 | AW90: 0 | AX90: 1 | AY90: 0 | AZ90: 0 | BA90: 0 | BB90: 1 | BC90: 0 | BD90: 0 | BE90: 0 | BF90: 1 | BG90: 0 | BH90: 0 | BI90: 0 | BJ90: 0 | BK90: 0 | BL90: 0 | BM90: 0 | BN90: 0 | BO90: 0 | BP90: =$L90*AI90 -> 2 | BQ90: =$L90*AJ90 -> 2 | BR90: =$L90*AK90 -> 0 | BS90: =$L90*AL90 -> 0 | BT90: =$L90*AM90 -> 2 | BU90: =$L90*AN90 -> 0 | BV90: =$L90*AO90 -> 0 | BW90: =$L90*AP90 -> 2 | ... CV90: =$L90*BO90 -> 0
A91: 291 | B91: 000397376 | C91: N社（Ｎ） | E91: VU-LB006 | F91: V8-4BH | G91: VU-LB006 | H91: 2206082-6 | I91: 単体 | J91: 1 | L91: 4 | N91: 46174 | O91: 46171 | P91: 46174 | S91: VU-LB006 | U91: V8 | V91: =TEXT(N91,"YY/MM") -> 26/06 | W91: 21414 | Y91: LAZ002 | Z91: LAY002 | AA91: 3231 | AI91: 1 | AJ91: 1 | AK91: 0 | AL91: 0 | AM91: 1 | AN91: 0 | AO91: 1 | AP91: 0 | AQ91: 0 | AR91: 1 | AS91: 0 | AT91: 0 | AU91: 1 | AV91: 0 | AW91: 0 | AX91: 1 | AY91: 0 | AZ91: 0 | BA91: 0 | BB91: 1 | BC91: 0 | BD91: 0 | BE91: 0 | BF91: 1 | BG91: 0 | BH91: 0 | BI91: 0 | BJ91: 0 | BK91: 0 | BL91: 0 | BM91: 0 | BN91: 0 | BO91: 0 | BP91: =$L91*AI91 -> 4 | BQ91: =$L91*AJ91 -> 4 | BR91: =$L91*AK91 -> 0 | BS91: =$L91*AL91 -> 0 | BT91: =$L91*AM91 -> 4 | BU91: =$L91*AN91 -> 0 | BV91: =$L91*AO91 -> 4 | BW91: =$L91*AP91 -> 0 | ... CV91: =$L91*BO91 -> 0
A92: 289 | B92: 000397377 | C92: N社（Ｎ） | E92: VU-LA007 | F92: V8-4BH | G92: VU-LA007 | H92: 3251849-9 | I92: 単体 | J92: 1 | L92: 8 | N92: 46174 | O92: 46171 | P92: 46174 | S92: VU-LA007 | U92: V8 | V92: =TEXT(N92,"YY/MM") -> 26/06 | W92: 21415 | Y92: LAZ002 | Z92: LAY002 | AA92: 3232 | AI92: 1 | AJ92: 1 | AK92: 0 | AL92: 0 | AM92: 1 | AN92: 0 | AO92: 1 | AP92: 0 | AQ92: 0 | AR92: 0 | AS92: 0 | AT92: 1 | AU92: 1 | AV92: 0 | AW92: 0 | AX92: 1 | AY92: 0 | AZ92: 0 | BA92: 0 | BB92: 1 | BC92: 0 | BD92: 0 | BE92: 0 | BF92: 1 | BG92: 0 | BH92: 0 | BI92: 0 | BJ92: 0 | BK92: 0 | BL92: 0 | BM92: 0 | BN92: 0 | BO92: 0 | BP92: =$L92*AI92 -> 8 | BQ92: =$L92*AJ92 -> 8 | BR92: =$L92*AK92 -> 0 | BS92: =$L92*AL92 -> 0 | BT92: =$L92*AM92 -> 8 | BU92: =$L92*AN92 -> 0 | BV92: =$L92*AO92 -> 8 | BW92: =$L92*AP92 -> 0 | ... CV92: =$L92*BO92 -> 0
A93: 290 | B93: 000398792 | C93: N社（Ｎ） | E93: VU-LB006 | F93: V8-4BH | G93: VU-LB006 | H93: 2206082-6 | I93: 単体 | J93: 1 | L93: 4 | N93: 46174 | O93: 46171 | P93: 46174 | S93: VU-LB006 | U93: V8 | V93: =TEXT(N93,"YY/MM") -> 26/06 | W93: 21416 | Y93: LAZ002 | Z93: LAY002 | AA93: 3233 | AI93: 1 | AJ93: 1 | AK93: 0 | AL93: 0 | AM93: 1 | AN93: 0 | AO93: 1 | AP93: 0 | AQ93: 0 | AR93: 1 | AS93: 0 | AT93: 0 | AU93: 1 | AV93: 0 | AW93: 0 | AX93: 1 | AY93: 0 | AZ93: 0 | BA93: 0 | BB93: 1 | BC93: 0 | BD93: 0 | BE93: 0 | BF93: 1 | BG93: 0 | BH93: 0 | BI93: 0 | BJ93: 0 | BK93: 0 | BL93: 0 | BM93: 0 | BN93: 0 | BO93: 0 | BP93: =$L93*AI93 -> 4 | BQ93: =$L93*AJ93 -> 4 | BR93: =$L93*AK93 -> 0 | BS93: =$L93*AL93 -> 0 | BT93: =$L93*AM93 -> 4 | BU93: =$L93*AN93 -> 0 | BV93: =$L93*AO93 -> 4 | BW93: =$L93*AP93 -> 0 | ... CV93: =$L93*BO93 -> 0
A94: 331 | B94: 000397078 | C94: N社（Ｔ） | D94: 日本信号 BH（VU-LA007） | E94: VU-LA007（新紙幣対応） | F94: V8-4BH | G94: VU-LA007 | H94: 3251848-0 | I94: 単体 | J94: 0 | L94: 4 | N94: 46192 | O94: 46191 | P94: 46192 | S94: VU-LA007 | U94: V8 | V94: =TEXT(N94,"YY/MM") -> 26/06 | W94: 21417 | Y94: LAZ002 | Z94: LAY002 | AA94: 3234 | AI94: 1 | AJ94: 1 | AK94: 0 | AL94: 0 | AM94: 1 | AN94: 0 | AO94: 1 | AP94: 0 | AQ94: 0 | AR94: 0 | AS94: 0 | AT94: 1 | AU94: 1 | AV94: 0 | AW94: 0 | AX94: 1 | AY94: 0 | AZ94: 0 | BA94: 0 | BB94: 1 | BC94: 0 | BD94: 0 | BE94: 0 | BF94: 1 | BG94: 0 | BH94: 0 | BI94: 0 | BJ94: 0 | BK94: 0 | BL94: 0 | BM94: 0 | BN94: 0 | BO94: 0 | BP94: =$L94*AI94 -> 4 | BQ94: =$L94*AJ94 -> 4 | BR94: =$L94*AK94 -> 0 | BS94: =$L94*AL94 -> 0 | BT94: =$L94*AM94 -> 4 | BU94: =$L94*AN94 -> 0 | BV94: =$L94*AO94 -> 4 | BW94: =$L94*AP94 -> 0 | ... CV94: =$L94*BO94 -> 0
A95: 332 | B95: 000397079 | C95: N社（Ｔ） | D95: 日本信号 BH（VU-LB006） | E95: VU-LB006（新紙幣対応） | F95: V8-4BH | G95: VU-LB006 | H95: 2206106-7 | I95: 単体 | J95: 0 | L95: 4 | N95: 46192 | O95: 46191 | P95: 46192 | S95: VU-LB006 | U95: V8 | V95: =TEXT(N95,"YY/MM") -> 26/06 | W95: 21418 | Y95: LAZ002 | Z95: LAY002 | AA95: 3235 | AI95: 1 | AJ95: 1 | AK95: 0 | AL95: 0 | AM95: 1 | AN95: 0 | AO95: 1 | AP95: 0 | AQ95: 0 | AR95: 1 | AS95: 0 | AT95: 0 | AU95: 1 | AV95: 0 | AW95: 0 | AX95: 1 | AY95: 0 | AZ95: 0 | BA95: 0 | BB95: 1 | BC95: 0 | BD95: 0 | BE95: 0 | BF95: 1 | BG95: 0 | BH95: 0 | BI95: 0 | BJ95: 0 | BK95: 0 | BL95: 0 | BM95: 0 | BN95: 0 | BO95: 0 | BP95: =$L95*AI95 -> 4 | BQ95: =$L95*AJ95 -> 4 | BR95: =$L95*AK95 -> 0 | BS95: =$L95*AL95 -> 0 | BT95: =$L95*AM95 -> 4 | BU95: =$L95*AN95 -> 0 | BV95: =$L95*AO95 -> 4 | BW95: =$L95*AP95 -> 0 | ... CV95: =$L95*BO95 -> 0
A96: 333 | B96: 000397090 | C96: N社（Ｔ） | D96: 日本信号 BH（VU-LA007） | E96: VU-LA007（新紙幣対応） | F96: V8-4BH | G96: VU-LA007 | H96: 3251848-0 | I96: 単体 | J96: 0 | L96: 4 | N96: 46195 | O96: 46192 | P96: 46195 | S96: VU-LA007 | U96: V8 | V96: =TEXT(N96,"YY/MM") -> 26/06 | W96: 21419 | Y96: LAZ002 | Z96: LAY002 | AA96: 3236 | AI96: 1 | AJ96: 1 | AK96: 0 | AL96: 0 | AM96: 1 | AN96: 0 | AO96: 1 | AP96: 0 | AQ96: 0 | AR96: 0 | AS96: 0 | AT96: 1 | AU96: 1 | AV96: 0 | AW96: 0 | AX96: 1 | AY96: 0 | AZ96: 0 | BA96: 0 | BB96: 1 | BC96: 0 | BD96: 0 | BE96: 0 | BF96: 1 | BG96: 0 | BH96: 0 | BI96: 0 | BJ96: 0 | BK96: 0 | BL96: 0 | BM96: 0 | BN96: 0 | BO96: 0 | BP96: =$L96*AI96 -> 4 | BQ96: =$L96*AJ96 -> 4 | BR96: =$L96*AK96 -> 0 | BS96: =$L96*AL96 -> 0 | BT96: =$L96*AM96 -> 4 | BU96: =$L96*AN96 -> 0 | BV96: =$L96*AO96 -> 4 | BW96: =$L96*AP96 -> 0 | ... CV96: =$L96*BO96 -> 0
A97: 334 | B97: 000397091 | C97: N社（Ｔ） | D97: 日本信号 BH（VU-LB006） | E97: VU-LB006（新紙幣対応） | F97: V8-4BH | G97: VU-LB006 | H97: 2206106-7 | I97: 単体 | J97: 0 | L97: 4 | N97: 46195 | O97: 46192 | P97: 46195 | S97: VU-LB006 | U97: V8 | V97: =TEXT(N97,"YY/MM") -> 26/06 | W97: 21420 | Y97: LAZ002 | Z97: LAY002 | AA97: 3237 | AI97: 1 | AJ97: 1 | AK97: 0 | AL97: 0 | AM97: 1 | AN97: 0 | AO97: 1 | AP97: 0 | AQ97: 0 | AR97: 1 | AS97: 0 | AT97: 0 | AU97: 1 | AV97: 0 | AW97: 0 | AX97: 1 | AY97: 0 | AZ97: 0 | BA97: 0 | BB97: 1 | BC97: 0 | BD97: 0 | BE97: 0 | BF97: 1 | BG97: 0 | BH97: 0 | BI97: 0 | BJ97: 0 | BK97: 0 | BL97: 0 | BM97: 0 | BN97: 0 | BO97: 0 | BP97: =$L97*AI97 -> 4 | BQ97: =$L97*AJ97 -> 4 | BR97: =$L97*AK97 -> 0 | BS97: =$L97*AL97 -> 0 | BT97: =$L97*AM97 -> 4 | BU97: =$L97*AN97 -> 0 | BV97: =$L97*AO97 -> 4 | BW97: =$L97*AP97 -> 0 | ... CV97: =$L97*BO97 -> 0
A98: 336 | B98: 000397069 | C98: JR西 | D98: 東淀川 | F98: JR西FA70(EXV) | G98: 3S2EU-RDP-0001 | H98: 2874359-3 | I98: 機器 | J98: 0 | L98: 1 | N98: 46198 | O98: 46197 | P98: 46198 | S98: VU-LB112 | U98: V8 | V98: =TEXT(N98,"YY/MM") -> 26/06 | W98: 21421 | Y98: LAZ102 | Z98: LAY001 | AE98: 1273 | AI98: 1 | AJ98: 1 | AK98: 0 | AL98: 0 | AM98: 1 | AN98: 0 | AO98: 0 | AP98: 1 | AQ98: 0 | AR98: 0 | AS98: 1 | AT98: 0 | AU98: 1 | AV98: 0 | AW98: 0 | AX98: 1 | AY98: 0 | AZ98: 0 | BA98: 0 | BB98: 1 | BC98: 0 | BD98: 0 | BE98: 0 | BF98: 1 | BG98: 0 | BH98: 0 | BI98: 0 | BJ98: 0 | BK98: 0 | BL98: 0 | BM98: 0 | BN98: 0 | BO98: 0 | BP98: =$L98*AI98 -> 1 | BQ98: =$L98*AJ98 -> 1 | BR98: =$L98*AK98 -> 0 | BS98: =$L98*AL98 -> 0 | BT98: =$L98*AM98 -> 1 | BU98: =$L98*AN98 -> 0 | BV98: =$L98*AO98 -> 0 | BW98: =$L98*AP98 -> 1 | ... CV98: =$L98*BO98 -> 0
A99: 338 | B99: 000397211 | C99: JR西 | E99: VU-LB112 | F99: V8-4BH | G99: VU-LB112 | H99: 5613530-2 | I99: 単体 | J99: 0 | K99: M社クロス用BH | L99: 4 | N99: 46204 | O99: 46203 | P99: 46204 | S99: VU-LB112 | U99: V8 | V99: =TEXT(N99,"YY/MM") -> 26/07 | W99: 21422 | Y99: LAZ102 | Z99: LAY001 | AE99: 1274 | AI99: 1 | AJ99: 1 | AK99: 0 | AL99: 0 | AM99: 1 | AN99: 0 | AO99: 0 | AP99: 1 | AQ99: 0 | AR99: 0 | AS99: 1 | AT99: 0 | AU99: 1 | AV99: 0 | AW99: 0 | AX99: 1 | AY99: 0 | AZ99: 0 | BA99: 0 | BB99: 1 | BC99: 0 | BD99: 0 | BE99: 0 | BF99: 1 | BG99: 0 | BH99: 0 | BI99: 0 | BJ99: 0 | BK99: 0 | BL99: 0 | BM99: 0 | BN99: 0 | BO99: 0 | BP99: =$L99*AI99 -> 4 | BQ99: =$L99*AJ99 -> 4 | BR99: =$L99*AK99 -> 0 | BS99: =$L99*AL99 -> 0 | BT99: =$L99*AM99 -> 4 | BU99: =$L99*AN99 -> 0 | BV99: =$L99*AO99 -> 0 | BW99: =$L99*AP99 -> 4 | ... CV99: =$L99*BO99 -> 0
A100: 339 | B100: 000399411 | C100: N社（Ｎ） | E100: VU-LA007 | F100: V8-4BH | G100: VU-LA007 | H100: 3251849-9 | I100: 単体 | J100: 0 | L100: 2 | N100: 46204 | O100: 46203 | P100: 46204 | S100: VU-LA007 | U100: V8 | V100: =TEXT(N100,"YY/MM") -> 26/07 | W100: 21423 | Y100: LAZ002 | Z100: LAY002 | AA100: 3238 | AI100: 1 | AJ100: 1 | AK100: 0 | AL100: 0 | AM100: 1 | AN100: 0 | AO100: 1 | AP100: 0 | AQ100: 0 | AR100: 0 | AS100: 0 | AT100: 1 | AU100: 1 | AV100: 0 | AW100: 0 | AX100: 1 | AY100: 0 | AZ100: 0 | BA100: 0 | BB100: 1 | BC100: 0 | BD100: 0 | BE100: 0 | BF100: 1 | BG100: 0 | BH100: 0 | BI100: 0 | BJ100: 0 | BK100: 0 | BL100: 0 | BM100: 0 | BN100: 0 | BO100: 0 | BP100: =$L100*AI100 -> 2 | BQ100: =$L100*AJ100 -> 2 | BR100: =$L100*AK100 -> 0 | BS100: =$L100*AL100 -> 0 | BT100: =$L100*AM100 -> 2 | BU100: =$L100*AN100 -> 0 | BV100: =$L100*AO100 -> 2 | BW100: =$L100*AP100 -> 0 | ... CV100: =$L100*BO100 -> 0
A101: 362 | B101: 000397070 | C101: JR西 | D101: 中百舌鳥 | E101: 東口 | F101: JR西FA70(EXV) | G101: 3S2EU-RDP-0001 | H101: 2874359-3 | I101: 機器 | J101: 0 | L101: 1 | N101: 46212 | O101: 46211 | P101: 46212 | S101: VU-LB112 | U101: V8 | V101: =TEXT(N101,"YY/MM") -> 26/07 | W101: 21424 | Y101: LAZ102 | Z101: LAY001 | AE101: 1275 | AI101: 1 | AJ101: 1 | AK101: 0 | AL101: 0 | AM101: 1 | AN101: 0 | AO101: 0 | AP101: 1 | AQ101: 0 | AR101: 0 | AS101: 1 | AT101: 0 | AU101: 1 | AV101: 0 | AW101: 0 | AX101: 1 | AY101: 0 | AZ101: 0 | BA101: 0 | BB101: 1 | BC101: 0 | BD101: 0 | BE101: 0 | BF101: 1 | BG101: 0 | BH101: 0 | BI101: 0 | BJ101: 0 | BK101: 0 | BL101: 0 | BM101: 0 | BN101: 0 | BO101: 0 | BP101: =$L101*AI101 -> 1 | BQ101: =$L101*AJ101 -> 1 | BR101: =$L101*AK101 -> 0 | BS101: =$L101*AL101 -> 0 | BT101: =$L101*AM101 -> 1 | BU101: =$L101*AN101 -> 0 | BV101: =$L101*AO101 -> 0 | BW101: =$L101*AP101 -> 1 | ... CV101: =$L101*BO101 -> 0
...

Sheet V8集計
C1: 67 | D1: 45 | G1: 106 | I1: 21 | J1: 15 | K1: 10 | L1: 5 | M1: 37 | N1: 15 | O1: 38 | Q1: 10 | R1: 42 | U1: 10 | V1: 55 | Y1: 10
C2: =SUM(C4:C61) -> 67 | D2: =SUM(D4:D61) -> 45 | E2: =SUM(E4:E61) -> 0 | F2: =SUM(F4:F61) -> 0 | G2: =SUM(G4:G61) -> 106 | H2: =SUM(H4:H61) -> 0 | I2: =SUM(I4:I61) -> 21 | J2: =SUM(J4:J61) -> 15 | ... Y2: =SUM(Y4:Y61) -> 10
B3: 行ラベル | C3: LAA101 | D3: LAF001 | E3: LAF002 | F3: LAF003 | G3: LAG001 | H3: LAG002 | I3: LAE101 | J3: LAE102 | K3: LAE201 | L3: LBL001 | M3: LBL002 | N3: LAL001 | O3: LAN001 | P3: LAN002 | Q3: LCN001 | R3: LAC001 | S3: LAC002 | T3: LCC001 | U3: LCC002 | V3: LAD001 | W3: LAD002 | X3: LCD001 | Y3: LCD002
A4: 46031 | B4: 46038 | C4: 1 | D4: 1 | G4: 1 | I4: 1 | M4: 1 | N4: 4 | O4: 5 | R4: 5 | V4: 5
B5: 46039 | C5: 7 | D5: 1 | G5: 6 | I5: 3 | M5: 2 | N5: 2 | O5: 4 | R5: 4 | V5: 4
B6: 46041 | C6: 6 | D6: 1 | G6: 5 | I6: 3 | J6: 1 | L6: 5 | M6: 1 | O6: 2 | R6: 2 | V6: 6
B7: 46042 | C7: 4 | D7: 4 | G7: 5 | M7: 1 | O7: 1 | R7: 1 | V7: 5
B8: 46043 | C8: 4 | D8: 1 | G8: 4 | M8: 1 | O8: 1 | R8: 1 | V8: 5
B9: 46044 | V9: 1
B10: 46045 | C10: 6 | D10: 1 | G10: 1 | I10: 1
B11: 46048 | C11: 1 | D11: 1 | G11: 16 | I11: 1
A12: 46042 | B12: 46049 | C12: 1 | D12: 1 | I12: 1
B13: 46050 | N13: 2 | O13: 2 | R13: 2 | V13: 2
B14: 46051 | M14: 1 | O14: 1 | R14: 1 | V14: 1
B15: 46052 | G15: 5
B16: 46055 | G16: 5
B17: 46056 | C17: 1 | D17: 1 | G17: 4 | K17: 1
B18: 46057 | C18: 3 | D18: 2 | G18: 4 | I18: 3
B19: 46058 | G19: 4 | M19: 1 | Q19: 1 | R19: 4 | U19: 1 | V19: 4 | Y19: 1
B20: 46059 | G20: 3
B21: 46062 | G21: 5
B22: 46063 | C22: 1 | D22: 1 | G22: 1 | J22: 1
B23: 46065 | C23: 1 | D23: 1 | G23: 6 | J23: 1 | M23: 5
B24: 46066 | M24: 1 | O24: 1 | R24: 1 | V24: 1
B25: 46069 | M25: 1 | O25: 1 | R25: 1 | V25: 1
A26: 46063 | B26: 46073 | C26: 1 | D26: 1 | G26: 1 | I26: 1
B27: 46077 | C27: 1 | D27: 1 | G27: 1 | I27: 1
B28: 46078 | C28: 1 | D28: 1 | G28: 3 | I28: 1
B29: 46079 | C29: 1 | D29: 1 | G29: 1 | I29: 1
B30: 46080 | C30: 1 | D30: 1 | G30: 1 | I30: 1 | N30: 1 | O30: 1 | R30: 1 | V30: 1
B31: 46083 | C31: 1 | D31: 1 | G31: 1 | I31: 1 | N31: 1 | O31: 1 | R31: 1 | V31: 1
B32: 46084 | C32: 1 | D32: 1 | G32: 1 | K32: 1 | N32: 1 | O32: 1 | R32: 1 | V32: 1
B33: 46085 | C33: 3 | D33: 1 | G33: 1 | I33: 1 | N33: 1 | O33: 1 | R33: 1 | V33: 1
B34: 46086 | C34: 1 | D34: 1 | G34: 1 | K34: 1 | N34: 1 | O34: 1 | R34: 1 | V34: 1
B35: 46087 | M35: 1 | N35: 1 | O35: 1 | Q35: 1 | R35: 1 | U35: 1 | V35: 1 | Y35: 1
B36: 46090 | C36: 1 | D36: 1 | G36: 1 | K36: 1 | M36: 1 | N36: 1 | O36: 1 | Q36: 1 | R36: 1 | U36: 1 | V36: 1 | Y36: 1
B37: 46091 | C37: 1 | D37: 1 | G37: 1 | J37: 1
B38: 46092 | C38: 1 | D38: 1 | G38: 1 | K38: 1 | M38: 1 | Q38: 1 | U38: 1 | Y38: 1
B39: 46093 | C39: 1 | D39: 1 | G39: 1 | J39: 1
B40: 46094 | C40: 1 | D40: 1 | G40: 1 | J40: 1 | M40: 2 | O40: 1 | Q40: 1 | R40: 1 | U40: 1 | V40: 1 | Y40: 1
B41: 46097 | C41: 1 | D41: 1 | G41: 1 | J41: 1 | M41: 1 | O41: 1 | R41: 1 | V41: 1
B42: 46098 | C42: 1 | D42: 1 | G42: 1 | J42: 1 | M42: 1 | O42: 1 | R42: 1 | V42: 1
B43: 46099 | M43: 1 | O43: 1 | R43: 1 | V43: 1
B44: 46100 | M44: 1 | O44: 1 | R44: 1 | V44: 1
A45: 46093 | B45: 46106 | C45: 1 | D45: 1 | G45: 1 | I45: 1
B46: 46107 | C46: 1 | D46: 1 | G46: 1 | K46: 1
B47: 46108 | C47: 1 | D47: 1 | G47: 1 | K47: 1 | M47: 1 | O47: 1 | R47: 1 | V47: 1
B48: 46111 | C48: 1 | D48: 1 | G48: 1 | K48: 1 | M48: 1 | Q48: 1 | U48: 1 | Y48: 1
B49: 46112 | M49: 1 | Q49: 1 | U49: 1 | Y49: 1
B50: 46113 | M50: 1 | Q50: 1 | U50: 1 | Y50: 1
B51: 46115 | C51: 1 | D51: 1 | G51: 1 | K51: 1
B52: 46118 | C52: 1 | D52: 1 | G52: 1 | J52: 1
B53: 46119 | C53: 1 | D53: 1 | G53: 1 | J53: 1
B54: 46120 | C54: 1 | D54: 1 | G54: 1 | J54: 1
B55: 46121 | C55: 1 | D55: 1 | G55: 1 | J55: 1
B56: 46122 | C56: 1 | D56: 1 | G56: 1 | K56: 1 | M56: 1 | Q56: 1 | U56: 1 | Y56: 1
B57: 46125 | C57: 1 | D57: 1 | G57: 1 | J57: 1 | M57: 4 | O57: 4 | R57: 4 | V57: 4
B58: 46126 | C58: 1 | D58: 1 | G58: 1 | J58: 1
B59: 46127 | M59: 1 | Q59: 1 | U59: 1 | Y59: 1
B60: 46128 | C60: 1 | D60: 1 | G60: 1 | J60: 1 | M60: 2 | O60: 2 | R60: 2 | V60: 2
B61: 46132 | M61: 1 | O61: 1 | R61: 1 | V61: 1
B62: (空白)
B63: 総計 | C63: 67 | D63: 45 | G63: 106 | I63: 21 | J63: 15 | K63: 10 | L63: 5 | M63: 37 | N63: 15 | O63: 38 | Q63: 10 | R63: 42 | U63: 10 | V63: 55 | Y63: 10

Sheet V8
A1: T-No （LAY） | B1: Z002 号機 | C1: Z003 号機 | D1: Z004 号機 | E1: Z101 号機 | F1: Z102 号機 | G1: Z103 号機 | H1: Z201 号機 | I1: ＢＨ型式 | J1: 順序 確定日 | K1: 光真 順序 出荷日 | L1: 実出荷 | M1: KP-No | N1: LAZ 完了 計画 | O1: KMP ユニット 日本着日 | P1: LAZ/ｶｾｯﾄ LAL/LBL J-光真 出荷計画 | Q1: メンテ | R1: LAA101 | S1: LAF001 | T1: LAF002 | U1: LAF003 | V1: LAG001 | W1: LAG002 | X1: LAE101 | Y1: LAE102 | Z1: LAE201 | AA1: KMP ユニット 日本着日 | AB1: LBL001 | AC1: LBL002 | AD1: LAL001 | AE1: LAN001 | AF1: LAN002 | AG1: LCN001 | AH1: LAC001 | AI1: LAC002 | AJ1: LCC001 | AK1: LCC002 | AL1: LAD001 | AM1: LAD002 | AN1: LCD001 | AO1: LCD002 | AP1: LAZ002 | AQ1: LAZ003 | AR1: LAZ004 | AS1: LAZ101 | AT1: LAZ102 | AU1: LAZ103 | AV1: LAZ201 | AW1: LAY001 | AX1: LAY002 | AY1: LAH001 | AZ1: 生産 計画 No | BA1: 客先名 | BB1: 駅名 ﾒﾝﾃﾕﾆｯﾄ型式（個/ﾛｯﾄ） | BC1: コーナー メンテ：情報提供者 （情報入手日） | BD1: ﾕﾆｯﾄ 種類数 | BE1: BH型式 | BF1: 出荷日 | BG1: T-No （LAY） | BH1: LAZ ﾕﾆｯﾄ | BI1: 1F 出荷 | BJ1: ﾒﾝﾃﾕﾆｯﾄ 型式 | BK1: 5311189-5 | BL1: 5311167-4
A2: 21357 | E2: 8219 | I2: VU-LA004 | J2: 46029 | K2: 46042 | M2: MC-51891 | N2: 46038 | O2: 46031 | P2: 46042 | AA2: 46038 | AD2: ・ | AS2: ・ | AW2: ・ | AY2: ・ | AZ2: 000394014 | BA2: M社（Ｎ） | BC2: VU-LA004 | BD2: 11 | BE2: =I2 -> VU-LA004 | BF2: =K2 -> 46042 | BG2: =A2 -> 21357 | BH2: =COUNTA(R2:Z2) -> 0 | BI2: =COUNTA(AB2:AO2) -> 1
A3: 21358 | E3: 8220 | I3: VU-LA004 | J3: 46029 | K3: 46042 | M3: MC-51892 | N3: 46039 | O3: 46035 | P3: 46042 | AA3: 46038 | AD3: ・ | AE3: ・ | AH3: ・ | AL3: ・ | AS3: ・ | AW3: ・ | AY3: ・ | AZ3: 000394017 | BA3: M社（Ｎ） | BC3: VU-LA004 | BD3: 11 | BE3: =I3 -> VU-LA004 | BF3: =K3 -> 46042 | BG3: =A3 -> 21358 | BH3: =COUNTA(R3:Z3) -> 0 | BI3: =COUNTA(AB3:AO3) -> 4
A4: 21359 | E4: 8221 | I4: VU-LA004 | J4: 46029 | K4: 46042 | M4: MC-51893 | N4: 46039 | O4: 46035 | P4: 46042 | AA4: 46038 | AD4: ・ | AE4: ・ | AH4: ・ | AL4: ・ | AS4: ・ | AW4: ・ | AY4: ・ | AZ4: 000394023 | BA4: M社（Ｎ） | BC4: VU-LA004 | BD4: 11 | BE4: =I4 -> VU-LA004 | BF4: =K4 -> 46042 | BG4: =A4 -> 21359 | BH4: =COUNTA(R4:Z4) -> 0 | BI4: =COUNTA(AB4:AO4) -> 4
A5: 21360 | E5: 8222 | I5: VU-LA004 | J5: 46029 | K5: 46042 | M5: MC-51894 | N5: 46039 | O5: 46035 | P5: 46042 | AA5: 46038 | AD5: ・ | AE5: ・ | AH5: ・ | AL5: ・ | AS5: ・ | AW5: ・ | AY5: ・ | AZ5: 000394027 | BA5: M社（Ｎ） | BC5: VU-LA004 | BD5: 11 | BE5: =I5 -> VU-LA004 | BF5: =K5 -> 46042 | BG5: =A5 -> 21360 | BH5: =COUNTA(R5:Z5) -> 0 | BI5: =COUNTA(AB5:AO5) -> 4
A6: 21361 | E6: 8223 | I6: VU-LB106 | J6: 46029 | K6: 46042 | M6: VV-26809 | N6: 46041 | O6: 46036 | P6: 46042 | AA6: 46038 | AE6: ・ | AH6: ・ | AL6: ・ | AS6: ・ | AW6: ・ | AY6: ・ | AZ6: 000385411 | BA6: 南海 | BB6: 貝塚 | BC6: 東 | BD6: 11 | BE6: =I6 -> VU-LB106 | BF6: =K6 -> 46042 | BG6: =A6 -> 21361 | BH6: =COUNTA(R6:Z6) -> 0 | BI6: =COUNTA(AB6:AO6) -> 3
A7: 21362 | E7: 8224 | I7: VU-LB106 | J7: 46029 | K7: 46042 | M7: VV-26810 | N7: 46041 | O7: 46036 | P7: 46042 | AA7: 46038 | AC7: ・ | AE7: ・ | AH7: ・ | AL7: ・ | AS7: ・ | AW7: ・ | AY7: ・ | AZ7: 000385416 | BA7: 南海 | BB7: 初芝 | BD7: 11 | BE7: =I7 -> VU-LB106 | BF7: =K7 -> 46042 | BG7: =A7 -> 21362 | BH7: =COUNTA(R7:Z7) -> 0 | BI7: =COUNTA(AB7:AO7) -> 4
A8: 21363 | E8: 8225 | I8: VU-LA004 | J8: 46030 | K8: 46043 | M8: MC-51900 | N8: 46041 | O8: 46036 | P8: 46043 | AA8: 46039 | AD8: ・ | AE8: ・ | AH8: ・ | AL8: ・ | AS8: ・ | AW8: ・ | AY8: ・ | AZ8: 000394019 | BA8: M社（Ｎ） | BC8: VU-LA004 | BD8: 11 | BE8: =I8 -> VU-LA004 | BF8: =K8 -> 46043 | BG8: =A8 -> 21363 | BH8: =COUNTA(R8:Z8) -> 0 | BI8: =COUNTA(AB8:AO8) -> 4
A9: 21364 | E9: 8226 | I9: VU-LA004 | J9: 46030 | K9: 46043 | M9: MC-51901 | N9: 46042 | O9: 46037 | P9: 46043 | AA9: 46039 | AD9: ・ | AE9: ・ | AH9: ・ | AL9: ・ | AS9: ・ | AW9: ・ | AY9: ・ | AZ9: 000394021 | BA9: M社（Ｎ） | BC9: VU-LA004 | BD9: 11 | BE9: =I9 -> VU-LA004 | BF9: =K9 -> 46043 | BG9: =A9 -> 21364 | BH9: =COUNTA(R9:Z9) -> 0 | BI9: =COUNTA(AB9:AO9) -> 4
A10: 21365 | E10: 8227 | I10: VU-LB106 | J10: 46030 | K10: 46043 | M10: VV-26813 | N10: 46042 | O10: 46037 | P10: 46043 | AA10: 46039 | AC10: ・ | AE10: ・ | AH10: ・ | AL10: ・ | AS10: ・ | AW10: ・ | AY10: ・ | AZ10: 000385413 | BA10: 南海 | BB10: 沢ノ町 | BC10: 西 | BD10: 11 | BE10: =I10 -> VU-LB106 | BF10: =K10 -> 46043 | BG10: =A10 -> 21365 | BH10: =COUNTA(R10:Z10) -> 0 | BI10: =COUNTA(AB10:AO10) -> 4
A11: 21366 | E11: 8228 | I11: VU-LB106 | J11: 46030 | K11: 46043 | M11: VV-26814 | N11: 46042 | O11: 46037 | P11: 46043 | AA11: 46039 | AC11: ・ | AE11: ・ | AH11: ・ | AL11: ・ | AS11: ・ | AW11: ・ | AY11: ・ | AZ11: 000385414 | BA11: 南海 | BB11: 百舌鳥八幡 | BC11: 西 | BD11: 11 | BE11: =I11 -> VU-LB106 | BF11: =K11 -> 46043 | BG11: =A11 -> 21366 | BH11: =COUNTA(R11:Z11) -> 0 | BI11: =COUNTA(AB11:AO11) -> 4
A12: 21367 | E12: 8229 | I12: VU-LB106 | J12: 46031 | K12: 46044 | M12: VV-26817 | N12: 46043 | O12: 46038 | P12: 46044 | R12: ・ | S12: ・ | V12: ・ | X12: ・ | AA12: 46041 | AC12: ・ | AE12: ・ | AH12: ・ | AL12: ・ | AS12: ・ | AW12: ・ | AY12: ・ | AZ12: 000385412 | BA12: 南海 | BB12: 羽倉崎 | BC12: 東 | BD12: 11 | BE12: =I12 -> VU-LB106 | BF12: =K12 -> 46044 | BG12: =A12 -> 21367 | BH12: =COUNTA(R12:Z12) -> 4 | BI12: =COUNTA(AB12:AO12) -> 4
J13: 46010 | K13: 46044 | M13: MB-08182 | O13: =INDEX([3]光真稼働日早見表!$M:$M,MATCH($P13,[3]光真稼働日早見表!$Q:$Q,0),1) -> 46039 | P13: 46044 | Q13: M | R13: ・ | AZ13: 000394355 | BA13: JRMS | BB13: LAA101(1/1) | BC13: （25/11/10DB公開） | BD13: =COUNTA(R13:AY13) -> 1 | BE13: =I13 -> 0 | BF13: =K13 -> 46044 | BG13: =A13 -> 0 | BH13: =COUNTA(R13:Z13) -> 1 | BI13: =COUNTA(AB13:AO13) -> 0 | BJ13: LAA101
J14: 46001 | K14: 46044 | M14: MB-08151 | O14: =INDEX([3]光真稼働日早見表!$M:$M,MATCH($P14,[3]光真稼働日早見表!$Q:$Q,0),1) -> 46039 | P14: 46044 | Q14: M | R14: ・ | AZ14: 000395943 | BA14: OFET | BB14: LAA101(1/18) | BC14: （11/5林ひ様情報） | BD14: =COUNTA(R14:AY14) -> 1 | BE14: =I14 -> 0 | BF14: =K14 -> 46044 | BG14: =A14 -> 0 | BH14: =COUNTA(R14:Z14) -> 1 | BI14: =COUNTA(AB14:AO14) -> 0 | BJ14: LAA101
J15: 46001 | K15: 46044 | M15: MB-08151 | O15: =INDEX([3]光真稼働日早見表!$M:$M,MATCH($P15,[3]光真稼働日早見表!$Q:$Q,0),1) -> 46039 | P15: 46044 | Q15: M | R15: ・ | AZ15: 000395943 | BA15: OFET | BB15: LAA101(2/18) | BC15: （11/5林ひ様情報） | BD15: =COUNTA(R15:AY15) -> 1 | BE15: =I15 -> 0 | BF15: =K15 -> 46044 | BG15: =A15 -> 0 | BH15: =COUNTA(R15:Z15) -> 1 | BI15: =COUNTA(AB15:AO15) -> 0 | BJ15: LAA101
J16: 46001 | K16: 46044 | M16: MB-08151 | O16: =INDEX([3]光真稼働日早見表!$M:$M,MATCH($P16,[3]光真稼働日早見表!$Q:$Q,0),1) -> 46039 | P16: 46044 | Q16: M | R16: ・ | AZ16: 000395943 | BA16: OFET | BB16: LAA101(3/18) | BC16: （11/5林ひ様情報） | BD16: =COUNTA(R16:AY16) -> 1 | BE16: =I16 -> 0 | BF16: =K16 -> 46044 | BG16: =A16 -> 0 | BH16: =COUNTA(R16:Z16) -> 1 | BI16: =COUNTA(AB16:AO16) -> 0 | BJ16: LAA101
J17: 46001 | K17: 46044 | M17: MB-08151 | O17: =INDEX([3]光真稼働日早見表!$M:$M,MATCH($P17,[3]光真稼働日早見表!$Q:$Q,0),1) -> 46039 | P17: 46044 | Q17: M | R17: ・ | AZ17: 000395943 | BA17: OFET | BB17: LAA101(4/18) | BC17: （11/5林ひ様情報） | BD17: =COUNTA(R17:AY17) -> 1 | BE17: =I17 -> 0 | BF17: =K17 -> 46044 | BG17: =A17 -> 0 | BH17: =COUNTA(R17:Z17) -> 1 | BI17: =COUNTA(AB17:AO17) -> 0 | BJ17: LAA101
J18: 46001 | K18: 46044 | M18: MB-08151 | O18: =INDEX([3]光真稼働日早見表!$M:$M,MATCH($P18,[3]光真稼働日早見表!$Q:$Q,0),1) -> 46039 | P18: 46044 | Q18: M | R18: ・ | AZ18: 000395943 | BA18: OFET | BB18: LAA101(5/18) | BC18: （11/5林ひ様情報） | BD18: =COUNTA(R18:AY18) -> 1 | BE18: =I18 -> 0 | BF18: =K18 -> 46044 | BG18: =A18 -> 0 | BH18: =COUNTA(R18:Z18) -> 1 | BI18: =COUNTA(AB18:AO18) -> 0 | BJ18: LAA101
J19: 46001 | K19: 46044 | M19: MB-08150 | O19: =INDEX([3]光真稼働日早見表!$M:$M,MATCH($P19,[3]光真稼働日早見表!$Q:$Q,0),1) -> 46039 | P19: 46044 | Q19: M | V19: ・ | AZ19: 000395944 | BA19: OFET | BB19: LAG001(1/18) | BC19: （11/5林ひ様情報） | BD19: =COUNTA(R19:AY19) -> 1 | BE19: =I19 -> 0 | BF19: =K19 -> 46044 | BG19: =A19 -> 0 | BH19: =COUNTA(R19:Z19) -> 1 | BI19: =COUNTA(AB19:AO19) -> 0 | BJ19: LAG001
J20: 46001 | K20: 46044 | M20: MB-08150 | O20: =INDEX([3]光真稼働日早見表!$M:$M,MATCH($P20,[3]光真稼働日早見表!$Q:$Q,0),1) -> 46039 | P20: 46044 | Q20: M | V20: ・ | AZ20: 000395944 | BA20: OFET | BB20: LAG001(2/18) | BC20: （11/5林ひ様情報） | BD20: =COUNTA(R20:AY20) -> 1 | BE20: =I20 -> 0 | BF20: =K20 -> 46044 | BG20: =A20 -> 0 | BH20: =COUNTA(R20:Z20) -> 1 | BI20: =COUNTA(AB20:AO20) -> 0 | BJ20: LAG001
J21: 46001 | K21: 46044 | M21: MB-08150 | O21: =INDEX([3]光真稼働日早見表!$M:$M,MATCH($P21,[3]光真稼働日早見表!$Q:$Q,0),1) -> 46039 | P21: 46044 | Q21: M | V21: ・ | AZ21: 000395944 | BA21: OFET | BB21: LAG001(3/18) | BC21: （11/5林ひ様情報） | BD21: =COUNTA(R21:AY21) -> 1 | BE21: =I21 -> 0 | BF21: =K21 -> 46044 | BG21: =A21 -> 0 | BH21: =COUNTA(R21:Z21) -> 1 | BI21: =COUNTA(AB21:AO21) -> 0 | BJ21: LAG001
J22: 46001 | K22: 46044 | M22: MB-08150 | O22: =INDEX([3]光真稼働日早見表!$M:$M,MATCH($P22,[3]光真稼働日早見表!$Q:$Q,0),1) -> 46039 | P22: 46044 | Q22: M | V22: ・ | AZ22: 000395944 | BA22: OFET | BB22: LAG001(4/18) | BC22: （11/5林ひ様情報） | BD22: =COUNTA(R22:AY22) -> 1 | BE22: =I22 -> 0 | BF22: =K22 -> 46044 | BG22: =A22 -> 0 | BH22: =COUNTA(R22:Z22) -> 1 | BI22: =COUNTA(AB22:AO22) -> 0 | BJ22: LAG001
J23: 46001 | K23: 46044 | M23: MB-08150 | O23: =INDEX([3]光真稼働日早見表!$M:$M,MATCH($P23,[3]光真稼働日早見表!$Q:$Q,0),1) -> 46039 | P23: 46044 | Q23: M | V23: ・ | AZ23: 000395944 | BA23: OFET | BB23: LAG001(5/18) | BC23: （11/5林ひ様情報） | BD23: =COUNTA(R23:AY23) -> 1 | BE23: =I23 -> 0 | BF23: =K23 -> 46044 | BG23: =A23 -> 0 | BH23: =COUNTA(R23:Z23) -> 1 | BI23: =COUNTA(AB23:AO23) -> 0 | BJ23: LAG001
J24: 46001 | K24: 46044 | M24: MB-08149 | O24: =INDEX([3]光真稼働日早見表!$M:$M,MATCH($P24,[3]光真稼働日早見表!$Q:$Q,0),1) -> 46039 | P24: 46044 | Q24: M | X24: ・ | AZ24: 000395936 | BA24: OFET | BB24: LAE101(1/2) | BC24: （11/5林ひ様情報） | BD24: =COUNTA(R24:AY24) -> 1 | BE24: =I24 -> 0 | BF24: =K24 -> 46044 | BG24: =A24 -> 0 | BH24: =COUNTA(R24:Z24) -> 1 | BI24: =COUNTA(AB24:AO24) -> 0 | BJ24: LAE101
J25: 46001 | K25: 46044 | M25: MB-08149 | O25: =INDEX([3]光真稼働日早見表!$M:$M,MATCH($P25,[3]光真稼働日早見表!$Q:$Q,0),1) -> 46039 | P25: 46044 | Q25: M | X25: ・ | AZ25: 000395936 | BA25: OFET | BB25: LAE101(2/2) | BC25: （11/5林ひ様情報） | BD25: =COUNTA(R25:AY25) -> 1 | BE25: =I25 -> 0 | BF25: =K25 -> 46044 | BG25: =A25 -> 0 | BH25: =COUNTA(R25:Z25) -> 1 | BI25: =COUNTA(AB25:AO25) -> 0 | BJ25: LAE101
J26: 46001 | K26: 46044 | M26: MB-08152 | P26: 46044 | Q26: M | AA26: =INDEX([3]光真稼働日早見表!$N:$N,MATCH($P26,[3]光真稼働日早見表!$Q:$Q,0),1) -> 46041 | AB26: ・ | AZ26: 000395964 | BA26: OFET | BB26: LBL001(1/5) | BC26: （11/5林ひ様情報） | BD26: =COUNTA(R26:AY26) -> 2 | BE26: =I26 -> 0 | BF26: =K26 -> 46044 | BG26: =A26 -> 0 | BH26: =COUNTA(R26:Z26) -> 0 | BI26: =COUNTA(AB26:AO26) -> 1 | BJ26: LBL001
J27: 46001 | K27: 46044 | M27: MB-08152 | P27: 46044 | Q27: M | AA27: =INDEX([3]光真稼働日早見表!$N:$N,MATCH($P27,[3]光真稼働日早見表!$Q:$Q,0),1) -> 46041 | AB27: ・ | AZ27: 000395964 | BA27: OFET | BB27: LBL001(2/5) | BC27: （11/5林ひ様情報） | BD27: =COUNTA(R27:AY27) -> 2 | BE27: =I27 -> 0 | BF27: =K27 -> 46044 | BG27: =A27 -> 0 | BH27: =COUNTA(R27:Z27) -> 0 | BI27: =COUNTA(AB27:AO27) -> 1 | BJ27: LBL001
J28: 46001 | K28: 46044 | M28: MB-08152 | P28: 46044 | Q28: M | AA28: =INDEX([3]光真稼働日早見表!$N:$N,MATCH($P28,[3]光真稼働日早見表!$Q:$Q,0),1) -> 46041 | AB28: ・ | AZ28: 000395964 | BA28: OFET | BB28: LBL001(3/5) | BC28: （11/5林ひ様情報） | BD28: =COUNTA(R28:AY28) -> 2 | BE28: =I28 -> 0 | BF28: =K28 -> 46044 | BG28: =A28 -> 0 | BH28: =COUNTA(R28:Z28) -> 0 | BI28: =COUNTA(AB28:AO28) -> 1 | BJ28: LBL001
J29: 46001 | K29: 46044 | M29: MB-08152 | P29: 46044 | Q29: M | AA29: =INDEX([3]光真稼働日早見表!$N:$N,MATCH($P29,[3]光真稼働日早見表!$Q:$Q,0),1) -> 46041 | AB29: ・ | AZ29: 000395964 | BA29: OFET | BB29: LBL001(4/5) | BC29: （11/5林ひ様情報） | BD29: =COUNTA(R29:AY29) -> 2 | BE29: =I29 -> 0 | BF29: =K29 -> 46044 | BG29: =A29 -> 0 | BH29: =COUNTA(R29:Z29) -> 0 | BI29: =COUNTA(AB29:AO29) -> 1 | BJ29: LBL001
J30: 46001 | K30: 46044 | M30: MB-08152 | P30: 46044 | Q30: M | AA30: =INDEX([3]光真稼働日早見表!$N:$N,MATCH($P30,[3]光真稼働日早見表!$Q:$Q,0),1) -> 46041 | AB30: ・ | AZ30: 000395964 | BA30: OFET | BB30: LBL001(5/5) | BC30: （11/5林ひ様情報） | BD30: =COUNTA(R30:AY30) -> 2 | BE30: =I30 -> 0 | BF30: =K30 -> 46044 | BG30: =A30 -> 0 | BH30: =COUNTA(R30:Z30) -> 0 | BI30: =COUNTA(AB30:AO30) -> 1 | BJ30: LBL001
J31: 46001 | K31: 46044 | M31: MB-08147 | P31: 46044 | Q31: M | AA31: =INDEX([3]光真稼働日早見表!$N:$N,MATCH($P31,[3]光真稼働日早見表!$Q:$Q,0),1) -> 46041 | AE31: ・ | AZ31: 000395955 | BA31: OFET | BB31: LAN001(1/1) | BC31: （11/5林ひ様情報） | BD31: =COUNTA(R31:AY31) -> 2 | BE31: =I31 -> 0 | BF31: =K31 -> 46044 | BG31: =A31 -> 0 | BH31: =COUNTA(R31:Z31) -> 0 | BI31: =COUNTA(AB31:AO31) -> 1 | BJ31: LAN001
J32: 46001 | K32: 46044 | M32: MB-08145 | P32: 46044 | Q32: M | AA32: =INDEX([3]光真稼働日早見表!$N:$N,MATCH($P32,[3]光真稼働日早見表!$Q:$Q,0),1) -> 46041 | AH32: ・ | AZ32: 000395949 | BA32: OFET | BB32: LAC001(1/1) | BC32: （11/5林ひ様情報） | BD32: =COUNTA(R32:AY32) -> 2 | BE32: =I32 -> 0 | BF32: =K32 -> 46044 | BG32: =A32 -> 0 | BH32: =COUNTA(R32:Z32) -> 0 | BI32: =COUNTA(AB32:AO32) -> 1 | BJ32: LAC001
J33: 46001 | K33: 46044 | M33: MB-08146 | P33: 46044 | Q33: M | AA33: =INDEX([3]光真稼働日早見表!$N:$N,MATCH($P33,[3]光真稼働日早見表!$Q:$Q,0),1) -> 46041 | AL33: ・ | AZ33: 000395952 | BA33: OFET | BB33: LAD001(1/9) | BC33: （11/5林ひ様情報） | BD33: =COUNTA(R33:AY33) -> 2 | BE33: =I33 -> 0 | BF33: =K33 -> 46044 | BG33: =A33 -> 0 | BH33: =COUNTA(R33:Z33) -> 0 | BI33: =COUNTA(AB33:AO33) -> 1 | BJ33: LAD001
J34: 46001 | K34: 46044 | M34: MB-08146 | P34: 46044 | Q34: M | AA34: =INDEX([3]光真稼働日早見表!$N:$N,MATCH($P34,[3]光真稼働日早見表!$Q:$Q,0),1) -> 46041 | AL34: ・ | AZ34: 000395952 | BA34: OFET | BB34: LAD001(2/9) | BC34: （11/5林ひ様情報） | BD34: =COUNTA(R34:AY34) -> 2 | BE34: =I34 -> 0 | BF34: =K34 -> 46044 | BG34: =A34 -> 0 | BH34: =COUNTA(R34:Z34) -> 0 | BI34: =COUNTA(AB34:AO34) -> 1 | BJ34: LAD001
J35: 46001 | K35: 46044 | M35: MB-08146 | P35: 46044 | Q35: M | AA35: =INDEX([3]光真稼働日早見表!$N:$N,MATCH($P35,[3]光真稼働日早見表!$Q:$Q,0),1) -> 46041 | AL35: ・ | AZ35: 000395952 | BA35: OFET | BB35: LAD001(3/9) | BC35: （11/5林ひ様情報） | BD35: =COUNTA(R35:AY35) -> 2 | BE35: =I35 -> 0 | BF35: =K35 -> 46044 | BG35: =A35 -> 0 | BH35: =COUNTA(R35:Z35) -> 0 | BI35: =COUNTA(AB35:AO35) -> 1 | BJ35: LAD001
J36: 46001 | K36: 46044 | M36: MB-08146 | P36: 46044 | Q36: M | AA36: =INDEX([3]光真稼働日早見表!$N:$N,MATCH($P36,[3]光真稼働日早見表!$Q:$Q,0),1) -> 46041 | AL36: ・ | AZ36: 000395952 | BA36: OFET | BB36: LAD001(4/9) | BC36: （11/5林ひ様情報） | BD36: =COUNTA(R36:AY36) -> 2 | BE36: =I36 -> 0 | BF36: =K36 -> 46044 | BG36: =A36 -> 0 | BH36: =COUNTA(R36:Z36) -> 0 | BI36: =COUNTA(AB36:AO36) -> 1 | BJ36: LAD001
J37: 46001 | K37: 46044 | M37: MB-08146 | P37: 46044 | Q37: M | AA37: =INDEX([3]光真稼働日早見表!$N:$N,MATCH($P37,[3]光真稼働日早見表!$Q:$Q,0),1) -> 46041 | AL37: ・ | AZ37: 000395952 | BA37: OFET | BB37: LAD001(5/9) | BC37: （11/5林ひ様情報） | BD37: =COUNTA(R37:AY37) -> 2 | BE37: =I37 -> 0 | BF37: =K37 -> 46044 | BG37: =A37 -> 0 | BH37: =COUNTA(R37:Z37) -> 0 | BI37: =COUNTA(AB37:AO37) -> 1 | BJ37: LAD001
A38: 21368 | E38: 8230 | I38: VU-LB106 | J38: 46035 | K38: 46045 | M38: ・ | N38: 46044 | O38: 46039 | P38: 46045 | R38: ・ | S38: ・ | V38: ・ | X38: ・ | AA38: 46042 | AC38: ・ | AE38: ・ | AH38: ・ | AL38: ・ | AS38: ・ | AW38: ・ | AY38: ・ | AZ38: 000385415 | BA38: 南海 | BB38: 関西空港 | BD38: 11 | BE38: =I38 -> VU-LB106 | BF38: =K38 -> 46045 | BG38: =A38 -> 21368 | BH38: =COUNTA(R38:Z38) -> 4 | BI38: =COUNTA(AB38:AO38) -> 4
J39: 46001 | K39: 46045 | M39: MB-08156 | O39: =INDEX([3]光真稼働日早見表!$M:$M,MATCH($P39,[3]光真稼働日早見表!$Q:$Q,0),1) -> 46041 | P39: 46045 | Q39: M | R39: ・ | AZ39: 000396251 | BA39: OFET | BB39: LAA101(6/18) | BC39: （11/5林ひ様情報） | BD39: =COUNTA(R39:AY39) -> 1 | BE39: =I39 -> 0 | BF39: =K39 -> 46045 | BG39: =A39 -> 0 | BH39: =COUNTA(R39:Z39) -> 1 | BI39: =COUNTA(AB39:AO39) -> 0 | BJ39: LAA101
J40: 46001 | K40: 46045 | M40: MB-08156 | O40: =INDEX([3]光真稼働日早見表!$M:$M,MATCH($P40,[3]光真稼働日早見表!$Q:$Q,0),1) -> 46041 | P40: 46045 | Q40: M | R40: ・ | AZ40: 000396251 | BA40: OFET | BB40: LAA101(7/18) | BC40: （11/5林ひ様情報） | BD40: =COUNTA(R40:AY40) -> 1 | BE40: =I40 -> 0 | BF40: =K40 -> 46045 | BG40: =A40 -> 0 | BH40: =COUNTA(R40:Z40) -> 1 | BI40: =COUNTA(AB40:AO40) -> 0 | BJ40: LAA101
J41: 46001 | K41: 46045 | M41: MB-08156 | O41: =INDEX([3]光真稼働日早見表!$M:$M,MATCH($P41,[3]光真稼働日早見表!$Q:$Q,0),1) -> 46041 | P41: 46045 | Q41: M | R41: ・ | AZ41: 000396251 | BA41: OFET | BB41: LAA101(8/18) | BC41: （11/5林ひ様情報） | BD41: =COUNTA(R41:AY41) -> 1 | BE41: =I41 -> 0 | BF41: =K41 -> 46045 | BG41: =A41 -> 0 | BH41: =COUNTA(R41:Z41) -> 1 | BI41: =COUNTA(AB41:AO41) -> 0 | BJ41: LAA101
J42: 46001 | K42: 46045 | M42: MB-08156 | O42: =INDEX([3]光真稼働日早見表!$M:$M,MATCH($P42,[3]光真稼働日早見表!$Q:$Q,0),1) -> 46041 | P42: 46045 | Q42: M | R42: ・ | AZ42: 000396251 | BA42: OFET | BB42: LAA101(9/18) | BC42: （11/5林ひ様情報） | BD42: =COUNTA(R42:AY42) -> 1 | BE42: =I42 -> 0 | BF42: =K42 -> 46045 | BG42: =A42 -> 0 | BH42: =COUNTA(R42:Z42) -> 1 | BI42: =COUNTA(AB42:AO42) -> 0 | BJ42: LAA101
J43: 46001 | K43: 46045 | M43: MB-08156 | O43: =INDEX([3]光真稼働日早見表!$M:$M,MATCH($P43,[3]光真稼働日早見表!$Q:$Q,0),1) -> 46041 | P43: 46045 | Q43: M | R43: ・ | AZ43: 000396251 | BA43: OFET | BB43: LAA101(10/18) | BC43: （11/5林ひ様情報） | BD43: =COUNTA(R43:AY43) -> 1 | BE43: =I43 -> 0 | BF43: =K43 -> 46045 | BG43: =A43 -> 0 | BH43: =COUNTA(R43:Z43) -> 1 | BI43: =COUNTA(AB43:AO43) -> 0 | BJ43: LAA101
J44: 46001 | K44: 46045 | M44: MB-08155 | O44: =INDEX([3]光真稼働日早見表!$M:$M,MATCH($P44,[3]光真稼働日早見表!$Q:$Q,0),1) -> 46041 | P44: 46045 | Q44: M | V44: ・ | AZ44: 000396257 | BA44: OFET | BB44: LAG001(6/18) | BC44: （11/5林ひ様情報） | BD44: =COUNTA(R44:AY44) -> 1 | BE44: =I44 -> 0 | BF44: =K44 -> 46045 | BG44: =A44 -> 0 | BH44: =COUNTA(R44:Z44) -> 1 | BI44: =COUNTA(AB44:AO44) -> 0 | BJ44: LAG001
J45: 46001 | K45: 46045 | M45: MB-08155 | O45: =INDEX([3]光真稼働日早見表!$M:$M,MATCH($P45,[3]光真稼働日早見表!$Q:$Q,0),1) -> 46041 | P45: 46045 | Q45: M | V45: ・ | AZ45: 000396257 | BA45: OFET | BB45: LAG001(7/18) | BC45: （11/5林ひ様情報） | BD45: =COUNTA(R45:AY45) -> 1 | BE45: =I45 -> 0 | BF45: =K45 -> 46045 | BG45: =A45 -> 0 | BH45: =COUNTA(R45:Z45) -> 1 | BI45: =COUNTA(AB45:AO45) -> 0 | BJ45: LAG001
J46: 46001 | K46: 46045 | M46: MB-08155 | O46: =INDEX([3]光真稼働日早見表!$M:$M,MATCH($P46,[3]光真稼働日早見表!$Q:$Q,0),1) -> 46041 | P46: 46045 | Q46: M | V46: ・ | AZ46: 000396257 | BA46: OFET | BB46: LAG001(8/18) | BC46: （11/5林ひ様情報） | BD46: =COUNTA(R46:AY46) -> 1 | BE46: =I46 -> 0 | BF46: =K46 -> 46045 | BG46: =A46 -> 0 | BH46: =COUNTA(R46:Z46) -> 1 | BI46: =COUNTA(AB46:AO46) -> 0 | BJ46: LAG001
J47: 46001 | K47: 46045 | M47: MB-08155 | O47: =INDEX([3]光真稼働日早見表!$M:$M,MATCH($P47,[3]光真稼働日早見表!$Q:$Q,0),1) -> 46041 | P47: 46045 | Q47: M | V47: ・ | AZ47: 000396257 | BA47: OFET | BB47: LAG001(9/18) | BC47: （11/5林ひ様情報） | BD47: =COUNTA(R47:AY47) -> 1 | BE47: =I47 -> 0 | BF47: =K47 -> 46045 | BG47: =A47 -> 0 | BH47: =COUNTA(R47:Z47) -> 1 | BI47: =COUNTA(AB47:AO47) -> 0 | BJ47: LAG001
J48: 46001 | K48: 46045 | M48: MB-08154 | O48: =INDEX([3]光真稼働日早見表!$M:$M,MATCH($P48,[3]光真稼働日早見表!$Q:$Q,0),1) -> 46041 | P48: 46045 | Q48: M | X48: ・ | AZ48: 000395963 | BA48: OFET | BB48: LAE101(1/3) | BC48: （11/5林ひ様情報） | BD48: =COUNTA(R48:AY48) -> 1 | BE48: =I48 -> 0 | BF48: =K48 -> 46045 | BG48: =A48 -> 0 | BH48: =COUNTA(R48:Z48) -> 1 | BI48: =COUNTA(AB48:AO48) -> 0 | BJ48: LAE101
J49: 46001 | K49: 46045 | M49: MB-08154 | O49: =INDEX([3]光真稼働日早見表!$M:$M,MATCH($P49,[3]光真稼働日早見表!$Q:$Q,0),1) -> 46041 | P49: 46045 | Q49: M | X49: ・ | AZ49: 000395963 | BA49: OFET | BB49: LAE101(2/3) | BC49: （11/5林ひ様情報） | BD49: =COUNTA(R49:AY49) -> 1 | BE49: =I49 -> 0 | BF49: =K49 -> 46045 | BG49: =A49 -> 0 | BH49: =COUNTA(R49:Z49) -> 1 | BI49: =COUNTA(AB49:AO49) -> 0 | BJ49: LAE101
J50: 46001 | K50: 46045 | M50: MB-08154 | O50: =INDEX([3]光真稼働日早見表!$M:$M,MATCH($P50,[3]光真稼働日早見表!$Q:$Q,0),1) -> 46041 | P50: 46045 | Q50: M | X50: ・ | AZ50: 000395963 | BA50: OFET | BB50: LAE101(3/3) | BC50: （11/5林ひ様情報） | BD50: =COUNTA(R50:AY50) -> 1 | BE50: =I50 -> 0 | BF50: =K50 -> 46045 | BG50: =A50 -> 0 | BH50: =COUNTA(R50:Z50) -> 1 | BI50: =COUNTA(AB50:AO50) -> 0 | BJ50: LAE101
J51: 46001 | K51: 46045 | M51: MB-08153 | P51: 46045 | Q51: M | AA51: =INDEX([3]光真稼働日早見表!$N:$N,MATCH($P51,[3]光真稼働日早見表!$Q:$Q,0),1) -> 46042 | AL51: ・ | AZ51: 000396254 | BA51: OFET | BB51: LAD001(6/9) | BC51: （11/5林ひ様情報） | BD51: =COUNTA(R51:AY51) -> 2 | BE51: =I51 -> 0 | BF51: =K51 -> 46045 | BG51: =A51 -> 0 | BH51: =COUNTA(R51:Z51) -> 0 | BI51: =COUNTA(AB51:AO51) -> 1 | BJ51: LAD001
J52: 46001 | K52: 46045 | M52: MB-08153 | P52: 46045 | Q52: M | AA52: =INDEX([3]光真稼働日早見表!$N:$N,MATCH($P52,[3]光真稼働日早見表!$Q:$Q,0),1) -> 46042 | AL52: ・ | AZ52: 000396254 | BA52: OFET | BB52: LAD001(7/9) | BC52: （11/5林ひ様情報） | BD52: =COUNTA(R52:AY52) -> 2 | BE52: =I52 -> 0 | BF52: =K52 -> 46045 | BG52: =A52 -> 0 | BH52: =COUNTA(R52:Z52) -> 0 | BI52: =COUNTA(AB52:AO52) -> 1 | BJ52: LAD001
J53: 46001 | K53: 46045 | M53: MB-08153 | P53: 46045 | Q53: M | AA53: =INDEX([3]光真稼働日早見表!$N:$N,MATCH($P53,[3]光真稼働日早見表!$Q:$Q,0),1) -> 46042 | AL53: ・ | AZ53: 000396254 | BA53: OFET | BB53: LAD001(8/9) | BC53: （11/5林ひ様情報） | BD53: =COUNTA(R53:AY53) -> 2 | BE53: =I53 -> 0 | BF53: =K53 -> 46045 | BG53: =A53 -> 0 | BH53: =COUNTA(R53:Z53) -> 0 | BI53: =COUNTA(AB53:AO53) -> 1 | BJ53: LAD001
J54: 46001 | K54: 46045 | M54: MB-08153 | P54: 46045 | Q54: M | AA54: =INDEX([3]光真稼働日早見表!$N:$N,MATCH($P54,[3]光真稼働日早見表!$Q:$Q,0),1) -> 46042 | AL54: ・ | AZ54: 000396254 | BA54: OFET | BB54: LAD001(9/9) | BC54: （11/5林ひ様情報） | BD54: =COUNTA(R54:AY54) -> 2 | BE54: =I54 -> 0 | BF54: =K54 -> 46045 | BG54: =A54 -> 0 | BH54: =COUNTA(R54:Z54) -> 0 | BI54: =COUNTA(AB54:AO54) -> 1 | BJ54: LAD001
A55: 21369 | F55: 1254 | I55: VU-LB112 | J55: 46036 | K55: 46048 | M55: ・ | N55: 46045 | O55: 46041 | P55: 46048 | R55: ・ | S55: ・ | V55: ・ | Y55: ・ | AA55: 46043 | AC55: ・ | AE55: ・ | AH55: ・ | AL55: ・ | AT55: ・ | AW55: ・ | AY55: ・ | AZ55: 000380741 | BA55: JR西 | BB55: 鷹取 | BD55: 11 | BE55: =I55 -> VU-LB112 | BF55: =K55 -> 46048 | BG55: =A55 -> 21369 | BH55: =COUNTA(R55:Z55) -> 4 | BI55: =COUNTA(AB55:AO55) -> 4
J56: 46001 | K56: 46048 | M56: MB-08160 | O56: =INDEX([3]光真稼働日早見表!$M:$M,MATCH($P56,[3]光真稼働日早見表!$Q:$Q,0),1) -> 46042 | P56: 46048 | Q56: M | R56: ・ | AZ56: 000396253 | BA56: OFET | BB56: LAA101(11/18) | BC56: （11/5林ひ様情報） | BD56: =COUNTA(R56:AY56) -> 1 | BE56: =I56 -> 0 | BF56: =K56 -> 46048 | BG56: =A56 -> 0 | BH56: =COUNTA(R56:Z56) -> 1 | BI56: =COUNTA(AB56:AO56) -> 0 | BJ56: LAA101
J57: 46001 | K57: 46048 | M57: MB-08160 | O57: =INDEX([3]光真稼働日早見表!$M:$M,MATCH($P57,[3]光真稼働日早見表!$Q:$Q,0),1) -> 46042 | P57: 46048 | Q57: M | R57: ・ | AZ57: 000396253 | BA57: OFET | BB57: LAA101(12/18) | BC57: （11/5林ひ様情報） | BD57: =COUNTA(R57:AY57) -> 1 | BE57: =I57 -> 0 | BF57: =K57 -> 46048 | BG57: =A57 -> 0 | BH57: =COUNTA(R57:Z57) -> 1 | BI57: =COUNTA(AB57:AO57) -> 0 | BJ57: LAA101
J58: 46001 | K58: 46048 | M58: MB-08160 | O58: =INDEX([3]光真稼働日早見表!$M:$M,MATCH($P58,[3]光真稼働日早見表!$Q:$Q,0),1) -> 46042 | P58: 46048 | Q58: M | R58: ・ | AZ58: 000396253 | BA58: OFET | BB58: LAA101(13/18) | BC58: （11/5林ひ様情報） | BD58: =COUNTA(R58:AY58) -> 1 | BE58: =I58 -> 0 | BF58: =K58 -> 46048 | BG58: =A58 -> 0 | BH58: =COUNTA(R58:Z58) -> 1 | BI58: =COUNTA(AB58:AO58) -> 0 | BJ58: LAA101
J59: 46001 | K59: 46048 | M59: MB-08160 | O59: =INDEX([3]光真稼働日早見表!$M:$M,MATCH($P59,[3]光真稼働日早見表!$Q:$Q,0),1) -> 46042 | P59: 46048 | Q59: M | R59: ・ | AZ59: 000396253 | BA59: OFET | BB59: LAA101(14/18) | BC59: （11/5林ひ様情報） | BD59: =COUNTA(R59:AY59) -> 1 | BE59: =I59 -> 0 | BF59: =K59 -> 46048 | BG59: =A59 -> 0 | BH59: =COUNTA(R59:Z59) -> 1 | BI59: =COUNTA(AB59:AO59) -> 0 | BJ59: LAA101
J60: 46001 | K60: 46048 | M60: MB-08158 | O60: =INDEX([3]光真稼働日早見表!$M:$M,MATCH($P60,[3]光真稼働日早見表!$Q:$Q,0),1) -> 46042 | P60: 46048 | Q60: M | S60: ・ | AZ60: 000395959 | BA60: OFET | BB60: LAF001(1/4) | BC60: （11/5林ひ様情報） | BD60: =COUNTA(R60:AY60) -> 1 | BE60: =I60 -> 0 | BF60: =K60 -> 46048 | BG60: =A60 -> 0 | BH60: =COUNTA(R60:Z60) -> 1 | BI60: =COUNTA(AB60:AO60) -> 0 | BJ60: LAF001
J61: 46001 | K61: 46048 | M61: MB-08158 | O61: =INDEX([3]光真稼働日早見表!$M:$M,MATCH($P61,[3]光真稼働日早見表!$Q:$Q,0),1) -> 46042 | P61: 46048 | Q61: M | S61: ・ | AZ61: 000395959 | BA61: OFET | BB61: LAF001(2/4) | BC61: （11/5林ひ様情報） | BD61: =COUNTA(R61:AY61) -> 1 | BE61: =I61 -> 0 | BF61: =K61 -> 46048 | BG61: =A61 -> 0 | BH61: =COUNTA(R61:Z61) -> 1 | BI61: =COUNTA(AB61:AO61) -> 0 | BJ61: LAF001
J62: 46001 | K62: 46048 | M62: MB-08158 | O62: =INDEX([3]光真稼働日早見表!$M:$M,MATCH($P62,[3]光真稼働日早見表!$Q:$Q,0),1) -> 46042 | P62: 46048 | Q62: M | S62: ・ | AZ62: 000395959 | BA62: OFET | BB62: LAF001(3/4) | BC62: （11/5林ひ様情報） | BD62: =COUNTA(R62:AY62) -> 1 | BE62: =I62 -> 0 | BF62: =K62 -> 46048 | BG62: =A62 -> 0 | BH62: =COUNTA(R62:Z62) -> 1 | BI62: =COUNTA(AB62:AO62) -> 0 | BJ62: LAF001
J63: 46001 | K63: 46048 | M63: MB-08158 | O63: =INDEX([3]光真稼働日早見表!$M:$M,MATCH($P63,[3]光真稼働日早見表!$Q:$Q,0),1) -> 46042 | P63: 46048 | Q63: M | S63: ・ | AZ63: 000395959 | BA63: OFET | BB63: LAF001(4/4) | BC63: （11/5林ひ様情報） | BD63: =COUNTA(R63:AY63) -> 1 | BE63: =I63 -> 0 | BF63: =K63 -> 46048 | BG63: =A63 -> 0 | BH63: =COUNTA(R63:Z63) -> 1 | BI63: =COUNTA(AB63:AO63) -> 0 | BJ63: LAF001
J64: 46001 | K64: 46048 | M64: MB-08159 | O64: =INDEX([3]光真稼働日早見表!$M:$M,MATCH($P64,[3]光真稼働日早見表!$Q:$Q,0),1) -> 46042 | P64: 46048 | Q64: M | V64: ・ | AZ64: 000396255 | BA64: OFET | BB64: LAG001(10/18) | BC64: （11/5林ひ様情報） | BD64: =COUNTA(R64:AY64) -> 1 | BE64: =I64 -> 0 | BF64: =K64 -> 46048 | BG64: =A64 -> 0 | BH64: =COUNTA(R64:Z64) -> 1 | BI64: =COUNTA(AB64:AO64) -> 0 | BJ64: LAG001
J65: 46001 | K65: 46048 | M65: MB-08159 | O65: =INDEX([3]光真稼働日早見表!$M:$M,MATCH($P65,[3]光真稼働日早見表!$Q:$Q,0),1) -> 46042 | P65: 46048 | Q65: M | V65: ・ | AZ65: 000396255 | BA65: OFET | BB65: LAG001(11/18) | BC65: （11/5林ひ様情報） | BD65: =COUNTA(R65:AY65) -> 1 | BE65: =I65 -> 0 | BF65: =K65 -> 46048 | BG65: =A65 -> 0 | BH65: =COUNTA(R65:Z65) -> 1 | BI65: =COUNTA(AB65:AO65) -> 0 | BJ65: LAG001
J66: 46001 | K66: 46048 | M66: MB-08159 | O66: =INDEX([3]光真稼働日早見表!$M:$M,MATCH($P66,[3]光真稼働日早見表!$Q:$Q,0),1) -> 46042 | P66: 46048 | Q66: M | V66: ・ | AZ66: 000396255 | BA66: OFET | BB66: LAG001(12/18) | BC66: （11/5林ひ様情報） | BD66: =COUNTA(R66:AY66) -> 1 | BE66: =I66 -> 0 | BF66: =K66 -> 46048 | BG66: =A66 -> 0 | BH66: =COUNTA(R66:Z66) -> 1 | BI66: =COUNTA(AB66:AO66) -> 0 | BJ66: LAG001
J67: 46001 | K67: 46048 | M67: MB-08159 | O67: =INDEX([3]光真稼働日早見表!$M:$M,MATCH($P67,[3]光真稼働日早見表!$Q:$Q,0),1) -> 46042 | P67: 46048 | Q67: M | V67: ・ | AZ67: 000396255 | BA67: OFET | BB67: LAG001(13/18) | BC67: （11/5林ひ様情報） | BD67: =COUNTA(R67:AY67) -> 1 | BE67: =I67 -> 0 | BF67: =K67 -> 46048 | BG67: =A67 -> 0 | BH67: =COUNTA(R67:Z67) -> 1 | BI67: =COUNTA(AB67:AO67) -> 0 | BJ67: LAG001
J68: 46001 | K68: 46048 | M68: MB-08159 | O68: =INDEX([3]光真稼働日早見表!$M:$M,MATCH($P68,[3]光真稼働日早見表!$Q:$Q,0),1) -> 46042 | P68: 46048 | Q68: M | V68: ・ | AZ68: 000396255 | BA68: OFET | BB68: LAG001(14/18) | BC68: （11/5林ひ様情報） | BD68: =COUNTA(R68:AY68) -> 1 | BE68: =I68 -> 0 | BF68: =K68 -> 46048 | BG68: =A68 -> 0 | BH68: =COUNTA(R68:Z68) -> 1 | BI68: =COUNTA(AB68:AO68) -> 0 | BJ68: LAG001
J69: 46001 | K69: 46048 | M69: MB-08157 | P69: 46048 | Q69: M | AA69: =INDEX([3]光真稼働日早見表!$N:$N,MATCH($P69,[3]光真稼働日早見表!$Q:$Q,0),1) -> 46043 | AL69: ・ | AZ69: 000395958 | BA69: OFET | BB69: LAD001(1/4) | BC69: （11/5林ひ様情報） | BD69: =COUNTA(R69:AY69) -> 2 | BE69: =I69 -> 0 | BF69: =K69 -> 46048 | BG69: =A69 -> 0 | BH69: =COUNTA(R69:Z69) -> 0 | BI69: =COUNTA(AB69:AO69) -> 1 | BJ69: LAD001
J70: 46001 | K70: 46048 | M70: MB-08157 | P70: 46048 | Q70: M | AA70: =INDEX([3]光真稼働日早見表!$N:$N,MATCH($P70,[3]光真稼働日早見表!$Q:$Q,0),1) -> 46043 | AL70: ・ | AZ70: 000395958 | BA70: OFET | BB70: LAD001(2/4) | BC70: （11/5林ひ様情報） | BD70: =COUNTA(R70:AY70) -> 2 | BE70: =I70 -> 0 | BF70: =K70 -> 46048 | BG70: =A70 -> 0 | BH70: =COUNTA(R70:Z70) -> 0 | BI70: =COUNTA(AB70:AO70) -> 1 | BJ70: LAD001
J71: 46001 | K71: 46048 | M71: MB-08157 | P71: 46048 | Q71: M | AA71: =INDEX([3]光真稼働日早見表!$N:$N,MATCH($P71,[3]光真稼働日早見表!$Q:$Q,0),1) -> 46043 | AL71: ・ | AZ71: 000395958 | BA71: OFET | BB71: LAD001(3/4) | BC71: （11/5林ひ様情報） | BD71: =COUNTA(R71:AY71) -> 2 | BE71: =I71 -> 0 | BF71: =K71 -> 46048 | BG71: =A71 -> 0 | BH71: =COUNTA(R71:Z71) -> 0 | BI71: =COUNTA(AB71:AO71) -> 1 | BJ71: LAD001
J72: 46001 | K72: 46048 | M72: MB-08157 | P72: 46048 | Q72: M | AA72: =INDEX([3]光真稼働日早見表!$N:$N,MATCH($P72,[3]光真稼働日早見表!$Q:$Q,0),1) -> 46043 | AL72: ・ | AZ72: 000395958 | BA72: OFET | BB72: LAD001(4/4) | BC72: （11/5林ひ様情報） | BD72: =COUNTA(R72:AY72) -> 2 | BE72: =I72 -> 0 | BF72: =K72 -> 46048 | BG72: =A72 -> 0 | BH72: =COUNTA(R72:Z72) -> 0 | BI72: =COUNTA(AB72:AO72) -> 1 | BJ72: LAD001
J73: 46001 | K73: 46049 | M73: MB-08164 | O73: =INDEX([3]光真稼働日早見表!$M:$M,MATCH($P73,[3]光真稼働日早見表!$Q:$Q,0),1) -> 46043 | P73: 46049 | Q73: M | R73: ・ | AZ73: 000396252 | BA73: OFET | BB73: LAA101(15/18) | BC73: （11/5林ひ様情報） | BD73: =COUNTA(R73:AY73) -> 1 | BE73: =I73 -> 0 | BF73: =K73 -> 46049 | BG73: =A73 -> 0 | BH73: =COUNTA(R73:Z73) -> 1 | BI73: =COUNTA(AB73:AO73) -> 0 | BJ73: LAA101
J74: 46001 | K74: 46049 | M74: MB-08164 | O74: =INDEX([3]光真稼働日早見表!$M:$M,MATCH($P74,[3]光真稼働日早見表!$Q:$Q,0),1) -> 46043 | P74: 46049 | Q74: M | R74: ・ | AZ74: 000396252 | BA74: OFET | BB74: LAA101(16/18) | BC74: （11/5林ひ様情報） | BD74: =COUNTA(R74:AY74) -> 1 | BE74: =I74 -> 0 | BF74: =K74 -> 46049 | BG74: =A74 -> 0 | BH74: =COUNTA(R74:Z74) -> 1 | BI74: =COUNTA(AB74:AO74) -> 0 | BJ74: LAA101
J75: 46001 | K75: 46049 | M75: MB-08164 | O75: =INDEX([3]光真稼働日早見表!$M:$M,MATCH($P75,[3]光真稼働日早見表!$Q:$Q,0),1) -> 46043 | P75: 46049 | Q75: M | R75: ・ | AZ75: 000396252 | BA75: OFET | BB75: LAA101(17/18) | BC75: （11/5林ひ様情報） | BD75: =COUNTA(R75:AY75) -> 1 | BE75: =I75 -> 0 | BF75: =K75 -> 46049 | BG75: =A75 -> 0 | BH75: =COUNTA(R75:Z75) -> 1 | BI75: =COUNTA(AB75:AO75) -> 0 | BJ75: LAA101
J76: 46001 | K76: 46049 | M76: MB-08164 | O76: =INDEX([3]光真稼働日早見表!$M:$M,MATCH($P76,[3]光真稼働日早見表!$Q:$Q,0),1) -> 46043 | P76: 46049 | Q76: M | R76: ・ | AZ76: 000396252 | BA76: OFET | BB76: LAA101(18/18) | BC76: （11/5林ひ様情報） | BD76: =COUNTA(R76:AY76) -> 1 | BE76: =I76 -> 0 | BF76: =K76 -> 46049 | BG76: =A76 -> 0 | BH76: =COUNTA(R76:Z76) -> 1 | BI76: =COUNTA(AB76:AO76) -> 0 | BJ76: LAA101
J77: 46001 | K77: 46049 | M77: MB-08162 | O77: =INDEX([3]光真稼働日早見表!$M:$M,MATCH($P77,[3]光真稼働日早見表!$Q:$Q,0),1) -> 46043 | P77: 46049 | Q77: M | S77: ・ | AZ77: 000395947 | BA77: OFET | BB77: LAF001(1/1) | BC77: （11/5林ひ様情報） | BD77: =COUNTA(R77:AY77) -> 1 | BE77: =I77 -> 0 | BF77: =K77 -> 46049 | BG77: =A77 -> 0 | BH77: =COUNTA(R77:Z77) -> 1 | BI77: =COUNTA(AB77:AO77) -> 0 | BJ77: LAF001
J78: 46001 | K78: 46049 | M78: MB-08163 | O78: =INDEX([3]光真稼働日早見表!$M:$M,MATCH($P78,[3]光真稼働日早見表!$Q:$Q,0),1) -> 46043 | P78: 46049 | Q78: M | V78: ・ | AZ78: 000396256 | BA78: OFET | BB78: LAG001(15/18) | BC78: （11/5林ひ様情報） | BD78: =COUNTA(R78:AY78) -> 1 | BE78: =I78 -> 0 | BF78: =K78 -> 46049 | BG78: =A78 -> 0 | BH78: =COUNTA(R78:Z78) -> 1 | BI78: =COUNTA(AB78:AO78) -> 0 | BJ78: LAG001
J79: 46001 | K79: 46049 | M79: MB-08163 | O79: =INDEX([3]光真稼働日早見表!$M:$M,MATCH($P79,[3]光真稼働日早見表!$Q:$Q,0),1) -> 46043 | P79: 46049 | Q79: M | V79: ・ | AZ79: 000396256 | BA79: OFET | BB79: LAG001(16/18) | BC79: （11/5林ひ様情報） | BD79: =COUNTA(R79:AY79) -> 1 | BE79: =I79 -> 0 | BF79: =K79 -> 46049 | BG79: =A79 -> 0 | BH79: =COUNTA(R79:Z79) -> 1 | BI79: =COUNTA(AB79:AO79) -> 0 | BJ79: LAG001
J80: 46001 | K80: 46049 | M80: MB-08163 | O80: =INDEX([3]光真稼働日早見表!$M:$M,MATCH($P80,[3]光真稼働日早見表!$Q:$Q,0),1) -> 46043 | P80: 46049 | Q80: M | V80: ・ | AZ80: 000396256 | BA80: OFET | BB80: LAG001(17/18) | BC80: （11/5林ひ様情報） | BD80: =COUNTA(R80:AY80) -> 1 | BE80: =I80 -> 0 | BF80: =K80 -> 46049 | BG80: =A80 -> 0 | BH80: =COUNTA(R80:Z80) -> 1 | BI80: =COUNTA(AB80:AO80) -> 0 | BJ80: LAG001
J81: 46001 | K81: 46049 | M81: MB-08163 | O81: =INDEX([3]光真稼働日早見表!$M:$M,MATCH($P81,[3]光真稼働日早見表!$Q:$Q,0),1) -> 46043 | P81: 46049 | Q81: M | V81: ・ | AZ81: 000396256 | BA81: OFET | BB81: LAG001(18/18) | BC81: （11/5林ひ様情報） | BD81: =COUNTA(R81:AY81) -> 1 | BE81: =I81 -> 0 | BF81: =K81 -> 46049 | BG81: =A81 -> 0 | BH81: =COUNTA(R81:Z81) -> 1 | BI81: =COUNTA(AB81:AO81) -> 0 | BJ81: LAG001
J82: 46001 | K82: 46049 | M82: MB-08161 | P82: 46049 | Q82: M | AA82: =INDEX([3]光真稼働日早見表!$N:$N,MATCH($P82,[3]光真稼働日早見表!$Q:$Q,0),1) -> 46044 | AL82: ・ | AZ82: 000395948 | BA82: OFET | BB82: LAD001(1/1) | BC82: （11/5林ひ様情報） | BD82: =COUNTA(R82:AY82) -> 2 | BE82: =I82 -> 0 | BF82: =K82 -> 46049 | BG82: =A82 -> 0 | BH82: =COUNTA(R82:Z82) -> 0 | BI82: =COUNTA(AB82:AO82) -> 1 | BJ82: LAD001
J83: 46001 | K83: 46051 | M83: MB-08167 | O83: =INDEX([3]光真稼働日早見表!$M:$M,MATCH($P83,[3]光真稼働日早見表!$Q:$Q,0),1) -> 46045 | P83: 46051 | Q83: M | R83: ・ | AZ83: 000395939 | BA83: OFET | BB83: LAA101(1/1) | BC83: （11/5林ひ様情報） | BD83: =COUNTA(R83:AY83) -> 1 | BE83: =I83 -> 0 | BF83: =K83 -> 46051 | BG83: =A83 -> 0 | BH83: =COUNTA(R83:Z83) -> 1 | BI83: =COUNTA(AB83:AO83) -> 0 | BJ83: LAA101
J84: 46001 | K84: 46051 | M84: MB-08169 | O84: =INDEX([3]光真稼働日早見表!$M:$M,MATCH($P84,[3]光真稼働日早見表!$Q:$Q,0),1) -> 46045 | P84: 46051 | Q84: M | R84: ・ | AZ84: 000395937 | BA84: OFET | BB84: LAA101(1/1) | BC84: （11/5林ひ様情報） | BD84: =COUNTA(R84:AY84) -> 1 | BE84: =I84 -> 0 | BF84: =K84 -> 46051 | BG84: =A84 -> 0 | BH84: =COUNTA(R84:Z84) -> 1 | BI84: =COUNTA(AB84:AO84) -> 0 | BJ84: LAA101
J85: 46001 | K85: 46051 | M85: MB-08168 | O85: =INDEX([3]光真稼働日早見表!$M:$M,MATCH($P85,[3]光真稼働日早見表!$Q:$Q,0),1) -> 46045 | P85: 46051 | Q85: M | R85: ・ | AZ85: 000395953 | BA85: OFET | BB85: LAA101(1/3) | BC85: （11/5林ひ様情報） | BD85: =COUNTA(R85:AY85) -> 1 | BE85: =I85 -> 0 | BF85: =K85 -> 46051 | BG85: =A85 -> 0 | BH85: =COUNTA(R85:Z85) -> 1 | BI85: =COUNTA(AB85:AO85) -> 0 | BJ85: LAA101
J86: 46001 | K86: 46051 | M86: MB-08168 | O86: =INDEX([3]光真稼働日早見表!$M:$M,MATCH($P86,[3]光真稼働日早見表!$Q:$Q,0),1) -> 46045 | P86: 46051 | Q86: M | R86: ・ | AZ86: 000395953 | BA86: OFET | BB86: LAA101(2/3) | BC86: （11/5林ひ様情報） | BD86: =COUNTA(R86:AY86) -> 1 | BE86: =I86 -> 0 | BF86: =K86 -> 46051 | BG86: =A86 -> 0 | BH86: =COUNTA(R86:Z86) -> 1 | BI86: =COUNTA(AB86:AO86) -> 0 | BJ86: LAA101
J87: 46001 | K87: 46051 | M87: MB-08168 | O87: =INDEX([3]光真稼働日早見表!$M:$M,MATCH($P87,[3]光真稼働日早見表!$Q:$Q,0),1) -> 46045 | P87: 46051 | Q87: M | R87: ・ | AZ87: 000395953 | BA87: OFET | BB87: LAA101(3/3) | BC87: （11/5林ひ様情報） | BD87: =COUNTA(R87:AY87) -> 1 | BE87: =I87 -> 0 | BF87: =K87 -> 46051 | BG87: =A87 -> 0 | BH87: =COUNTA(R87:Z87) -> 1 | BI87: =COUNTA(AB87:AO87) -> 0 | BJ87: LAA101
A88: 21370 | E88: 8231 | I88: VU-LA004 | J88: 46043 | K88: 46055 | M88: ・ | N88: 46051 | O88: 46045 | P88: 46055 | R88: ・ | S88: ・ | V88: ・ | X88: ・ | AA88: 46050 | AD88: ・ | AE88: ・ | AH88: ・ | AL88: ・ | AS88: ・ | AW88: ・ | AY88: ・ | AZ88: 000384260 | BA88: M社（Ｎ） | BC88: VU-LA004 | BD88: 11 | BE88: VU-LA004 | BF88: 46055 | BG88: 21370 | BH88: 4 | BI88: 4
A89: 21371 | E89: 8232 | I89: VU-LA004 | J89: 46043 | K89: 46055 | M89: ・ | N89: 46052 | O89: 46048 | P89: 46055 | R89: ・ | S89: ・ | V89: ・ | X89: ・ | AA89: 46050 | AD89: ・ | AE89: ・ | AH89: ・ | AL89: ・ | AS89: ・ | AW89: ・ | AY89: ・ | AZ89: 000386911 | BA89: M社（Ｎ） | BC89: VU-LA004 | BD89: 11 | BE89: VU-LA004 | BF89: 46055 | BG89: 21371 | BH89: 4 | BI89: 4
J90: 46001 | K90: 46055 | M90: MB-08171 | O90: 46049 | P90: 46055 | Q90: M | V90: ・ | AZ90: 000396264 | BA90: OFET | BB90: LAG001(16/39) | BC90: （11/5林ひ様情報） | BD90: 1 | BE90: 0 | BF90: 46055 | BG90: 0 | BH90: 1 | BI90: 0 | BJ90: LAG001
J91: 46001 | K91: 46055 | M91: MB-08171 | O91: 46049 | P91: 46055 | Q91: M | V91: ・ | AZ91: 000396264 | BA91: OFET | BB91: LAG001(17/39) | BC91: （11/5林ひ様情報） | BD91: 1 | BE91: 0 | BF91: 46055 | BG91: 0 | BH91: 1 | BI91: 0 | BJ91: LAG001
J92: 46001 | K92: 46055 | M92: MB-08171 | O92: 46049 | P92: 46055 | Q92: M | V92: ・ | AZ92: 000396264 | BA92: OFET | BB92: LAG001(18/39) | BC92: （11/5林ひ様情報） | BD92: 1 | BE92: 0 | BF92: 46055 | BG92: 0 | BH92: 1 | BI92: 0 | BJ92: LAG001
J93: 46001 | K93: 46055 | M93: MB-08171 | O93: 46049 | P93: 46055 | Q93: M | V93: ・ | AZ93: 000396264 | BA93: OFET | BB93: LAG001(19/39) | BC93: （11/5林ひ様情報） | BD93: 1 | BE93: 0 | BF93: 46055 | BG93: 0 | BH93: 1 | BI93: 0 | BJ93: LAG001
A94: 21372 | E94: 8233 | I94: VU-LB106 | J94: 46044 | K94: 46056 | M94: ・ | N94: 46055 | O94: 46049 | P94: 46056 | R94: ・ | S94: ・ | V94: ・ | X94: ・ | AA94: 46051 | AC94: ・ | AE94: ・ | AH94: ・ | AL94: ・ | AS94: ・ | AW94: ・ | AY94: ・ | AZ94: 000377934 | BA94: 南海 | BB94: りんくうタウン | BD94: 11 | BE94: VU-LB106 | BF94: 46056 | BG94: 21372 | BH94: 4 | BI94: 4
J95: 46001 | K95: 46056 | M95: MB-08172 | O95: 46050 | P95: 46056 | Q95: M | V95: ・ | AZ95: 000396258 | BA95: OFET | BB95: LAG001(20/39) | BC95: （11/5林ひ様情報） | BD95: 1 | BE95: 0 | BF95: 46056 | BG95: 0 | BH95: 1 | BI95: 0 | BJ95: LAG001
J96: 46001 | K96: 46056 | M96: MB-08172 | O96: 46050 | P96: 46056 | Q96: M | V96: ・ | AZ96: 000396258 | BA96: OFET | BB96: LAG001(21/39) | BC96: （11/5林ひ様情報） | BD96: 1 | BE96: 0 | BF96: 46056 | BG96: 0 | BH96: 1 | BI96: 0 | BJ96: LAG001
J97: 46001 | K97: 46056 | M97: MB-08172 | O97: 46050 | P97: 46056 | Q97: M | V97: ・ | AZ97: 000396258 | BA97: OFET | BB97: LAG001(22/39) | BC97: （11/5林ひ様情報） | BD97: 1 | BE97: 0 | BF97: 46056 | BG97: 0 | BH97: 1 | BI97: 0 | BJ97: LAG001
J98: 46001 | K98: 46056 | M98: MB-08172 | O98: 46050 | P98: 46056 | Q98: M | V98: ・ | AZ98: 000396258 | BA98: OFET | BB98: LAG001(23/39) | BC98: （11/5林ひ様情報） | BD98: 1 | BE98: 0 | BF98: 46056 | BG98: 0 | BH98: 1 | BI98: 0 | BJ98: LAG001
J99: 46001 | K99: 46056 | M99: MB-08172 | O99: 46050 | P99: 46056 | Q99: M | V99: ・ | AZ99: 000396258 | BA99: OFET | BB99: LAG001(24/39) | BC99: （11/5林ひ様情報） | BD99: 1 | BE99: 0 | BF99: 46056 | BG99: 0 | BH99: 1 | BI99: 0 | BJ99: LAG001
J100: 46001 | K100: 46057 | M100: MB-08173 | O100: 46051 | P100: 46057 | Q100: M | V100: ・ | AZ100: 000396259 | BA100: OFET | BB100: LAG001(25/39) | BC100: （11/5林ひ様情報） | BD100: 1 | BE100: 0 | BF100: 46057 | BG100: 0 | BH100: 1 | BI100: 0 | BJ100: LAG001
...

Sheet V9集計
B3: 行ラベル | C3: YBS-LAA001 | D3: YBS-LAF001 | E3: YBS-LAG001 | F3: YBS-LAE001 | G3: YBS-LAL001 | H3: YBS-LAN001 | I3: YBS-LAC001 | J3: YBS-LAD001
A4: 46031 | B4: 46038 | C4: 2 | D4: 2 | E4: 2 | F4: 2 | G4: 2 | H4: 5 | I4: 2 | J4: 2
B5: 46039 | C5: 2 | D5: 2 | E5: 2 | F5: 2 | G5: 2 | H5: 2 | I5: 2 | J5: 2
B6: 46041 | C6: 2 | D6: 2 | E6: 2 | F6: 2 | G6: 2 | H6: 2 | I6: 2 | J6: 2
B7: 46042 | C7: 3 | D7: 3 | E7: 3 | F7: 3 | G7: 3 | H7: 3 | I7: 3 | J7: 3
B8: 46043 | C8: 3 | D8: 3 | E8: 3 | F8: 3 | G8: 3 | H8: 3 | I8: 3 | J8: 3
B9: 46044 | C9: 3 | D9: 3 | E9: 3 | F9: 3 | G9: 3 | H9: 3 | I9: 3 | J9: 3
B10: 46045 | C10: 3 | D10: 3 | E10: 3 | F10: 3 | G10: 3 | H10: 3 | I10: 3 | J10: 3
B11: 46048 | C11: 3 | D11: 3 | E11: 3 | F11: 3 | G11: 3 | H11: 3 | I11: 3 | J11: 3
A12: 46042 | B12: 46049 | C12: 3 | D12: 3 | E12: 3 | F12: 3 | G12: 3 | H12: 3 | I12: 3 | J12: 3
B13: 46050 | C13: 2 | D13: 2 | E13: 2 | F13: 2 | G13: 2 | H13: 2 | I13: 2 | J13: 2
B14: 46051 | C14: 2 | D14: 2 | E14: 2 | F14: 2 | G14: 2 | H14: 2 | I14: 2 | J14: 2
B15: 46052 | C15: 2 | D15: 2 | E15: 2 | F15: 2 | G15: 2 | H15: 2 | I15: 2 | J15: 2
B16: 46055 | C16: 2 | D16: 2 | E16: 2 | F16: 2 | G16: 2 | H16: 2 | I16: 2 | J16: 2
B17: 46056 | C17: 2 | D17: 2 | E17: 2 | F17: 2 | G17: 2 | H17: 2 | I17: 2 | J17: 2
B18: 46057 | C18: 2 | D18: 2 | E18: 2 | F18: 2 | G18: 2 | H18: 2 | I18: 2 | J18: 2
B19: 46058 | C19: 1 | D19: 1 | E19: 1 | F19: 1 | G19: 1 | H19: 1 | I19: 1 | J19: 1
B20: 46059 | C20: 1 | D20: 1 | E20: 1 | F20: 1 | G20: 1 | H20: 1 | I20: 1 | J20: 1
B21: 46062 | C21: 1 | D21: 1 | E21: 1 | F21: 1 | G21: 1 | H21: 1 | I21: 1 | J21: 1
B22: 46066 | I22: 4
B23: 46069 | C23: 1 | D23: 6 | E23: 1 | F23: 1 | G23: 1 | H23: 6 | I23: 5 | J23: 6
A24: 46063 | B24: 46070 | C24: 1 | D24: 1 | E24: 1 | F24: 1 | G24: 1 | H24: 1 | I24: 1 | J24: 1
B25: 46071 | C25: 1 | D25: 1 | E25: 1 | F25: 1 | G25: 1 | H25: 2 | I25: 1 | J25: 1
B26: 46072 | C26: 1 | D26: 1 | E26: 1 | F26: 1 | G26: 1 | H26: 1 | I26: 1 | J26: 1
B27: 46073 | C27: 1 | D27: 1 | E27: 1 | F27: 1 | G27: 1 | H27: 1 | I27: 1 | J27: 1
B28: 46077 | C28: 1 | D28: 1 | E28: 1 | F28: 1 | G28: 1 | H28: 1 | I28: 1 | J28: 1
B29: 46086 | C29: 1 | D29: 1 | E29: 1 | F29: 1 | G29: 1 | H29: 1 | I29: 1 | J29: 1
B30: 46087 | C30: 1 | D30: 1 | E30: 1 | F30: 1 | G30: 1 | H30: 1 | I30: 1 | J30: 1
B31: 46090 | C31: 1 | D31: 1 | E31: 1 | F31: 1 | G31: 1 | H31: 1 | I31: 1 | J31: 1
B32: 46091 | C32: 1 | D32: 1 | E32: 1 | F32: 1 | G32: 1 | H32: 1 | I32: 1 | J32: 1
B33: 46092 | C33: 1 | D33: 1 | E33: 1 | F33: 1 | G33: 1 | H33: 1 | I33: 1 | J33: 1
B34: 46093 | C34: 1 | D34: 1 | E34: 1 | F34: 1 | G34: 1 | H34: 1 | I34: 1 | J34: 1
B35: 46094 | C35: 1 | D35: 1 | E35: 1 | F35: 1 | G35: 1 | H35: 1 | I35: 1 | J35: 1
B36: 46097 | C36: 1 | D36: 1 | E36: 1 | F36: 1 | G36: 1 | H36: 1 | I36: 1 | J36: 1
... B39: 46100 | C39: 2 | D39: 2 | E39: 2 | F39: 2 | G39: 2 | H39: 2 | I39: 2 | J39: 2
A40: 46093 | B40: 46106 | C40: 3 | D40: 3 | E40: 3 | F40: 3 | G40: 3 | H40: 3 | I40: 3 | J40: 3
B41: 46107 | C41: 3 | D41: 3 | E41: 3 | F41: 3 | G41: 3 | H41: 3 | I41: 3 | J41: 3
B42: 46108 | C42: 3 | D42: 3 | E42: 3 | F42: 3 | G42: 3 | H42: 3 | I42: 3 | J42: 3
B43: 46111 | C43: 3 | D43: 3 | E43: 3 | F43: 3 | G43: 3 | H43: 3 | I43: 3 | J43: 3
B44: 46112 | C44: 3 | D44: 3 | E44: 3 | F44: 3 | G44: 3 | H44: 3 | I44: 3 | J44: 3
B45: 46113 | C45: 3 | D45: 3 | E45: 3 | F45: 3 | G45: 3 | H45: 3 | I45: 3 | J45: 3
B46: 46114 | C46: 3 | D46: 3 | E46: 3 | F46: 3 | G46: 3 | H46: 3 | I46: 3 | J46: 3
B47: 46115 | C47: 3 | D47: 3 | E47: 3 | F47: 3 | G47: 3 | H47: 3 | I47: 3 | J47: 3
B48: 46118 | C48: 3 | D48: 3 | E48: 3 | F48: 3 | G48: 3 | H48: 3 | I48: 3 | J48: 3
B49: 46119 | C49: 3 | D49: 3 | E49: 3 | F49: 3 | G49: 3 | H49: 3 | I49: 3 | J49: 3
B50: 46120 | C50: 3 | D50: 3 | E50: 3 | F50: 3 | G50: 3 | H50: 3 | I50: 3 | J50: 3
B51: 46121 | C51: 3 | D51: 3 | E51: 3 | F51: 3 | G51: 3 | H51: 3 | I51: 3 | J51: 3
B52: 46122 | C52: 3 | D52: 3 | E52: 3 | F52: 3 | G52: 3 | H52: 3 | I52: 3 | J52: 3
... B59: 46133 | C59: 5 | D59: 5 | E59: 5 | F59: 5 | G59: 5 | H59: 5 | I59: 5 | J59: 5
B60: 総計 | C60: 125 | D60: 130 | E60: 125 | F60: 125 | G60: 125 | H60: 134 | I60: 133 | J60: 130

Sheet V9
A1: T-No | B1: Z001 号機 | C1: Z002 号機 | D1: Y001 号機 | E1: Y002 号機 | F1: ＢＨ型式 | G1: 順序 確定日 | H1: 光真 順序 出荷日 | I1: 実出荷 | J1: KP-No | K1: LAZ 完了 計画 | L1: KMP ユニット 日本着日 | M1: 光真 出荷計画 | N1: メンテ | O1: YBS-LAA001 | P1: YBS-LAF001 | Q1: YBS-LAG001 | R1: YBS-LAE001 | S1: YBS-LAL001 | T1: YBS-LAN001 | U1: YBS-LAC001 | V1: YBS-LAD001 | W1: YBS-LAH001 | X1: YBS-LAY001 | Y1: YBS-LAY002 | Z1: YBS-LAZ001 | AA1: 生産計画 No | AB1: 客先名 | AC1: 駅名 ﾒﾝﾃﾕﾆｯﾄ型式（個/ﾛｯﾄ） | AD1: コーナー メンテ：情報提供者 （情報入手日） | AE1: BH型式 | AF1: 出荷日 | AG1: T-No | AH1: ﾒﾝﾃﾕﾆｯﾄ 型式
G2: 46010 | H2: 46044 | J2: MB-08183 | L2: 46038 | M2: 46044 | N2: M | T2: ・ | AA2: 000382666 | AB2: OFET | AC2: LAN001(1/3) | AD2: （10/9平嶌様情報） | AE2: =F2 -> 0 | AF2: =H2 -> 46044 | AG2: =A2 -> 0 | AH2: LAN001
G3: 46010 | H3: 46044 | J3: MB-08183 | L3: 46038 | M3: 46044 | N3: M | T3: ・ | AA3: 000382666 | AB3: OFET | AC3: LAN001(2/3) | AD3: （10/9平嶌様情報） | AE3: =F3 -> 0 | AF3: =H3 -> 46044 | AG3: =A3 -> 0 | AH3: LAN001
G4: 46010 | H4: 46044 | J4: MB-08183 | L4: 46038 | M4: 46044 | N4: M | T4: ・ | AA4: 000382666 | AB4: OFET | AC4: LAN001(3/3) | AD4: （10/9平嶌様情報） | AE4: =F4 -> 0 | AF4: =H4 -> 46044 | AG4: =A4 -> 0 | AH4: LAN001
A5: 1485 | C5: 619 | E5: 566 | F5: YB-LA002 | G5: 46036 | H5: 46048 | J5: ・ | K5: 46043 | L5: 46038 | M5: 46048 | O5: ・ | P5: ・ | Q5: ・ | R5: ・ | S5: ・ | T5: ・ | U5: ・ | V5: ・ | Y5: ・ | Z5: ・ | AA5: 000393995 | AB5: JRS | AD5: YB-LA002 | AE5: 10 | AF5: =H5 -> 46048 | AG5: =A5 -> 1485
A6: 1486 | C6: 620 | E6: 567 | F6: YB-LA002 | G6: 46036 | H6: 46048 | J6: ・ | K6: 46043 | L6: 46038 | M6: 46048 | O6: ・ | P6: ・ | Q6: ・ | R6: ・ | S6: ・ | T6: ・ | U6: ・ | V6: ・ | Y6: ・ | Z6: ・ | AA6: 000394011 | AB6: JRS | AD6: YB-LA002 | AE6: 10 | AF6: =H6 -> 46048 | AG6: =A6 -> 1486
A7: 1487 | C7: 621 | E7: 568 | F7: YB-LA002 | G7: 46037 | H7: 46049 | J7: ・ | K7: 46044 | L7: 46039 | M7: 46049 | O7: ・ | P7: ・ | Q7: ・ | R7: ・ | S7: ・ | T7: ・ | U7: ・ | V7: ・ | Y7: ・ | Z7: ・ | AA7: 000393991 | AB7: JRS | AD7: YB-LA002 | AE7: 10 | AF7: =H7 -> 46049 | AG7: =A7 -> 1487
A8: 1488 | C8: 622 | E8: 569 | F8: YB-LA002 | G8: 46037 | H8: 46049 | J8: ・ | K8: 46044 | L8: 46039 | M8: 46049 | O8: ・ | P8: ・ | Q8: ・ | R8: ・ | S8: ・ | T8: ・ | U8: ・ | V8: ・ | Y8: ・ | Z8: ・ | AA8: 000393993 | AB8: JRS | AD8: YB-LA002 | AE8: 10 | AF8: =H8 -> 46049 | AG8: =A8 -> 1488
A9: 1489 | C9: 623 | E9: 570 | F9: YB-LA002 | G9: 46037 | H9: 46049 | J9: ・ | K9: 46045 | L9: 46041 | M9: 46049 | O9: ・ | P9: ・ | Q9: ・ | R9: ・ | S9: ・ | T9: ・ | U9: ・ | V9: ・ | Y9: ・ | Z9: ・ | AA9: 000394005 | AB9: JRS | AD9: YB-LA002 | AE9: 10 | AF9: =H9 -> 46049 | AG9: =A9 -> 1489
A10: 1490 | C10: 624 | E10: 571 | F10: YB-LA002 | G10: 46038 | H10: 46050 | J10: ・ | K10: 46045 | L10: 46041 | M10: 46050 | O10: ・ | P10: ・ | Q10: ・ | R10: ・ | S10: ・ | T10: ・ | U10: ・ | V10: ・ | Y10: ・ | Z10: ・ | AA10: 000394001 | AB10: JRS | AD10: YB-LA002 | AE10: 10 | AF10: =H10 -> 46050 | AG10: =A10 -> 1490
A11: 1491 | C11: 625 | E11: 572 | F11: YB-LA002 | G11: 46038 | H11: 46050 | J11: ・ | K11: 46048 | L11: 46042 | M11: 46050 | O11: ・ | P11: ・ | Q11: ・ | R11: ・ | S11: ・ | T11: ・ | U11: ・ | V11: ・ | Y11: ・ | Z11: ・ | AA11: 000394006 | AB11: JRS | AD11: YB-LA002 | AE11: 10 | AF11: =H11 -> 46050 | AG11: =A11 -> 1491
A12: 1492 | C12: 626 | E12: 573 | F12: YB-LA002 | G12: 46038 | H12: 46050 | J12: ・ | K12: 46048 | L12: 46042 | M12: 46050 | O12: ・ | P12: ・ | Q12: ・ | R12: ・ | S12: ・ | T12: ・ | U12: ・ | V12: ・ | Y12: ・ | Z12: ・ | AA12: 000394008 | AB12: JRS | AD12: YB-LA002 | AE12: 10 | AF12: =H12 -> 46050 | AG12: =A12 -> 1492
A13: 1493 | B13: 870 | D13: 923 | F13: YB-LA001 | G13: 46042 | H13: 46050 | K13: 46048 | L13: 46042 | M13: 46050 | O13: ・ | P13: ・ | Q13: ・ | R13: ・ | S13: ・ | T13: ・ | U13: ・ | V13: ・ | W13: ・ | X13: ・ | Z13: ・ | AA13: 000389423-01 | AB13: 先行生産 | AD13: YB-LA001 | AE13: 11 | AF13: =H13 -> 46050 | AG13: =A13 -> 1493
A14: 1494 | C14: 627 | E14: 574 | F14: YB-LA002 | G14: 46041 | H14: 46051 | J14: ・ | K14: 46049 | L14: 46043 | M14: 46051 | O14: ・ | P14: ・ | Q14: ・ | R14: ・ | S14: ・ | T14: ・ | U14: ・ | V14: ・ | Y14: ・ | Z14: ・ | AA14: 000394003 | AB14: JRS | AD14: YB-LA002 | AE14: 10 | AF14: =H14 -> 46051 | AG14: =A14 -> 1494
A15: 1495 | C15: 628 | E15: 575 | F15: YB-LA002 | G15: 46041 | H15: 46051 | J15: ・ | K15: 46049 | L15: 46043 | M15: 46051 | O15: ・ | P15: ・ | Q15: ・ | R15: ・ | S15: ・ | T15: ・ | U15: ・ | V15: ・ | Y15: ・ | Z15: ・ | AA15: 000394004 | AB15: JRS | AD15: YB-LA002 | AE15: 10 | AF15: =H15 -> 46051 | AG15: =A15 -> 1495
A16: 1496 | C16: 629 | E16: 576 | F16: YB-LA002 | G16: 46041 | H16: 46051 | J16: ・ | K16: 46049 | L16: 46043 | M16: 46051 | O16: ・ | P16: ・ | Q16: ・ | R16: ・ | S16: ・ | T16: ・ | U16: ・ | V16: ・ | Y16: ・ | Z16: ・ | AA16: 000394009 | AB16: JRS | AD16: YB-LA002 | AE16: 10 | AF16: =H16 -> 46051 | AG16: =A16 -> 1496
A17: 1497 | B17: 871 | D17: 924 | F17: YB-LA001 | G17: 46041 | H17: 46051 | J17: ・ | K17: 46050 | L17: 46044 | M17: 46051 | O17: ・ | P17: ・ | Q17: ・ | R17: ・ | S17: ・ | T17: ・ | U17: ・ | V17: ・ | W17: ・ | X17: ・ | Z17: ・ | AA17: 000385099 | AB17: 近鉄 | AC17: 東花園 | AE17: 11 | AF17: =H17 -> 46051 | AG17: =A17 -> 1497
A18: 1498 | B18: 872 | D18: 925 | F18: YB-LA001 | G18: 46042 | H18: 46051 | K18: 46050 | L18: 46044 | M18: 46051 | O18: ・ | P18: ・ | Q18: ・ | R18: ・ | S18: ・ | T18: ・ | U18: ・ | V18: ・ | W18: ・ | X18: ・ | Z18: ・ | AA18: 000389423-02 | AB18: 先行生産 | AD18: YB-LA001 | AE18: 11 | AF18: =H18 -> 46051 | AG18: =A18 -> 1498
A19: 1499 | C19: 630 | E19: 577 | F19: YB-LA002 | G19: 46042 | H19: 46052 | J19: ・ | K19: 46050 | L19: 46044 | M19: 46052 | O19: ・ | P19: ・ | Q19: ・ | R19: ・ | S19: ・ | T19: ・ | U19: ・ | V19: ・ | Y19: ・ | Z19: ・ | AA19: 000393997 | AB19: JRS | AD19: YB-LA002 | AE19: 10 | AF19: =H19 -> 46052 | AG19: =A19 -> 1499
A20: 1500 | C20: 631 | E20: 578 | F20: YB-LA002 | G20: 46042 | H20: 46052 | J20: ・ | K20: 46051 | L20: 46045 | M20: 46052 | O20: ・ | P20: ・ | Q20: ・ | R20: ・ | S20: ・ | T20: ・ | U20: ・ | V20: ・ | Y20: ・ | Z20: ・ | AA20: 000394010 | AB20: JRS | AD20: YB-LA002 | AE20: 10 | AF20: =H20 -> 46052 | AG20: =A20 -> 1500
A21: 1501 | C21: 632 | E21: 579 | F21: YB-LA002 | G21: 46042 | H21: 46052 | J21: ・ | K21: 46051 | L21: 46045 | M21: 46052 | O21: ・ | P21: ・ | Q21: ・ | R21: ・ | S21: ・ | T21: ・ | U21: ・ | V21: ・ | Y21: ・ | Z21: ・ | AA21: 000394012 | AB21: JRS | AD21: YB-LA002 | AE21: 10 | AF21: =H21 -> 46052 | AG21: =A21 -> 1501
A22: 1502 | B22: 873 | D22: 926 | F22: YB-LA001 | G22: 46042 | H22: 46052 | K22: 46051 | L22: 46045 | M22: 46052 | O22: ・ | P22: ・ | Q22: ・ | R22: ・ | S22: ・ | T22: ・ | U22: ・ | V22: ・ | W22: ・ | X22: ・ | Z22: ・ | AA22: 000389423-03 | AB22: 先行生産 | AD22: YB-LA001 | AE22: 11 | AF22: =H22 -> 46052 | AG22: =A22 -> 1502
A23: 1503 | C23: 633 | E23: 580 | F23: YB-LA002 | G23: 46043 | H23: 46055 | J23: ・ | K23: 46052 | L23: 46048 | M23: 46055 | O23: ・ | P23: ・ | Q23: ・ | R23: ・ | S23: ・ | T23: ・ | U23: ・ | V23: ・ | Y23: ・ | Z23: ・ | AA23: 000393996 | AB23: JRS | AD23: YB-LA002 | AE23: 10 | AF23: =H23 -> 46055 | AG23: =A23 -> 1503
A24: 1504 | B24: 874 | D24: 927 | F24: YB-LA001 | G24: 46042 | H24: 46055 | K24: 46052 | L24: 46048 | M24: 46055 | O24: ・ | P24: ・ | Q24: ・ | R24: ・ | S24: ・ | T24: ・ | U24: ・ | V24: ・ | W24: ・ | X24: ・ | Z24: ・ | AA24: 000389423-04 | AB24: 先行生産 | AD24: YB-LA001 | AE24: 11 | AF24: =H24 -> 46055 | AG24: =A24 -> 1504
A25: 1505 | B25: 875 | D25: 928 | F25: YB-LA001 | G25: 46042 | H25: 46055 | K25: 46052 | L25: 46048 | M25: 46055 | O25: ・ | P25: ・ | Q25: ・ | R25: ・ | S25: ・ | T25: ・ | U25: ・ | V25: ・ | W25: ・ | X25: ・ | Z25: ・ | AA25: 000389423-05 | AB25: 先行生産 | AD25: YB-LA001 | AE25: 11 | AF25: =H25 -> 46055 | AG25: =A25 -> 1505
A26: 1506 | B26: 876 | D26: 929 | F26: YB-LA001 | G26: 46044 | H26: 46056 | J26: ・ | K26: 46055 | L26: 46049 | M26: 46056 | O26: ・ | P26: ・ | Q26: ・ | R26: ・ | S26: ・ | T26: ・ | U26: ・ | V26: ・ | W26: ・ | X26: ・ | Z26: ・ | AA26: 000385430 | AB26: HRT | AD26: YB-LAX006 | AE26: 11 | AF26: =H26 -> 46056 | AG26: =A26 -> 1506
A27: 1507 | C27: 634 | E27: 581 | F27: YB-LA002 | G27: 46044 | H27: 46056 | J27: ・ | K27: 46055 | L27: 46049 | M27: 46056 | O27: ・ | P27: ・ | Q27: ・ | R27: ・ | S27: ・ | T27: ・ | U27: ・ | V27: ・ | Y27: ・ | Z27: ・ | AA27: 000396282 | AB27: JRS | AD27: YB-LA002 | AE27: 10 | AF27: =H27 -> 46056 | AG27: =A27 -> 1507
A28: 1508 | B28: 877 | D28: 930 | F28: YB-LA001 | G28: 46042 | H28: 46056 | K28: 46055 | L28: 46049 | M28: 46056 | O28: ・ | P28: ・ | Q28: ・ | R28: ・ | S28: ・ | T28: ・ | U28: ・ | V28: ・ | W28: ・ | X28: ・ | Z28: ・ | AA28: 000389423-06 | AB28: 先行生産 | AD28: YB-LA001 | AE28: 11 | AF28: =H28 -> 46056 | AG28: =A28 -> 1508
A29: 1509 | C29: 635 | E29: 582 | F29: YB-LA002 | G29: 46045 | H29: 46057 | J29: ・ | K29: 46056 | L29: 46050 | M29: 46057 | O29: ・ | P29: ・ | Q29: ・ | R29: ・ | S29: ・ | T29: ・ | U29: ・ | V29: ・ | Y29: ・ | Z29: ・ | AA29: 000391789 | AB29: JRS | AD29: YB-LA002 | AE29: 10 | AF29: =H29 -> 46057 | AG29: =A29 -> 1509
A30: 1510 | C30: 636 | E30: 583 | F30: YB-LA002 | G30: 46045 | H30: 46057 | J30: ・ | K30: 46056 | L30: 46050 | M30: 46057 | O30: ・ | P30: ・ | Q30: ・ | R30: ・ | S30: ・ | T30: ・ | U30: ・ | V30: ・ | Y30: ・ | Z30: ・ | AA30: 000396287 | AB30: JRS | AD30: YB-LA002 | AE30: 10 | AF30: =H30 -> 46057 | AG30: =A30 -> 1510
A31: 1511 | C31: 637 | E31: 584 | F31: YB-LA002 | G31: 46048 | H31: 46058 | J31: ・ | K31: 46057 | L31: 46051 | M31: 46058 | O31: ・ | P31: ・ | Q31: ・ | R31: ・ | S31: ・ | T31: ・ | U31: ・ | V31: ・ | Y31: ・ | Z31: ・ | AA31: 000396284 | AB31: JRS | AD31: YB-LA002 | AE31: 10 | AF31: =H31 -> 46058 | AG31: =A31 -> 1511
A32: 1512 | C32: 638 | E32: 585 | F32: YB-LA002 | G32: 46048 | H32: 46058 | J32: ・ | K32: 46057 | L32: 46051 | M32: 46058 | O32: ・ | P32: ・ | Q32: ・ | R32: ・ | S32: ・ | T32: ・ | U32: ・ | V32: ・ | Y32: ・ | Z32: ・ | AA32: 000396288 | AB32: JRS | AD32: YB-LA002 | AE32: 10 | AF32: =H32 -> 46058 | AG32: =A32 -> 1512
A33: 1513 | C33: 639 | E33: 586 | F33: YB-LA002 | G33: 46049 | H33: 46059 | J33: ・ | K33: 46058 | L33: 46052 | M33: 46059 | O33: ・ | P33: ・ | Q33: ・ | R33: ・ | S33: ・ | T33: ・ | U33: ・ | V33: ・ | Y33: ・ | Z33: ・ | AA33: 000396285 | AB33: JRS | AD33: YB-LA002 | AE33: 10 | AF33: =H33 -> 46059 | AG33: =A33 -> 1513
A34: 1514 | C34: 640 | E34: 587 | F34: YB-LA002 | G34: 46049 | H34: 46059 | J34: ・ | K34: 46058 | L34: 46052 | M34: 46059 | O34: ・ | P34: ・ | Q34: ・ | R34: ・ | S34: ・ | T34: ・ | U34: ・ | V34: ・ | Y34: ・ | Z34: ・ | AA34: 000396293 | AB34: JRS | AD34: YB-LA002 | AE34: 10 | AF34: =H34 -> 46059 | AG34: =A34 -> 1514
A35: 1515 | C35: 641 | E35: 588 | F35: YB-LA002 | G35: 46050 | H35: 46062 | J35: ・ | K35: 46059 | L35: 46055 | M35: 46062 | O35: ・ | P35: ・ | Q35: ・ | R35: ・ | S35: ・ | T35: ・ | U35: ・ | V35: ・ | Y35: ・ | Z35: ・ | AA35: 000396286 | AB35: JRS | AD35: YB-LA002 | AE35: 10 | AF35: =H35 -> 46062 | AG35: =A35 -> 1515
A36: 1516 | C36: 642 | E36: 589 | F36: YB-LA002 | G36: 46050 | H36: 46062 | J36: ・ | K36: 46059 | L36: 46055 | M36: 46062 | O36: ・ | P36: ・ | Q36: ・ | R36: ・ | S36: ・ | T36: ・ | U36: ・ | V36: ・ | Y36: ・ | Z36: ・ | AA36: 000396291 | AB36: JRS | AD36: YB-LA002 | AE36: 10 | AF36: =H36 -> 46062 | AG36: =A36 -> 1516
A37: 1517 | C37: 643 | E37: 590 | F37: YB-LA002 | G37: 46051 | H37: 46063 | J37: ・ | K37: 46062 | L37: 46056 | M37: 46063 | O37: ・ | P37: ・ | Q37: ・ | R37: ・ | S37: ・ | T37: ・ | U37: ・ | V37: ・ | Y37: ・ | Z37: ・ | AA37: 000396289 | AB37: JRS | AD37: YB-LA002 | AE37: 10 | AF37: =H37 -> 46063 | AG37: =A37 -> 1517
A38: 1518 | C38: 644 | E38: 591 | F38: YB-LA002 | G38: 46051 | H38: 46063 | J38: ・ | K38: 46062 | L38: 46056 | M38: 46063 | O38: ・ | P38: ・ | Q38: ・ | R38: ・ | S38: ・ | T38: ・ | U38: ・ | V38: ・ | Y38: ・ | Z38: ・ | AA38: 000396292 | AB38: JRS | AD38: YB-LA002 | AE38: 10 | AF38: =H38 -> 46063 | AG38: =A38 -> 1518
A39: 1519 | C39: 645 | E39: 592 | F39: YB-LA002 | G39: 46052 | H39: 46065 | J39: ・ | K39: 46063 | L39: 46057 | M39: 46065 | O39: ・ | P39: ・ | Q39: ・ | R39: ・ | S39: ・ | T39: ・ | U39: ・ | V39: ・ | Y39: ・ | Z39: ・ | AA39: 000396281 | AB39: JRS | AD39: YB-LA002 | AE39: 10 | AF39: =H39 -> 46065 | AG39: =A39 -> 1519
A40: 1520 | C40: 646 | E40: 593 | F40: YB-LA002 | G40: 46052 | H40: 46065 | J40: ・ | K40: 46063 | L40: 46057 | M40: 46065 | O40: ・ | P40: ・ | Q40: ・ | R40: ・ | S40: ・ | T40: ・ | U40: ・ | V40: ・ | Y40: ・ | Z40: ・ | AA40: 000396283 | AB40: JRS | AD40: YB-LA002 | AE40: 10 | AF40: =H40 -> 46065 | AG40: =A40 -> 1520
... A43: 1523 | C43: 649 | E43: 596 | F43: YB-LA002 | G43: 46057 | H43: 46070 | J43: ・ | K43: 46069 | L43: 46062 | M43: 46070 | O43: ・ | P43: ・ | Q43: ・ | R43: ・ | S43: ・ | T43: ・ | U43: ・ | V43: ・ | Y43: ・ | Z43: ・ | AA43: 000390849 | AB43: JRS | AD43: YB-LA002 | AE43: 10 | AF43: =H43 -> 46070 | AG43: =A43 -> 1523
G44: 46045 | H44: 46072 | J44: ・ | L44: 46066 | M44: 46072 | N44: M | U44: ・ | AA44: 000390667 | AB44: 沖電気工業株式会社 | AC44: LAC001(1/8) | AD44: （9/1平嶌様情報） | AE44: =F44 -> 0 | AF44: =H44 -> 46072 | AG44: =A44 -> 0 | AH44: LAC001
G45: 46045 | H45: 46072 | J45: ・ | L45: 46066 | M45: 46072 | N45: M | U45: ・ | AA45: 000390667 | AB45: 沖電気工業株式会社 | AC45: LAC001(2/8) | AD45: （9/1平嶌様情報） | AE45: =F45 -> 0 | AF45: =H45 -> 46072 | AG45: =A45 -> 0 | AH45: LAC001
G46: 46045 | H46: 46072 | J46: ・ | L46: 46066 | M46: 46072 | N46: M | U46: ・ | AA46: 000390667 | AB46: 沖電気工業株式会社 | AC46: LAC001(3/8) | AD46: （9/1平嶌様情報） | AE46: =F46 -> 0 | AF46: =H46 -> 46072 | AG46: =A46 -> 0 | AH46: LAC001
G47: 46045 | H47: 46072 | J47: ・ | L47: 46066 | M47: 46072 | N47: M | U47: ・ | AA47: 000390667 | AB47: 沖電気工業株式会社 | AC47: LAC001(4/8) | AD47: （9/1平嶌様情報） | AE47: =F47 -> 0 | AF47: =H47 -> 46072 | AG47: =A47 -> 0 | AH47: LAC001
G48: 46048 | H48: 46073 | J48: ・ | L48: 46069 | M48: 46073 | N48: M | P48: ・ | AA48: 000390797 | AB48: 沖電気工業株式会社 | AC48: LAF001(1/5) | AD48: （9/1平嶌様情報） | AE48: =F48 -> 0 | AF48: =H48 -> 46073 | AG48: =A48 -> 0 | AH48: LAF001
G49: 46048 | H49: 46073 | J49: ・ | L49: 46069 | M49: 46073 | N49: M | P49: ・ | AA49: 000390797 | AB49: 沖電気工業株式会社 | AC49: LAF001(2/5) | AD49: （9/1平嶌様情報） | AE49: =F49 -> 0 | AF49: =H49 -> 46073 | AG49: =A49 -> 0 | AH49: LAF001
G50: 46048 | H50: 46073 | J50: ・ | L50: 46069 | M50: 46073 | N50: M | P50: ・ | AA50: 000390797 | AB50: 沖電気工業株式会社 | AC50: LAF001(3/5) | AD50: （9/1平嶌様情報） | AE50: =F50 -> 0 | AF50: =H50 -> 46073 | AG50: =A50 -> 0 | AH50: LAF001
G51: 46048 | H51: 46073 | J51: ・ | L51: 46069 | M51: 46073 | N51: M | P51: ・ | AA51: 000390797 | AB51: 沖電気工業株式会社 | AC51: LAF001(4/5) | AD51: （9/1平嶌様情報） | AE51: =F51 -> 0 | AF51: =H51 -> 46073 | AG51: =A51 -> 0 | AH51: LAF001
G52: 46048 | H52: 46073 | J52: ・ | L52: 46069 | M52: 46073 | N52: M | P52: ・ | AA52: 000390797 | AB52: 沖電気工業株式会社 | AC52: LAF001(5/5) | AD52: （9/1平嶌様情報） | AE52: =F52 -> 0 | AF52: =H52 -> 46073 | AG52: =A52 -> 0 | AH52: LAF001
G53: 46048 | H53: 46073 | J53: ・ | L53: 46069 | M53: 46073 | N53: M | T53: ・ | AA53: 000390798 | AB53: 沖電気工業株式会社 | AC53: LAN001(1/5) | AD53: （9/1平嶌様情報） | AE53: =F53 -> 0 | AF53: =H53 -> 46073 | AG53: =A53 -> 0 | AH53: LAN001
G54: 46048 | H54: 46073 | J54: ・ | L54: 46069 | M54: 46073 | N54: M | T54: ・ | AA54: 000390798 | AB54: 沖電気工業株式会社 | AC54: LAN001(2/5) | AD54: （9/1平嶌様情報） | AE54: =F54 -> 0 | AF54: =H54 -> 46073 | AG54: =A54 -> 0 | AH54: LAN001
G55: 46048 | H55: 46073 | J55: ・ | L55: 46069 | M55: 46073 | N55: M | T55: ・ | AA55: 000390798 | AB55: 沖電気工業株式会社 | AC55: LAN001(3/5) | AD55: （9/1平嶌様情報） | AE55: =F55 -> 0 | AF55: =H55 -> 46073 | AG55: =A55 -> 0 | AH55: LAN001
G56: 46048 | H56: 46073 | J56: ・ | L56: 46069 | M56: 46073 | N56: M | T56: ・ | AA56: 000390798 | AB56: 沖電気工業株式会社 | AC56: LAN001(4/5) | AD56: （9/1平嶌様情報） | AE56: =F56 -> 0 | AF56: =H56 -> 46073 | AG56: =A56 -> 0 | AH56: LAN001
G57: 46048 | H57: 46073 | J57: ・ | L57: 46069 | M57: 46073 | N57: M | T57: ・ | AA57: 000390798 | AB57: 沖電気工業株式会社 | AC57: LAN001(5/5) | AD57: （9/1平嶌様情報） | AE57: =F57 -> 0 | AF57: =H57 -> 46073 | AG57: =A57 -> 0 | AH57: LAN001
G58: 46048 | H58: 46073 | J58: ・ | L58: 46069 | M58: 46073 | N58: M | U58: ・ | AA58: 000391501 | AB58: 沖電気工業株式会社 | AC58: LAC001(5/8) | AD58: （9/1平嶌様情報） | AE58: =F58 -> 0 | AF58: =H58 -> 46073 | AG58: =A58 -> 0 | AH58: LAC001
G59: 46048 | H59: 46073 | J59: ・ | L59: 46069 | M59: 46073 | N59: M | U59: ・ | AA59: 000391501 | AB59: 沖電気工業株式会社 | AC59: LAC001(6/8) | AD59: （9/1平嶌様情報） | AE59: =F59 -> 0 | AF59: =H59 -> 46073 | AG59: =A59 -> 0 | AH59: LAC001
G60: 46048 | H60: 46073 | J60: ・ | L60: 46069 | M60: 46073 | N60: M | U60: ・ | AA60: 000391501 | AB60: 沖電気工業株式会社 | AC60: LAC001(7/8) | AD60: （9/1平嶌様情報） | AE60: =F60 -> 0 | AF60: =H60 -> 46073 | AG60: =A60 -> 0 | AH60: LAC001
G61: 46048 | H61: 46073 | J61: ・ | L61: 46069 | M61: 46073 | N61: M | U61: ・ | AA61: 000391501 | AB61: 沖電気工業株式会社 | AC61: LAC001(8/8) | AD61: （9/1平嶌様情報） | AE61: =F61 -> 0 | AF61: =H61 -> 46073 | AG61: =A61 -> 0 | AH61: LAC001
G62: 46048 | H62: 46073 | J62: ・ | L62: 46069 | M62: 46073 | N62: M | V62: ・ | AA62: 000390666 | AB62: 沖電気工業株式会社 | AC62: LAD001(1/5) | AD62: （9/1平嶌様情報） | AE62: =F62 -> 0 | AF62: =H62 -> 46073 | AG62: =A62 -> 0 | AH62: LAD001
G63: 46048 | H63: 46073 | J63: ・ | L63: 46069 | M63: 46073 | N63: M | V63: ・ | AA63: 000390666 | AB63: 沖電気工業株式会社 | AC63: LAD001(2/5) | AD63: （9/1平嶌様情報） | AE63: =F63 -> 0 | AF63: =H63 -> 46073 | AG63: =A63 -> 0 | AH63: LAD001
G64: 46048 | H64: 46073 | J64: ・ | L64: 46069 | M64: 46073 | N64: M | V64: ・ | AA64: 000390666 | AB64: 沖電気工業株式会社 | AC64: LAD001(3/5) | AD64: （9/1平嶌様情報） | AE64: =F64 -> 0 | AF64: =H64 -> 46073 | AG64: =A64 -> 0 | AH64: LAD001
G65: 46048 | H65: 46073 | J65: ・ | L65: 46069 | M65: 46073 | N65: M | V65: ・ | AA65: 000390666 | AB65: 沖電気工業株式会社 | AC65: LAD001(4/5) | AD65: （9/1平嶌様情報） | AE65: =F65 -> 0 | AF65: =H65 -> 46073 | AG65: =A65 -> 0 | AH65: LAD001
G66: 46048 | H66: 46073 | J66: ・ | L66: 46069 | M66: 46073 | N66: M | V66: ・ | AA66: 000390666 | AB66: 沖電気工業株式会社 | AC66: LAD001(5/5) | AD66: （9/1平嶌様情報） | AE66: =F66 -> 0 | AF66: =H66 -> 46073 | AG66: =A66 -> 0 | AH66: LAD001
A67: 1524 | B67: 878 | D67: 931 | F67: YB-LA001 | H67: 46078 | K67: 46073 | L67: 46069 | M67: 46078 | O67: ・ | P67: ・ | Q67: ・ | R67: ・ | S67: ・ | T67: ・ | U67: ・ | V67: ・ | W67: ・ | X67: ・ | Z67: ・ | AA67: 000389428-01 | AB67: 先行生産 | AD67: YB-LA001 | AE67: 11 | AF67: =H67 -> 46078 | AG67: =A67 -> 1524
A68: 1525 | B68: 879 | D68: 932 | F68: YB-LA001 | H68: 46078 | K68: 46077 | L68: 46070 | M68: 46078 | O68: ・ | P68: ・ | Q68: ・ | R68: ・ | S68: ・ | T68: ・ | U68: ・ | V68: ・ | W68: ・ | X68: ・ | Z68: ・ | AA68: 000389428-02 | AB68: 先行生産 | AD68: YB-LA001 | AE68: 11 | AF68: =H68 -> 46078 | AG68: =A68 -> 1525
G69: 46050 | H69: 46078 | J69: ・ | L69: 46071 | M69: 46078 | N69: M | T69: ・ | AA69: 000395985 | AB69: OFET | AC69: LAN001(1/1) | AD69: （11/5林ひ様情報） | AE69: =F69 -> 0 | AF69: =H69 -> 46078 | AG69: =A69 -> 0 | AH69: LAN001
A70: 1526 | B70: 880 | D70: 933 | F70: YB-LA001 | H70: 46079 | K70: 46078 | L70: 46071 | M70: 46079 | O70: ・ | P70: ・ | Q70: ・ | R70: ・ | S70: ・ | T70: ・ | U70: ・ | V70: ・ | W70: ・ | X70: ・ | Z70: ・ | AA70: 000389428-03 | AB70: 先行生産 | AD70: YB-LA001 | AE70: 11 | AF70: =H70 -> 46079 | AG70: =A70 -> 1526
A71: 1527 | B71: 881 | D71: 934 | F71: YB-LA001 | H71: 46080 | K71: 46079 | L71: 46072 | M71: 46080 | O71: ・ | P71: ・ | Q71: ・ | R71: ・ | S71: ・ | T71: ・ | U71: ・ | V71: ・ | W71: ・ | X71: ・ | Z71: ・ | AA71: 000389428-04 | AB71: 先行生産 | AD71: YB-LA001 | AE71: 11 | AF71: =H71 -> 46080 | AG71: =A71 -> 1527
A72: 1528 | B72: 882 | D72: 935 | F72: YB-LA001 | H72: 46083 | K72: 46080 | L72: 46073 | M72: 46083 | O72: ・ | P72: ・ | Q72: ・ | R72: ・ | S72: ・ | T72: ・ | U72: ・ | V72: ・ | W72: ・ | X72: ・ | Z72: ・ | AA72: 000389428-05 | AB72: 先行生産 | AD72: YB-LA001 | AE72: 11 | AF72: =H72 -> 46083 | AG72: =A72 -> 1528
A73: 1529 | B73: 883 | D73: 936 | F73: YB-LA001 | H73: 46084 | K73: 46083 | L73: 46077 | M73: 46084 | O73: ・ | P73: ・ | Q73: ・ | R73: ・ | S73: ・ | T73: ・ | U73: ・ | V73: ・ | W73: ・ | X73: ・ | Z73: ・ | AA73: 000389428-06 | AB73: 先行生産 | AD73: YB-LA001 | AE73: 11 | AF73: =H73 -> 46084 | AG73: =A73 -> 1529
A74: 1530 | B74: 884 | D74: 937 | F74: YB-LA001 | H74: 46104 | K74: 46092 | L74: 46086 | M74: 46104 | O74: ・ | P74: ・ | Q74: ・ | R74: ・ | S74: ・ | T74: ・ | U74: ・ | V74: ・ | W74: ・ | X74: ・ | Z74: ・ | AA74: 000389430-01 | AB74: 先行生産 | AD74: YB-LA001 | AE74: 11 | AF74: =H74 -> 46104 | AG74: =A74 -> 1530
A75: 1531 | B75: 885 | D75: 938 | F75: YB-LA001 | H75: 46104 | K75: 46093 | L75: 46087 | M75: 46104 | O75: ・ | P75: ・ | Q75: ・ | R75: ・ | S75: ・ | T75: ・ | U75: ・ | V75: ・ | W75: ・ | X75: ・ | Z75: ・ | AA75: 000389430-02 | AB75: 先行生産 | AD75: YB-LA001 | AE75: 11 | AF75: =H75 -> 46104 | AG75: =A75 -> 1531
A76: 1532 | B76: 886 | D76: 939 | F76: YB-LA001 | H76: 46104 | K76: 46094 | L76: 46090 | M76: 46104 | O76: ・ | P76: ・ | Q76: ・ | R76: ・ | S76: ・ | T76: ・ | U76: ・ | V76: ・ | W76: ・ | X76: ・ | Z76: ・ | AA76: 000389430-03 | AB76: 先行生産 | AD76: YB-LA001 | AE76: 11 | AF76: =H76 -> 46104 | AG76: =A76 -> 1532
A77: 1533 | B77: 887 | D77: 940 | F77: YB-LA001 | H77: 46105 | K77: 46097 | L77: 46091 | M77: 46105 | O77: ・ | P77: ・ | Q77: ・ | R77: ・ | S77: ・ | T77: ・ | U77: ・ | V77: ・ | W77: ・ | X77: ・ | Z77: ・ | AA77: 000389430-04 | AB77: 先行生産 | AD77: YB-LA001 | AE77: 11 | AF77: =H77 -> 46105 | AG77: =A77 -> 1533
A78: 1534 | B78: 888 | D78: 941 | F78: YB-LA001 | H78: 46105 | K78: 46098 | L78: 46092 | M78: 46105 | O78: ・ | P78: ・ | Q78: ・ | R78: ・ | S78: ・ | T78: ・ | U78: ・ | V78: ・ | W78: ・ | X78: ・ | Z78: ・ | AA78: 000389430-05 | AB78: 先行生産 | AD78: YB-LA001 | AE78: 11 | AF78: =H78 -> 46105 | AG78: =A78 -> 1534
A79: 1535 | B79: 889 | D79: 942 | F79: YB-LA001 | H79: 46105 | K79: 46099 | L79: 46093 | M79: 46105 | O79: ・ | P79: ・ | Q79: ・ | R79: ・ | S79: ・ | T79: ・ | U79: ・ | V79: ・ | W79: ・ | X79: ・ | Z79: ・ | AA79: 000389430-06 | AB79: 先行生産 | AD79: YB-LA001 | AE79: 11 | AF79: =H79 -> 46105 | AG79: =A79 -> 1535
A80: 1536 | B80: 890 | D80: 943 | F80: YB-LA001 | H80: 46106 | K80: 46100 | L80: 46094 | M80: 46106 | O80: ・ | P80: ・ | Q80: ・ | R80: ・ | S80: ・ | T80: ・ | U80: ・ | V80: ・ | W80: ・ | X80: ・ | Z80: ・ | AA80: 000389430-07 | AB80: 先行生産 | AD80: YB-LA001 | AE80: 11 | AF80: =H80 -> 46106 | AG80: =A80 -> 1536
A81: 1537 | B81: 891 | D81: 944 | F81: YB-LA001 | H81: 46106 | K81: 46104 | L81: 46097 | M81: 46106 | O81: ・ | P81: ・ | Q81: ・ | R81: ・ | S81: ・ | T81: ・ | U81: ・ | V81: ・ | W81: ・ | X81: ・ | Z81: ・ | AA81: 000389430-08 | AB81: 先行生産 | AD81: YB-LA001 | AE81: 11 | AF81: =H81 -> 46106 | AG81: =A81 -> 1537
... A153: 1609 | B153: 963 | D153: 1016 | F153: YB-LA001 | H153: 46140 | K153: 46139 | L153: 46133 | M153: 46140 | O153: ・ | P153: ・ | Q153: ・ | R153: ・ | S153: ・ | T153: ・ | U153: ・ | V153: ・ | W153: ・ | X153: ・ | Z153: ・ | AA153: 000391140-06 | AB153: 先行生産 | AD153: YB-LA001 | AE153: 11 | AF153: =H153 -> 46140 | AG153: =A153 -> 1609
