Workbook
Name __DAT1: #REF!
Name __DAT10: #REF!
Name __DAT11: #REF!
Name __DAT12: #REF!
Name __DAT2: #REF!
Name __DAT3: #REF!
Name __DAT4: #REF!
Name __DAT5: #REF!
Name __DAT6: #REF!
Name __DAT7: #REF!
Name __DAT8: #REF!
Name __DAT9: #REF!
Name _DAT1: #REF!
Name _DAT1: #REF!
Name _DAT1: #REF!
Name _DAT1: #REF!
Name _DAT1: #REF!
Name _DAT1: #REF!
Name _DAT10: #REF!
Name _DAT10: #REF!
Name _DAT10: #REF!
Name _DAT10: #REF!
Name _DAT10: #REF!
Name _DAT10: #REF!
Name _DAT11: #REF!
Name _DAT11: #REF!
Name _DAT11: #REF!
Name _DAT11: #REF!
Name _DAT11: #REF!
Name _DAT11: #REF!
Name _DAT12: #REF!
Name _DAT12: #REF!
Name _DAT12: #REF!
Name _DAT12: #REF!
Name _DAT12: #REF!
Name _DAT12: #REF!
Name _DAT2: #REF!
Name _DAT2: #REF!
Name _DAT2: #REF!
Name _DAT2: #REF!
Name _DAT2: #REF!
Name _DAT2: #REF!
Name _DAT3: #REF!
Name _DAT3: #REF!
Name _DAT3: #REF!
Name _DAT3: #REF!
Name _DAT3: #REF!
Name _DAT3: #REF!
Name _DAT4: #REF!
Name _DAT4: #REF!
Name _DAT4: #REF!
Name _DAT4: #REF!
Name _DAT4: #REF!
Name _DAT4: #REF!
Name _DAT5: #REF!
Name _DAT5: #REF!
Name _DAT5: #REF!
Name _DAT5: #REF!
Name _DAT5: #REF!
Name _DAT5: #REF!

Sheet Ｖ７星取日程マスター
G1: ・ | H1: ・ | I1: ・ | J1: ・ | K1: ・ | L1: ・ | O1: =VLOOKUP(P1,#REF!,9,FALSE) -> #REF! | P1: =VLOOKUP(Q1,#REF!,11,FALSE) -> #REF! | S1: =VLOOKUP(R1,#REF!,8,FALSE) -> #REF! | U1: =VLOOKUP(C1,Ｖ７structure!$C$5:$V$59,3,FALSE) -> #N/A | V1: =VLOOKUP(C1,Ｖ７structure!$C$5:$V$59,4,FALSE) -> #N/A | W1: =VLOOKUP(C1,Ｖ７structure!$C$5:$V$59,5,FALSE) -> #N/A | X1: =VLOOKUP(C1,Ｖ７structure!$C$5:$V$59,6,FALSE) -> #N/A | Y1: =VLOOKUP(C1,Ｖ７structure!$C$5:$V$59,7,FALSE) -> #N/A | Z1: =VLOOKUP(C1,Ｖ７structure!$C$5:$V$59,8,FALSE) -> #N/A | AA1: =VLOOKUP(C1,Ｖ７structure!$C$5:$V$59,9,FALSE) -> #N/A | AB1: =VLOOKUP(C1,Ｖ７structure!$C$5:$V$59,10,FALSE) -> #N/A | AC1: =VLOOKUP(C1,Ｖ７structure!$C$5:$V$59,11,FALSE) -> #N/A | AD1: =VLOOKUP(C1,Ｖ７structure!$C$5:$V$59,12,FALSE) -> #N/A | AE1: =VLOOKUP(C1,Ｖ７structure!$C$5:$V$59,13,FALSE) -> #N/A | AF1: =VLOOKUP(C1,Ｖ７structure!$C$5:$V$59,14,FALSE) -> #N/A | AG1: =VLOOKUP(C1,Ｖ７structure!$C$5:$V$59,15,FALSE) -> #N/A | AH1: =VLOOKUP(C1,Ｖ７structure!$C$5:$V$59,16,FALSE) -> #N/A | AI1: =VLOOKUP(C1,Ｖ７structure!$C$5:$V$59,17,FALSE) -> #N/A | AJ1: =VLOOKUP(C1,Ｖ７structure!$C$5:$V$59,18,FALSE) -> #N/A | AK1: =VLOOKUP(C1,Ｖ７structure!$C$5:$V$59,19,FALSE) -> #N/A | AL1: =VLOOKUP(C1,Ｖ７structure!$C$5:$V$59,20,FALSE) -> #N/A | AN1: =COUNTA(W1:AK1) -> 15
O2: 着手3日前 | S2: 出荷４日前 | U2: 3 | V2: 4 | W2: 5 | X2: 6 | Y2: 7 | Z2: 8 | AA2: 9 | AB2: 10 | AC2: 11 | AD2: 12 | AE2: 13 | AF2: 14 | AG2: 15 | AH2: 16 | AI2: 17 | AJ2: 18 | AK2: 19 | AL2: 20
A3: T- No | B3: 号機 | C3: BH | D3: 順序 確定日 | E3: 光真 出荷 指示日 | F3: ＬＡＺ 実出荷 | G3: KP-No | H3: LAR101 5948 184-8 | I3: LAJ101 5911 267-2 | J3: LAE100 7961 962-5 | K3: LAG101 5911 295-8 | L3: LAL101 5911 210-9 | M3: 備考 | N3: メンテ | O3: ＫＭＰ ユニット 必要日 | P3: ﾍﾞｰｽ 光真生産 着手日 | Q3: ﾍﾞｰｽ 光真生産 完了日 | R3: 光真 出荷日 | S3: ＫＭＰ カセット 必要日 (出荷4日前） | T3: ﾒﾝﾃ 表示 | U3: LAP101 5911 213-3 | V3: LAP102 1888 889-5 | W3: LAC101 5981 329-8 | X3: LAD101 5964 105-5 | Y3: LAF101 5964 106-3 | Z3: LAF093 1889 107-1 | AA3: LAC092 5992 295-0 | AB3: LAC093 5981 353-0 | AC3: LAC094 1858 395-4 | AD3: LAD001 6911 025-2 | AE3: LAD001 5992 238-0 | AF3: LAC034 6993 321-6 | AG3: LAC071 1870 994-0 | AH3: LAD071 1870 955-9 | AI3: LAC098 1874 748-5 | AJ3: LAC099 1881 236-8 | AK3: LAC081 3734 917-2 | AL3: LAH101 5911 400-4 | AM3: メンテ詳細情報 （空欄はＢＨ搭載用） | AN3: ｶｾｯﾄ 数量 | AO3: 生産計画No | AP3: 客先名 | AQ3: 駅名 | AR3: コーナー | AS3: 機種名
A4: 9478 | B4: 10737 | C4: LA095S | D4: 43413 | E4: 43425 | G4: ・ | H4: ・ | I4: ・ | J4: ・ | K4: ・ | L4: ・ | O4: =VLOOKUP(P4,#REF!,9,FALSE) -> #REF! | P4: =VLOOKUP(Q4,#REF!,11,FALSE) -> #REF! | Q4: 43420 | R4: 43425 | S4: =VLOOKUP(R4,#REF!,8,FALSE) -> #REF! | U4: ・ | Z4: ・ | AB4: ・ | AE4: ・ | AL4: ・ | AN4: =COUNTA(W4:AK4) -> 3 | AO4: 000227595 | AP4: JR西 | AQ4: 南吹田
A5: 9479 | B5: 10738 | C5: LA095S | D5: 43416 | E5: 43426 | G5: ・ | H5: ・ | I5: ・ | J5: ・ | K5: ・ | L5: ・ | O5: =VLOOKUP(P5,#REF!,9,FALSE) -> #REF! | P5: =VLOOKUP(Q5,#REF!,11,FALSE) -> #REF! | Q5: 43420 | R5: 43426 | S5: =VLOOKUP(R5,#REF!,8,FALSE) -> #REF! | U5: ・ | Z5: ・ | AB5: ・ | AE5: ・ | AL5: ・ | AN5: =COUNTA(W5:AK5) -> 3 | AO5: 000240522 | AP5: JR西 | AQ5: JR淡路
A6: 9480 | B6: 10739 | C6: LA095S | D6: 43417 | E6: 43430 | G6: ・ | H6: ・ | I6: ・ | J6: ・ | K6: ・ | L6: ・ | O6: =VLOOKUP(P6,#REF!,9,FALSE) -> #REF! | P6: =VLOOKUP(Q6,#REF!,11,FALSE) -> #REF! | Q6: 43420 | R6: 43430 | S6: =VLOOKUP(R6,#REF!,8,FALSE) -> #REF! | U6: ・ | Z6: ・ | AB6: ・ | AE6: ・ | AL6: ・ | AN6: =COUNTA(W6:AK6) -> 3 | AO6: 000240523 | AP6: JR西 | AQ6: 城北公園通
A7: 9481 | B7: 10740 | C7: LA095S | D7: 43418 | E7: 43431 | G7: ・ | H7: ・ | I7: ・ | J7: ・ | K7: ・ | L7: ・ | O7: =VLOOKUP(P7,#REF!,9,FALSE) -> #REF! | P7: =VLOOKUP(Q7,#REF!,11,FALSE) -> #REF! | Q7: 43420 | R7: 43431 | S7: =VLOOKUP(R7,#REF!,8,FALSE) -> #REF! | U7: ・ | Z7: ・ | AB7: ・ | AE7: ・ | AL7: ・ | AN7: =COUNTA(W7:AK7) -> 3 | AO7: 000240524 | AP7: JR西 | AQ7: JR野江
A8: 9482 | B8: 10741 | C8: LA095S | D8: 43419 | E8: 43432 | G8: ・ | H8: ・ | I8: ・ | J8: ・ | K8: ・ | L8: ・ | O8: =VLOOKUP(P8,#REF!,9,FALSE) -> #REF! | P8: =VLOOKUP(Q8,#REF!,11,FALSE) -> #REF! | Q8: 43420 | R8: 43432 | S8: =VLOOKUP(R8,#REF!,8,FALSE) -> #REF! | U8: ・ | Z8: ・ | AB8: ・ | AE8: ・ | AL8: ・ | AN8: =COUNTA(W8:AK8) -> 3 | AO8: 000240525 | AP8: JR西 | AQ8: 東部市場前
A9: 9483 | B9: 10742 | C9: LA092S | D9: 43423 | E9: 43434 | G9: ・ | H9: ・ | I9: ・ | J9: ・ | K9: ・ | L9: ・ | O9: =VLOOKUP(P9,#REF!,9,FALSE) -> #REF! | P9: =VLOOKUP(Q9,#REF!,11,FALSE) -> #REF! | Q9: 43420 | R9: 43434 | S9: =VLOOKUP(R9,#REF!,8,FALSE) -> #REF! | V9: ・ | Y9: ・ | AA9: ・ | AD9: ・ | AL9: ・ | AN9: =COUNTA(W9:AK9) -> 3 | AO9: 000241971 | AP9: OFET
A10: 9484 | B10: 10743 | C10: LA095S | D10: ? | E10: 43437 | G10: ・ | H10: ・ | I10: ・ | J10: ・ | K10: ・ | L10: ・ | O10: =VLOOKUP(P10,#REF!,9,FALSE) -> #REF! | P10: =VLOOKUP(Q10,#REF!,11,FALSE) -> #REF! | Q10: 43420 | R10: 43437 | S10: =VLOOKUP(R10,#REF!,8,FALSE) -> #REF! | U10: ・ | Z10: ・ | AB10: ・ | AE10: ・ | AL10: ・ | AN10: =COUNTA(W10:AK10) -> 3 | AO10: 000240104 | AP10: JR西 | AQ10: 18短計情報
A11: 9485 | B11: 10744 | C11: LA095S | D11: ? | E11: 43437 | G11: ・ | H11: ・ | I11: ・ | J11: ・ | K11: ・ | L11: ・ | O11: =VLOOKUP(P11,#REF!,9,FALSE) -> #REF! | P11: =VLOOKUP(Q11,#REF!,11,FALSE) -> #REF! | Q11: 43420 | R11: 43437 | S11: =VLOOKUP(R11,#REF!,8,FALSE) -> #REF! | U11: ・ | Z11: ・ | AB11: ・ | AE11: ・ | AL11: ・ | AN11: =COUNTA(W11:AK11) -> 3 | AO11: 000240104 | AP11: JR西 | AQ11: 18短計情報
G12: ・ | H12: ・ | I12: ・ | J12: ・ | K12: ・ | L12: ・ | O12: =VLOOKUP(P12,#REF!,9,FALSE) -> #REF! | P12: =VLOOKUP(Q12,#REF!,11,FALSE) -> #REF! | S12: =VLOOKUP(R12,#REF!,8,FALSE) -> #REF! | U12: =VLOOKUP(C12,Ｖ７structure!$C$5:$V$59,3,FALSE) -> #N/A | V12: =VLOOKUP(C12,Ｖ７structure!$C$5:$V$59,4,FALSE) -> #N/A | W12: =VLOOKUP(C12,Ｖ７structure!$C$5:$V$59,5,FALSE) -> #N/A | X12: =VLOOKUP(C12,Ｖ７structure!$C$5:$V$59,6,FALSE) -> #N/A | Y12: =VLOOKUP(C12,Ｖ７structure!$C$5:$V$59,7,FALSE) -> #N/A | Z12: =VLOOKUP(C12,Ｖ７structure!$C$5:$V$59,8,FALSE) -> #N/A | AA12: =VLOOKUP(C12,Ｖ７structure!$C$5:$V$59,9,FALSE) -> #N/A | AB12: =VLOOKUP(C12,Ｖ７structure!$C$5:$V$59,10,FALSE) -> #N/A | AC12: =VLOOKUP(C12,Ｖ７structure!$C$5:$V$59,11,FALSE) -> #N/A | AD12: =VLOOKUP(C12,Ｖ７structure!$C$5:$V$59,12,FALSE) -> #N/A | AE12: =VLOOKUP(C12,Ｖ７structure!$C$5:$V$59,13,FALSE) -> #N/A | AF12: =VLOOKUP(C12,Ｖ７structure!$C$5:$V$59,14,FALSE) -> #N/A | AG12: =VLOOKUP(C12,Ｖ７structure!$C$5:$V$59,15,FALSE) -> #N/A | AH12: =VLOOKUP(C12,Ｖ７structure!$C$5:$V$59,16,FALSE) -> #N/A | AI12: =VLOOKUP(C12,Ｖ７structure!$C$5:$V$59,17,FALSE) -> #N/A | AJ12: =VLOOKUP(C12,Ｖ７structure!$C$5:$V$59,18,FALSE) -> #N/A | AK12: =VLOOKUP(C12,Ｖ７structure!$C$5:$V$59,19,FALSE) -> #N/A | AL12: =VLOOKUP(C12,Ｖ７structure!$C$5:$V$59,20,FALSE) -> #N/A | AN12: =COUNTA(W12:AK12) -> 15

Sheet Ｖ７structure
A1: Ｖ７－ＢＨ ユニット相対表 | V1: 2014／6／23改訂
C2: 1 | D2: 2 | E2: 3 | F2: 4 | G2: 5 | H2: 6 | I2: 7 | J2: 8 | K2: 9 | L2: 10 | M2: 11 | N2: 12 | O2: 13 | P2: 14 | Q2: 15 | R2: 16 | S2: 17 | T2: 18 | U2: 19 | V2: 20
D3: ｷﾎﾝﾌﾞ | E3: 5000ﾎﾘｭｳ | F3: 5000ﾎﾘｭｳ | G3: ｶｾｯﾄ | H3: ｶｾｯﾄ | I3: ｶｾｯﾄ | J3: ｶｾｯﾄ | K3: ｶｾｯﾄ | L3: ｶｾｯﾄ | M3: ｶｾｯﾄ | N3: ｶｾｯﾄ | O3: ｶｾｯﾄ | P3: ｶｾｯﾄ | Q3: ｶｾｯﾄ | R3: ｶｾｯﾄ | S3: ｶｾｯﾄ | T3: ｶｾｯﾄ | U3: ｶｾｯﾄ | V3: ﾚｰﾙ
A4: No | B4: 品番 | C4: ＢＨ型式 | D4: 7959779-6 ﾍﾞ-ｽ,BH VTS-LAZ100S | E4: 5911213-3 5000ｴﾝﾎﾘﾕｳﾌﾞ VTS-LAP101 | F4: 1888889-5 5000ｴﾝﾎﾘﾕｳﾌﾞ VTS-LAP102 | G4: 5981329-8 10000ｴﾝｱﾂｼ- VTS-LAC101 | H4: 5964105-5 1000ｴﾝｱﾂｼ- VTS-LAD101 | I4: 5964106-3 2000ｴﾝｱﾂｼ- VTS-LAF101 | J4: 1889107-1 2000ｴﾝ ｱﾂｼ- VTS-LAF093 | K4: 5992295-0 10000ｴﾝｱﾂｼ- VTS-LAC092 | L4: 5981353-0 10000ｴﾝｱﾂｼ- VTS-LAC093 | M4: 1858395-4 10000ｴﾝｱﾂｼ- VTS-LAC094 | N4: 6911025-2 1000ｴﾝｱﾂｼ- VTS-LAD001 | O4: 5992238-0 1000ｴﾝｱﾂｼ- VTS-LAD001 | P4: 6993321-6 10000ｴﾝｱﾂｼ- VTS-LAC034 | Q4: 1870994-0 10000ｴﾝｱﾂｼ- VTS-LAC071 | R4: 1870955-9 1000ｴﾝｱﾂｼ- VTS-LAD071 | S4: 1874748-5 10000ｴﾝｱﾂｼ- VTS-LAC098 | T4: 1881236-8 10000ｴﾝｱﾂｼ- VTS-LAC099 | U4: 3734917-2 10000ｴﾝｱﾂｼ- VTS-LAC081 | V4: 5911400-4 ﾚ-ﾙﾌﾞ VTS-LAH101
A5: 1 | B5: 6980132-8 | C5: LA034S | D5: ・ | E5: ・ | I5: ・ | N5: ・ | P5: ・ | V5: ・
A6: 2 | B6: 1870947-8 | C6: LA071S | D6: ・ | E6: ・ | I6: ・ | Q6: ・ | R6: ・ | V6: ・
A7: 3 | B7: 3734909-1 | C7: LA081S | D7: ・ | F7: ・ | I7: ・ | N7: ・ | U7: ・ | V7: ・
A8: 4 | B8: 5992188-0 | C8: LA092S | D8: ・ | F8: ・ | I8: ・ | K8: ・ | N8: ・ | V8: ・
A9: 5 | B9: 5992177-5 | C9: LA093S | D9: ・ | E9: ・ | J9: ・ | L9: ・ | O9: ・ | V9: ・
A10: 6 | B10: 1858373-3 | C10: LA094S | D10: ・ | E10: ・ | I10: ・ | M10: ・ | N10: ・ | V10: ・
A11: 7 | B11: 1860614-8 | C11: LA095S | D11: ・ | E11: ・ | J11: ・ | L11: ・ | O11: ・ | V11: ・
A12: 8 | B12: 6945961-1 | C12: LA096S | D12: ・ | E12: ・ | I12: ・ | K12: ・ | N12: ・ | V12: ・
A13: 9 | B13: 1862821-4 | C13: LA097S | D13: ・ | E13: ・ | J13: ・ | L13: ・ | O13: ・ | V13: ・
A14: 10 | B14: 1874705-1 | C14: LA098S | D14: ・ | E14: ・ | I14: ・ | N14: ・ | S14: ・ | V14: ・
A15: 11 | B15: 1881230-9 | C15: LA099S | D15: ・ | E15: ・ | I15: ・ | N15: ・ | T15: ・ | V15: ・
A16: 12 | B16: 5952735-0 | C16: LA102S | D16: ・ | E16: ・ | G16: ・ | H16: ・ | I16: ・ | V16: ・
A17: 13 | B17: 5992219-4 | C17: LA109S | D17: ・ | E17: ・ | G17: ・ | H17: ・ | I17: ・ | V17: ・
A18: 14 | B18: 6916838-2 | C18: LA111S | D18: ・ | E18: ・ | G18: ・ | H18: ・ | I18: ・ | V18: ・
A19: 15 | B19: 6993314-3 | C19: LA112S | D19: ・ | E19: ・ | G19: ・ | H19: ・ | I19: ・ | V19: ・
A20: 16 | B20: 6995414-0 | C20: LA113S | D20: ・ | E20: ・ | G20: ・ | H20: ・ | I20: ・ | V20: ・
A21: 17 | B21: 7931904-4 | C21: LA114S | D21: ・ | E21: ・ | G21: ・ | H21: ・ | I21: ・ | V21: ・
A22: 18 | B22: 1866538-1 | C22: LA115S | D22: ・ | E22: ・ | G22: ・ | H22: ・ | I22: ・ | V22: ・
A23: 19 | B23: 1869999-5 | C23: LA116S | D23: ・ | E23: ・ | G23: ・ | H23: ・ | I23: ・ | V23: ・
A24: 20 | B24: 1870233-3 | C24: LA117S | D24: ・ | E24: ・ | G24: ・ | H24: ・ | I24: ・ | V24: ・
A25: 21 | B25: 1870917-6 | C25: LA118S | D25: ・ | E25: ・ | G25: ・ | H25: ・ | I25: ・ | V25: ・
A26: 22 | B26: 7940763-6 | C26: LA122S | D26: ・ | E26: ・ | G26: ・ | H26: ・ | I26: ・ | V26: ・
A27: 23 | B27: 6911210-7 | C27: LA131S | D27: ・ | E27: ・ | G27: ・ | H27: ・ | I27: ・ | V27: ・
... A53: 49 | B53: 6965259-4 | C53: LA199S | D53: ・ | E53: ・ | G53: ・ | H53: ・ | I53: ・ | V53: ・
A54: 50 | C54: 仮一般 | D54: ・ | E54: ・ | G54: ・ | H54: ・ | I54: ・ | V54: ・
A55: 51 | B55: 6980133-6 | C55: LB034S | D55: ・ | N55: ・ | V55: ・
A56: 52 | B56: 6901094-0 | C56: LB133S | D56: ・ | H56: ・ | V56: ・
A57: 53 | B57: 6980088-7 | C57: LB134S | D57: ・ | H57: ・ | V57: ・
A58: 54 | B58: 7931201-5 | C58: LB135S | D58: ・ | H58: ・ | V58: ・
A59: 55 | B59: 7975061-6 | C59: LB161S | D59: ・ | H59: ・ | V59: ・

Sheet Ｖ８星取日程マスター
I1: 1 | K1: ａ | N1: b | O1: b-4日 (光真ｶﾚ） | P1: ａ-3日 (光真ｶﾚ） | Q1: ａ (OCｶﾚ） | S1: 2 | T1: 3 | U1: 4 | V1: 5 | W1: 6 | X1: 7 | Y1: 8 | Z1: 9 | AA1: 10 | AB1: 11 | AC1: 12 | AD1: 13 | AE1: 14 | AF1: 15 | AG1: 16 | AH1: 17 | AI1: 18 | AJ1: 19 | AK1: 20 | AL1: 21 | AM1: 22 | AN1: 23 | AO1: 24 | AP1: 25 | AQ1: 26 | AR1: 27 | AS1: 28 | AT1: 29 | AU1: 30 | AV1: 31 | AW1: 32 | AX1: 33 | AY1: 34 | BA1: 客先名 | BB1: 駅名 ﾒﾝﾃﾕﾆｯﾄ型式（個/ﾛｯﾄ） | BC1: コーナー メンテ：情報提供者（情報入手日）
I2: VU-LD091 | N2: 44627 | O2: =INDEX(光真稼働日早見表!M:M,MATCH(N2,光真稼働日早見表!B:B,0),1) -> 44621 | P2: =INDEX(光真稼働日早見表!N:N,MATCH(Q2,光真稼働日早見表!B:B,0),1) -> 44622 | Q2: 44627 | S2: =VLOOKUP(I2,'V8structure '!$C$10:$AJ$49,2,FALSE) -> ・ | T2: =VLOOKUP(I2,'V8structure '!$C$10:$AJ$49,3,FALSE) -> ・ | U2: =VLOOKUP(I2,'V8structure '!$C$10:$AJ$49,4,FALSE) -> 0 | V2: =VLOOKUP(I2,'V8structure '!$C$10:$AJ$49,5,FALSE) -> 0 | W2: =VLOOKUP(I2,'V8structure '!$C$10:$AJ$49,6,FALSE) -> ・ | X2: =VLOOKUP(I2,'V8structure '!$C$10:$AJ$49,7,FALSE) -> 0 | Y2: =VLOOKUP(I2,'V8structure '!$C$10:$AJ$49,8,FALSE) -> 0 | Z2: =VLOOKUP(I2,'V8structure '!$C$10:$AJ$49,9,FALSE) -> 0 | AA2: =VLOOKUP(I2,'V8structure '!$C$10:$AJ$49,10,FALSE) -> ・ | AB2: =VLOOKUP(I2,'V8structure '!$C$10:$AJ$49,11,FALSE) -> 0 | AC2: =VLOOKUP(I2,'V8structure '!$C$10:$AJ$49,12,FALSE) -> ・ | AD2: =VLOOKUP(I2,'V8structure '!$C$10:$AJ$49,13,FALSE) -> 0 | AE2: =VLOOKUP(I2,'V8structure '!$C$10:$AJ$49,14,FALSE) -> 0 | AF2: =VLOOKUP(I2,'V8structure '!$C$10:$AJ$49,15,FALSE) -> 0 | AG2: =VLOOKUP(I2,'V8structure '!$C$10:$AJ$49,16,FALSE) -> ・ | AH2: =VLOOKUP(I2,'V8structure '!$C$10:$AJ$49,17,FALSE) -> 0 | AI2: =VLOOKUP(I2,'V8structure '!$C$10:$AJ$49,18,FALSE) -> 0 | AJ2: =VLOOKUP(I2,'V8structure '!$C$10:$AJ$49,19,FALSE) -> 0 | AK2: =VLOOKUP(I2,'V8structure '!$C$10:$AJ$49,20,FALSE) -> ・ | AL2: =VLOOKUP(I2,'V8structure '!$C$10:$AJ$49,21,FALSE) -> 0 | AM2: =VLOOKUP(I2,'V8structure '!$C$10:$AJ$49,22,FALSE) -> 0 | AN2: =VLOOKUP(I2,'V8structure '!$C$10:$AJ$49,23,FALSE) -> 0 | AO2: =VLOOKUP(I2,'V8structure '!$C$10:$AJ$49,24,FALSE) -> ・ | AP2: =VLOOKUP(I2,'V8structure '!$C$10:$AJ$49,25,FALSE) -> 0 | AQ2: =VLOOKUP(I2,'V8structure '!$C$10:$AJ$49,26,FALSE) -> 0 | AR2: =VLOOKUP(I2,'V8structure '!$C$10:$AJ$49,27,FALSE) -> 0 | AS2: =VLOOKUP(I2,'V8structure '!$C$10:$AJ$49,28,FALSE) -> 0 | AT2: =VLOOKUP(I2,'V8structure '!$C$10:$AJ$49,29,FALSE) -> 0 | AU2: =VLOOKUP(I2,'V8structure '!$C$10:$AJ$49,30,FALSE) -> 0 | AV2: =VLOOKUP(I2,'V8structure '!$C$10:$AJ$49,31,FALSE) -> ・ | AW2: =VLOOKUP(I2,'V8structure '!$C$10:$AJ$49,32,FALSE) -> ・ | AX2: =VLOOKUP(I2,'V8structure '!$C$10:$AJ$49,33,FALSE) -> 0 | AY2: =VLOOKUP(I2,'V8structure '!$C$10:$AJ$49,34,FALSE) -> ・ | BD2: =COUNTIF(S2:AY2,"・") -> 11
A4: T-No | B4: Z002 号機 | C4: Z003 号機 | D4: Z004 号機 | E4: Z101 号機 | F4: Z102 号機 | G4: Z103 号機 | H4: Z201 号機 | I4: ＢＨ型式 | J4: 順序 確定日 | K4: OSS 納入 指示日 | L4: ＬＡＺ 実出荷 | M4: KP-No | N4: LAZ 完了 計画 | O4: KMP ユニット 日本着日 | P4: KMP カセット 日本必要 | Q4: LAZ/ｶｾｯﾄ LAL/LBL J-光真 出荷計画 | R4: メンテ | S4: LAA101 | T4: LAF001 | U4: LAF002 | V4: LAF003 | W4: LAG001 | X4: LAG002 | Y4: LAE101 | Z4: LAE102 | AA4: LAE201 | AB4: LBL001 | AC4: LBL002 | AD4: LAL001 | AE4: LAN001 | AF4: LAN002 | AG4: LCN001 | AH4: LAC001 | AI4: LAC002 | AJ4: LCC001 | AK4: LCC002 | AL4: LAD001 | AM4: LAD002 | AN4: LCD001 | AO4: LCD002 | AP4: LAZ002 | AQ4: LAZ003 | AR4: LAZ004 | AS4: LAZ101 | AT4: LAZ102 | AU4: LAZ103 | AV4: LAZ201 | AW4: LAY001 | AX4: LAY002 | AY4: LAH001 | AZ4: 生産計画№ | BA4: 客先名 | BB4: 駅名 | BC4: コーナー | BD4: ユニット数
A5: 21334 | H5: 3524 | I5: VU-LD091 | J5: 46008 | K5: 46027 | M5: ・ | N5: =IFERROR(INDEX([4]Ｖ８出荷・完了計画!$B$5:$B$2593,MATCH(A5,[4]Ｖ８出荷・完了計画!$M$5:$M$2593,0),1),N6) -> 46029 | O5: =INDEX([5]光真稼働日早見表!$M$3:$M$10000,MATCH($N5,[5]光真稼働日早見表!$Q$3:$Q$10000,0),1) -> 46016 | P5: =INDEX([5]光真稼働日早見表!$N$3:$N$10000,MATCH($Q5,[5]光真稼働日早見表!$Q$3:$Q$10000,0),1) -> 46015 | Q5: 46027 | S5: ・ | T5: ・ | W5: ・ | AA5: ・ | AC5: ・ | AG5: ・ | AK5: ・ | AO5: ・ | AV5: ・ | AW5: ・ | AY5: ・ | AZ5: 000385490 | BA5: 設計設備 | BB5: 下諏訪(本屋)駅設定 | BD5: =COUNTIF(S5:AY5,"・") -> 11
A6: 21335 | H6: 3525 | I6: VU-LD091 | J6: 46009 | K6: 46028 | M6: ・ | N6: =IFERROR(INDEX([4]Ｖ８出荷・完了計画!$B$5:$B$2593,MATCH(A6,[4]Ｖ８出荷・完了計画!$M$5:$M$2593,0),1),N7) -> 46029 | O6: =INDEX([5]光真稼働日早見表!$M$3:$M$10000,MATCH($N6,[5]光真稼働日早見表!$Q$3:$Q$10000,0),1) -> 46016 | P6: =INDEX([5]光真稼働日早見表!$N$3:$N$10000,MATCH($Q6,[5]光真稼働日早見表!$Q$3:$Q$10000,0),1) -> 46016 | Q6: 46028 | S6: ・ | T6: ・ | W6: ・ | AA6: ・ | AC6: ・ | AG6: ・ | AK6: ・ | AO6: ・ | AV6: ・ | AW6: ・ | AY6: ・ | AZ6: 000393963 | BA6: 設計設備 | BB6: 下諏訪(本屋)駅設定 | BD6: =COUNTIF(S6:AY6,"・") -> 11
A7: 21336 | H7: 3526 | I7: VU-LD091 | J7: 46013 | K7: 46030 | M7: ・ | N7: =IFERROR(INDEX([4]Ｖ８出荷・完了計画!$B$5:$B$2593,MATCH(A7,[4]Ｖ８出荷・完了計画!$M$5:$M$2593,0),1),N8) -> 46029 | O7: =INDEX([5]光真稼働日早見表!$M$3:$M$10000,MATCH($N7,[5]光真稼働日早見表!$Q$3:$Q$10000,0),1) -> 46016 | P7: =INDEX([5]光真稼働日早見表!$N$3:$N$10000,MATCH($Q7,[5]光真稼働日早見表!$Q$3:$Q$10000,0),1) -> 46027 | Q7: 46030 | S7: ・ | T7: ・ | W7: ・ | AA7: ・ | AC7: ・ | AG7: ・ | AK7: ・ | AO7: ・ | AV7: ・ | AW7: ・ | AY7: ・ | AZ7: 000393965 | BA7: JREM | BB7: 天王洲アイル | BC7: 南 | BD7: =COUNTIF(S7:AY7,"・") -> 11
A8: 21337 | H8: 3527 | I8: VU-LD091 | J8: 46013 | K8: 46030 | M8: ・ | N8: =IFERROR(INDEX([4]Ｖ８出荷・完了計画!$B$5:$B$2593,MATCH(A8,[4]Ｖ８出荷・完了計画!$M$5:$M$2593,0),1),N9) -> 46029 | O8: =INDEX([5]光真稼働日早見表!$M$3:$M$10000,MATCH($N8,[5]光真稼働日早見表!$Q$3:$Q$10000,0),1) -> 46016 | P8: =INDEX([5]光真稼働日早見表!$N$3:$N$10000,MATCH($Q8,[5]光真稼働日早見表!$Q$3:$Q$10000,0),1) -> 46027 | Q8: 46030 | S8: ・ | T8: ・ | W8: ・ | AA8: ・ | AC8: ・ | AG8: ・ | AK8: ・ | AO8: ・ | AV8: ・ | AW8: ・ | AY8: ・ | AZ8: 000393967 | BA8: JREM | BB8: 天空橋 | BC8: HiCity | BD8: =COUNTIF(S8:AY8,"・") -> 11
A9: 21338 | H9: 3528 | I9: VU-LD091 | J9: 46014 | K9: 46031 | M9: ・ | N9: =IFERROR(INDEX([4]Ｖ８出荷・完了計画!$B$5:$B$2593,MATCH(A9,[4]Ｖ８出荷・完了計画!$M$5:$M$2593,0),1),N10) -> 46030 | O9: =INDEX([5]光真稼働日早見表!$M$3:$M$10000,MATCH($N9,[5]光真稼働日早見表!$Q$3:$Q$10000,0),1) -> 46017 | P9: =INDEX([5]光真稼働日早見表!$N$3:$N$10000,MATCH($Q9,[5]光真稼働日早見表!$Q$3:$Q$10000,0),1) -> 46028 | Q9: 46031 | S9: ・ | T9: ・ | W9: ・ | AA9: ・ | AC9: ・ | AG9: ・ | AK9: ・ | AO9: ・ | AV9: ・ | AW9: ・ | AY9: ・ | AZ9: 000371187 | BA9: JREM | BB9: 天王洲アイル | BC9: 中央 | BD9: =COUNTIF(S9:AY9,"・") -> 11
A10: 21339 | H10: 3529 | I10: VU-LD091 | J10: 46014 | K10: 46031 | M10: ・ | N10: =IFERROR(INDEX([4]Ｖ８出荷・完了計画!$B$5:$B$2593,MATCH(A10,[4]Ｖ８出荷・完了計画!$M$5:$M$2593,0),1),N11) -> 46030 | O10: =INDEX([5]光真稼働日早見表!$M$3:$M$10000,MATCH($N10,[5]光真稼働日早見表!$Q$3:$Q$10000,0),1) -> 46017 | P10: =INDEX([5]光真稼働日早見表!$N$3:$N$10000,MATCH($Q10,[5]光真稼働日早見表!$Q$3:$Q$10000,0),1) -> 46028 | Q10: 46031 | S10: ・ | T10: ・ | W10: ・ | AA10: ・ | AC10: ・ | AG10: ・ | AK10: ・ | AO10: ・ | AV10: ・ | AW10: ・ | AY10: ・ | AZ10: 000393964 | BA10: JREM | BB10: 天空橋 | BC10: 本屋 | BD10: =COUNTIF(S10:AY10,"・") -> 11
A11: 21340 | H11: 3530 | I11: VU-LD091 | J11: 46015 | K11: 46035 | M11: ・ | N11: =IFERROR(INDEX([4]Ｖ８出荷・完了計画!$B$5:$B$2593,MATCH(A11,[4]Ｖ８出荷・完了計画!$M$5:$M$2593,0),1),N12) -> 46030 | O11: =INDEX([5]光真稼働日早見表!$M$3:$M$10000,MATCH($N11,[5]光真稼働日早見表!$Q$3:$Q$10000,0),1) -> 46017 | P11: =INDEX([5]光真稼働日早見表!$N$3:$N$10000,MATCH($Q11,[5]光真稼働日早見表!$Q$3:$Q$10000,0),1) -> 46029 | Q11: 46035 | S11: ・ | T11: ・ | W11: ・ | AA11: ・ | AC11: ・ | AG11: ・ | AK11: ・ | AO11: ・ | AV11: ・ | AW11: ・ | AY11: ・ | AZ11: 000375150 | BA11: JREM | BB11: JREM機械設備技術センター | BD11: =COUNTIF(S11:AY11,"・") -> 11
A12: 21341 | H12: 3531 | I12: VU-LD091 | J12: 46015 | K12: 46035 | M12: ・ | N12: =IFERROR(INDEX([4]Ｖ８出荷・完了計画!$B$5:$B$2593,MATCH(A12,[4]Ｖ８出荷・完了計画!$M$5:$M$2593,0),1),N13) -> 46030 | O12: =INDEX([5]光真稼働日早見表!$M$3:$M$10000,MATCH($N12,[5]光真稼働日早見表!$Q$3:$Q$10000,0),1) -> 46017 | P12: =INDEX([5]光真稼働日早見表!$N$3:$N$10000,MATCH($Q12,[5]光真稼働日早見表!$Q$3:$Q$10000,0),1) -> 46029 | Q12: 46035 | S12: ・ | T12: ・ | W12: ・ | AA12: ・ | AC12: ・ | AG12: ・ | AK12: ・ | AO12: ・ | AV12: ・ | AW12: ・ | AY12: ・ | AZ12: 000393966 | BA12: JREM | BB12: 新整備場 | BD12: =COUNTIF(S12:AY12,"・") -> 11
A13: 21342 | E13: 8206 | I13: VU-LB106 | J13: 46016 | K13: 46036 | M13: ・ | N13: =IFERROR(INDEX([4]Ｖ８出荷・完了計画!$B$5:$B$2593,MATCH(A13,[4]Ｖ８出荷・完了計画!$M$5:$M$2593,0),1),N14) -> 46031 | O13: =INDEX([5]光真稼働日早見表!$M$3:$M$10000,MATCH($N13,[5]光真稼働日早見表!$Q$3:$Q$10000,0),1) -> 46027 | P13: =INDEX([5]光真稼働日早見表!$N$3:$N$10000,MATCH($Q13,[5]光真稼働日早見表!$Q$3:$Q$10000,0),1) -> 46030 | Q13: 46036 | S13: ・ | T13: ・ | W13: ・ | Y13: ・ | AC13: ・ | AE13: ・ | AH13: ・ | AL13: ・ | AS13: ・ | AW13: ・ | AY13: ・ | AZ13: 000381125 | BA13: 南海 | BB13: 七道 | BD13: =COUNTIF(S13:AY13,"・") -> 11
A14: 21343 | E14: 8207 | I14: VU-LA004 | J14: 46017 | K14: 46037 | M14: ・ | N14: =IFERROR(INDEX([4]Ｖ８出荷・完了計画!$B$5:$B$2593,MATCH(A14,[4]Ｖ８出荷・完了計画!$M$5:$M$2593,0),1),N15) -> 46031 | O14: =INDEX([5]光真稼働日早見表!$M$3:$M$10000,MATCH($N14,[5]光真稼働日早見表!$Q$3:$Q$10000,0),1) -> 46027 | P14: =INDEX([5]光真稼働日早見表!$N$3:$N$10000,MATCH($Q14,[5]光真稼働日早見表!$Q$3:$Q$10000,0),1) -> 46031 | Q14: 46037 | S14: ・ | T14: ・ | W14: ・ | Y14: ・ | AD14: ・ | AE14: ・ | AH14: ・ | AL14: ・ | AS14: ・ | AW14: ・ | AY14: ・ | AZ14: 000394016 | BA14: M社（Ｎ） | BC14: VU-LA004 | BD14: =COUNTIF(S14:AY14,"・") -> 11
A15: 21344 | E15: 8208 | I15: VU-LA004 | J15: 46017 | K15: 46037 | M15: ・ | N15: =IFERROR(INDEX([4]Ｖ８出荷・完了計画!$B$5:$B$2593,MATCH(A15,[4]Ｖ８出荷・完了計画!$M$5:$M$2593,0),1),N16) -> 46031 | O15: =INDEX([5]光真稼働日早見表!$M$3:$M$10000,MATCH($N15,[5]光真稼働日早見表!$Q$3:$Q$10000,0),1) -> 46027 | P15: =INDEX([5]光真稼働日早見表!$N$3:$N$10000,MATCH($Q15,[5]光真稼働日早見表!$Q$3:$Q$10000,0),1) -> 46031 | Q15: 46037 | S15: ・ | T15: ・ | W15: ・ | Y15: ・ | AD15: ・ | AE15: ・ | AH15: ・ | AL15: ・ | AS15: ・ | AW15: ・ | AY15: ・ | AZ15: 000371238 | BA15: M社（Ｎ） | BC15: VU-LA004 | BD15: =COUNTIF(S15:AY15,"・") -> 11
A16: 21345 | B16: 3219 | I16: VU-LA007 | J16: 46017 | K16: 46037 | M16: ・ | N16: =IFERROR(INDEX([4]Ｖ８出荷・完了計画!$B$5:$B$2593,MATCH(A16,[4]Ｖ８出荷・完了計画!$M$5:$M$2593,0),1),N17) -> 46031 | O16: =INDEX([5]光真稼働日早見表!$M$3:$M$10000,MATCH($N16,[5]光真稼働日早見表!$Q$3:$Q$10000,0),1) -> 46027 | P16: =INDEX([5]光真稼働日早見表!$N$3:$N$10000,MATCH($Q16,[5]光真稼働日早見表!$Q$3:$Q$10000,0),1) -> 46031 | Q16: 46037 | S16: ・ | T16: ・ | W16: ・ | Y16: ・ | AD16: ・ | AE16: ・ | AH16: ・ | AL16: ・ | AP16: ・ | AX16: ・ | AY16: ・ | AZ16: 000384916 | BA16: N社（Ｎ） | BC16: VU-LA007 | BD16: =COUNTIF(S16:AY16,"・") -> 11
A17: 21346 | E17: 8209 | I17: VU-LB106 | J17: 46017 | K17: 46037 | M17: ・ | N17: =IFERROR(INDEX([4]Ｖ８出荷・完了計画!$B$5:$B$2593,MATCH(A17,[4]Ｖ８出荷・完了計画!$M$5:$M$2593,0),1),N18) -> 46035 | O17: =INDEX([5]光真稼働日早見表!$M$3:$M$10000,MATCH($N17,[5]光真稼働日早見表!$Q$3:$Q$10000,0),1) -> 46028 | P17: =INDEX([5]光真稼働日早見表!$N$3:$N$10000,MATCH($Q17,[5]光真稼働日早見表!$Q$3:$Q$10000,0),1) -> 46031 | Q17: 46037 | S17: ・ | T17: ・ | W17: ・ | Y17: ・ | AC17: ・ | AE17: ・ | AH17: ・ | AL17: ・ | AS17: ・ | AW17: ・ | AY17: ・ | AZ17: 000381128 | BA17: 南海 | BB17: 湊 | BD17: =COUNTIF(S17:AY17,"・") -> 11
A18: 21347 | E18: 8210 | I18: VU-LA004 | J18: 46027 | K18: 46038 | M18: ・ | N18: =IFERROR(INDEX([4]Ｖ８出荷・完了計画!$B$5:$B$2593,MATCH(A18,[4]Ｖ８出荷・完了計画!$M$5:$M$2593,0),1),N19) -> 46035 | O18: =INDEX([5]光真稼働日早見表!$M$3:$M$10000,MATCH($N18,[5]光真稼働日早見表!$Q$3:$Q$10000,0),1) -> 46028 | P18: =INDEX([5]光真稼働日早見表!$N$3:$N$10000,MATCH($Q18,[5]光真稼働日早見表!$Q$3:$Q$10000,0),1) -> 46035 | Q18: 46038 | S18: ・ | T18: ・ | W18: ・ | Y18: ・ | AD18: ・ | AE18: ・ | AH18: ・ | AL18: ・ | AS18: ・ | AW18: ・ | AY18: ・ | AZ18: 000394022 | BA18: M社（Ｎ） | BC18: VU-LA004 | BD18: =COUNTIF(S18:AY18,"・") -> 11
A19: 21348 | E19: 8211 | I19: VU-LA004 | J19: 46027 | K19: 46038 | M19: ・ | N19: =IFERROR(INDEX([4]Ｖ８出荷・完了計画!$B$5:$B$2593,MATCH(A19,[4]Ｖ８出荷・完了計画!$M$5:$M$2593,0),1),N20) -> 46035 | O19: =INDEX([5]光真稼働日早見表!$M$3:$M$10000,MATCH($N19,[5]光真稼働日早見表!$Q$3:$Q$10000,0),1) -> 46028 | P19: =INDEX([5]光真稼働日早見表!$N$3:$N$10000,MATCH($Q19,[5]光真稼働日早見表!$Q$3:$Q$10000,0),1) -> 46035 | Q19: 46038 | S19: ・ | T19: ・ | W19: ・ | Y19: ・ | AD19: ・ | AE19: ・ | AH19: ・ | AL19: ・ | AS19: ・ | AW19: ・ | AY19: ・ | AZ19: 000394020 | BA19: M社（Ｎ） | BC19: VU-LA004 | BD19: =COUNTIF(S19:AY19,"・") -> 11
A20: 21349 | E20: 8212 | I20: VU-LA004 | J20: 46027 | K20: 46038 | M20: ・ | N20: =IFERROR(INDEX([4]Ｖ８出荷・完了計画!$B$5:$B$2593,MATCH(A20,[4]Ｖ８出荷・完了計画!$M$5:$M$2593,0),1),N21) -> 46036 | O20: =INDEX([5]光真稼働日早見表!$M$3:$M$10000,MATCH($N20,[5]光真稼働日早見表!$Q$3:$Q$10000,0),1) -> 46029 | P20: =INDEX([5]光真稼働日早見表!$N$3:$N$10000,MATCH($Q20,[5]光真稼働日早見表!$Q$3:$Q$10000,0),1) -> 46035 | Q20: 46038 | S20: ・ | T20: ・ | W20: ・ | Y20: ・ | AD20: ・ | AE20: ・ | AH20: ・ | AL20: ・ | AS20: ・ | AW20: ・ | AY20: ・ | AZ20: 000394024 | BA20: M社（Ｎ） | BC20: VU-LA004 | BD20: =COUNTIF(S20:AY20,"・") -> 11
A21: 21350 | E21: 8213 | I21: VU-LA004 | J21: 46027 | K21: 46038 | M21: ・ | N21: =IFERROR(INDEX([4]Ｖ８出荷・完了計画!$B$5:$B$2593,MATCH(A21,[4]Ｖ８出荷・完了計画!$M$5:$M$2593,0),1),N22) -> 46036 | O21: =INDEX([5]光真稼働日早見表!$M$3:$M$10000,MATCH($N21,[5]光真稼働日早見表!$Q$3:$Q$10000,0),1) -> 46029 | P21: =INDEX([5]光真稼働日早見表!$N$3:$N$10000,MATCH($Q21,[5]光真稼働日早見表!$Q$3:$Q$10000,0),1) -> 46035 | Q21: 46038 | S21: ・ | T21: ・ | W21: ・ | Y21: ・ | AD21: ・ | AE21: ・ | AH21: ・ | AL21: ・ | AS21: ・ | AW21: ・ | AY21: ・ | AZ21: 000394018 | BA21: M社（Ｎ） | BC21: VU-LA004 | BD21: =COUNTIF(S21:AY21,"・") -> 11
A22: 21351 | F22: 1253 | I22: VU-LB112 | J22: 46027 | K22: 46038 | M22: ・ | N22: =IFERROR(INDEX([4]Ｖ８出荷・完了計画!$B$5:$B$2593,MATCH(A22,[4]Ｖ８出荷・完了計画!$M$5:$M$2593,0),1),N23) -> 46036 | O22: =INDEX([5]光真稼働日早見表!$M$3:$M$10000,MATCH($N22,[5]光真稼働日早見表!$Q$3:$Q$10000,0),1) -> 46029 | P22: =INDEX([5]光真稼働日早見表!$N$3:$N$10000,MATCH($Q22,[5]光真稼働日早見表!$Q$3:$Q$10000,0),1) -> 46035 | Q22: 46038 | S22: ・ | T22: ・ | W22: ・ | Z22: ・ | AC22: ・ | AE22: ・ | AH22: ・ | AL22: ・ | AT22: ・ | AW22: ・ | AY22: ・ | AZ22: 000380740 | BA22: JR西 | BB22: 摩耶 | BD22: =COUNTIF(S22:AY22,"・") -> 11
A23: 21352 | E23: 8214 | I23: VU-LA004 | J23: 46028 | K23: 46041 | M23: ・ | N23: =IFERROR(INDEX([4]Ｖ８出荷・完了計画!$B$5:$B$2593,MATCH(A23,[4]Ｖ８出荷・完了計画!$M$5:$M$2593,0),1),N24) -> 46037 | O23: =INDEX([5]光真稼働日早見表!$M$3:$M$10000,MATCH($N23,[5]光真稼働日早見表!$Q$3:$Q$10000,0),1) -> 46030 | P23: =INDEX([5]光真稼働日早見表!$N$3:$N$10000,MATCH($Q23,[5]光真稼働日早見表!$Q$3:$Q$10000,0),1) -> 46037 | Q23: 46041 | S23: ・ | T23: ・ | W23: ・ | Y23: ・ | AD23: ・ | AE23: ・ | AH23: ・ | AL23: ・ | AS23: ・ | AW23: ・ | AY23: ・ | AZ23: 000394015 | BA23: M社（Ｎ） | BC23: VU-LA004 | BD23: =COUNTIF(S23:AY23,"・") -> 11
A24: 21353 | E24: 8215 | I24: VU-LA004 | J24: 46028 | K24: 46041 | M24: ・ | N24: =IFERROR(INDEX([4]Ｖ８出荷・完了計画!$B$5:$B$2593,MATCH(A24,[4]Ｖ８出荷・完了計画!$M$5:$M$2593,0),1),N25) -> 46037 | O24: =INDEX([5]光真稼働日早見表!$M$3:$M$10000,MATCH($N24,[5]光真稼働日早見表!$Q$3:$Q$10000,0),1) -> 46030 | P24: =INDEX([5]光真稼働日早見表!$N$3:$N$10000,MATCH($Q24,[5]光真稼働日早見表!$Q$3:$Q$10000,0),1) -> 46037 | Q24: 46041 | S24: ・ | T24: ・ | W24: ・ | Y24: ・ | AD24: ・ | AE24: ・ | AH24: ・ | AL24: ・ | AS24: ・ | AW24: ・ | AY24: ・ | AZ24: 000394025 | BA24: M社（Ｎ） | BC24: VU-LA004 | BD24: =COUNTIF(S24:AY24,"・") -> 11
A25: 21354 | E25: 8216 | I25: VU-LA004 | J25: 46028 | K25: 46041 | M25: ・ | N25: =IFERROR(INDEX([4]Ｖ８出荷・完了計画!$B$5:$B$2593,MATCH(A25,[4]Ｖ８出荷・完了計画!$M$5:$M$2593,0),1),N26) -> 46037 | O25: =INDEX([5]光真稼働日早見表!$M$3:$M$10000,MATCH($N25,[5]光真稼働日早見表!$Q$3:$Q$10000,0),1) -> 46030 | P25: =INDEX([5]光真稼働日早見表!$N$3:$N$10000,MATCH($Q25,[5]光真稼働日早見表!$Q$3:$Q$10000,0),1) -> 46037 | Q25: 46041 | S25: ・ | T25: ・ | W25: ・ | Y25: ・ | AD25: ・ | AE25: ・ | AH25: ・ | AL25: ・ | AS25: ・ | AW25: ・ | AY25: ・ | AZ25: 000394013 | BA25: M社（Ｎ） | BC25: VU-LA004 | BD25: =COUNTIF(S25:AY25,"・") -> 11
A26: 21355 | E26: 8217 | I26: VU-LA004 | J26: 46028 | K26: 46041 | M26: ・ | N26: =IFERROR(INDEX([4]Ｖ８出荷・完了計画!$B$5:$B$2593,MATCH(A26,[4]Ｖ８出荷・完了計画!$M$5:$M$2593,0),1),N27) -> 46038 | O26: =INDEX([5]光真稼働日早見表!$M$3:$M$10000,MATCH($N26,[5]光真稼働日早見表!$Q$3:$Q$10000,0),1) -> 46031 | P26: =INDEX([5]光真稼働日早見表!$N$3:$N$10000,MATCH($Q26,[5]光真稼働日早見表!$Q$3:$Q$10000,0),1) -> 46037 | Q26: 46041 | S26: ・ | T26: ・ | W26: ・ | Y26: ・ | AD26: ・ | AE26: ・ | AH26: ・ | AL26: ・ | AS26: ・ | AW26: ・ | AY26: ・ | AZ26: 000394026 | BA26: M社（Ｎ） | BC26: VU-LA004 | BD26: =COUNTIF(S26:AY26,"・") -> 11
A27: 21356 | E27: 8218 | I27: VU-LB106 | J27: 46028 | K27: 46041 | M27: ・ | N27: =IFERROR(INDEX([4]Ｖ８出荷・完了計画!$B$5:$B$2593,MATCH(A27,[4]Ｖ８出荷・完了計画!$M$5:$M$2593,0),1),N28) -> 46038 | O27: =INDEX([5]光真稼働日早見表!$M$3:$M$10000,MATCH($N27,[5]光真稼働日早見表!$Q$3:$Q$10000,0),1) -> 46031 | P27: =INDEX([5]光真稼働日早見表!$N$3:$N$10000,MATCH($Q27,[5]光真稼働日早見表!$Q$3:$Q$10000,0),1) -> 46037 | Q27: 46041 | S27: ・ | T27: ・ | W27: ・ | Y27: ・ | AC27: ・ | AE27: ・ | AH27: ・ | AL27: ・ | AS27: ・ | AW27: ・ | AY27: ・ | AZ27: 000385410 | BA27: 南海 | BB27: 春木 | BC27: 東 | BD27: =COUNTIF(S27:AY27,"・") -> 11
A28: 21357 | E28: 8219 | I28: VU-LA004 | J28: 46029 | K28: 46042 | M28: ・ | N28: =IFERROR(INDEX([4]Ｖ８出荷・完了計画!$B$5:$B$2593,MATCH(A28,[4]Ｖ８出荷・完了計画!$M$5:$M$2593,0),1),N29) -> 46038 | O28: =INDEX([5]光真稼働日早見表!$M$3:$M$10000,MATCH($N28,[5]光真稼働日早見表!$Q$3:$Q$10000,0),1) -> 46031 | P28: =INDEX([5]光真稼働日早見表!$N$3:$N$10000,MATCH($Q28,[5]光真稼働日早見表!$Q$3:$Q$10000,0),1) -> 46038 | Q28: 46042 | S28: ・ | T28: ・ | W28: ・ | Y28: ・ | AD28: ・ | AE28: ・ | AH28: ・ | AL28: ・ | AS28: ・ | AW28: ・ | AY28: ・ | AZ28: 000394023 | BA28: M社（Ｎ） | BC28: VU-LA004 | BD28: =COUNTIF(S28:AY28,"・") -> 11
A29: 21358 | E29: 8220 | I29: VU-LA004 | J29: 46029 | K29: 46042 | M29: ・ | N29: =IFERROR(INDEX([4]Ｖ８出荷・完了計画!$B$5:$B$2593,MATCH(A29,[4]Ｖ８出荷・完了計画!$M$5:$M$2593,0),1),N30) -> 46039 | O29: =INDEX([5]光真稼働日早見表!$M$3:$M$10000,MATCH($N29,[5]光真稼働日早見表!$Q$3:$Q$10000,0),1) -> 46035 | P29: =INDEX([5]光真稼働日早見表!$N$3:$N$10000,MATCH($Q29,[5]光真稼働日早見表!$Q$3:$Q$10000,0),1) -> 46038 | Q29: 46042 | S29: ・ | T29: ・ | W29: ・ | Y29: ・ | AD29: ・ | AE29: ・ | AH29: ・ | AL29: ・ | AS29: ・ | AW29: ・ | AY29: ・ | AZ29: 000394017 | BA29: M社（Ｎ） | BC29: VU-LA004 | BD29: =COUNTIF(S29:AY29,"・") -> 11
A30: 21359 | E30: 8221 | I30: VU-LA004 | J30: 46029 | K30: 46042 | M30: ・ | N30: =IFERROR(INDEX([4]Ｖ８出荷・完了計画!$B$5:$B$2593,MATCH(A30,[4]Ｖ８出荷・完了計画!$M$5:$M$2593,0),1),N31) -> 46039 | O30: =INDEX([5]光真稼働日早見表!$M$3:$M$10000,MATCH($N30,[5]光真稼働日早見表!$Q$3:$Q$10000,0),1) -> 46035 | P30: =INDEX([5]光真稼働日早見表!$N$3:$N$10000,MATCH($Q30,[5]光真稼働日早見表!$Q$3:$Q$10000,0),1) -> 46038 | Q30: 46042 | S30: ・ | T30: ・ | W30: ・ | Y30: ・ | AD30: ・ | AE30: ・ | AH30: ・ | AL30: ・ | AS30: ・ | AW30: ・ | AY30: ・ | AZ30: 000394027 | BA30: M社（Ｎ） | BC30: VU-LA004 | BD30: =COUNTIF(S30:AY30,"・") -> 11
A31: 21360 | E31: 8222 | I31: VU-LA004 | J31: 46029 | K31: 46042 | M31: ・ | N31: =IFERROR(INDEX([4]Ｖ８出荷・完了計画!$B$5:$B$2593,MATCH(A31,[4]Ｖ８出荷・完了計画!$M$5:$M$2593,0),1),N32) -> 46039 | O31: =INDEX([5]光真稼働日早見表!$M$3:$M$10000,MATCH($N31,[5]光真稼働日早見表!$Q$3:$Q$10000,0),1) -> 46035 | P31: =INDEX([5]光真稼働日早見表!$N$3:$N$10000,MATCH($Q31,[5]光真稼働日早見表!$Q$3:$Q$10000,0),1) -> 46038 | Q31: 46042 | S31: ・ | T31: ・ | W31: ・ | Y31: ・ | AD31: ・ | AE31: ・ | AH31: ・ | AL31: ・ | AS31: ・ | AW31: ・ | AY31: ・ | AZ31: 000394014 | BA31: M社（Ｎ） | BC31: VU-LA004 | BD31: =COUNTIF(S31:AY31,"・") -> 11
A32: 21361 | E32: 8223 | I32: VU-LB106 | J32: 46029 | K32: 46042 | M32: ・ | N32: =IFERROR(INDEX([4]Ｖ８出荷・完了計画!$B$5:$B$2593,MATCH(A32,[4]Ｖ８出荷・完了計画!$M$5:$M$2593,0),1),N33) -> 46041 | O32: =INDEX([5]光真稼働日早見表!$M$3:$M$10000,MATCH($N32,[5]光真稼働日早見表!$Q$3:$Q$10000,0),1) -> 46036 | P32: =INDEX([5]光真稼働日早見表!$N$3:$N$10000,MATCH($Q32,[5]光真稼働日早見表!$Q$3:$Q$10000,0),1) -> 46038 | Q32: 46042 | S32: ・ | T32: ・ | W32: ・ | Y32: ・ | AC32: ・ | AE32: ・ | AH32: ・ | AL32: ・ | AS32: ・ | AW32: ・ | AY32: ・ | AZ32: 000385411 | BA32: 南海 | BB32: 貝塚 | BC32: 東 | BD32: =COUNTIF(S32:AY32,"・") -> 11
A33: 21362 | E33: 8224 | I33: VU-LB106 | J33: 46029 | K33: 46042 | M33: ・ | N33: =IFERROR(INDEX([4]Ｖ８出荷・完了計画!$B$5:$B$2593,MATCH(A33,[4]Ｖ８出荷・完了計画!$M$5:$M$2593,0),1),N34) -> 46041 | O33: =INDEX([5]光真稼働日早見表!$M$3:$M$10000,MATCH($N33,[5]光真稼働日早見表!$Q$3:$Q$10000,0),1) -> 46036 | P33: =INDEX([5]光真稼働日早見表!$N$3:$N$10000,MATCH($Q33,[5]光真稼働日早見表!$Q$3:$Q$10000,0),1) -> 46038 | Q33: 46042 | S33: ・ | T33: ・ | W33: ・ | Y33: ・ | AC33: ・ | AE33: ・ | AH33: ・ | AL33: ・ | AS33: ・ | AW33: ・ | AY33: ・ | AZ33: 000385416 | BA33: 南海 | BB33: 初芝 | BD33: =COUNTIF(S33:AY33,"・") -> 11
A34: 21363 | E34: 8225 | I34: VU-LA004 | J34: 46030 | K34: 46043 | M34: ・ | N34: =IFERROR(INDEX([4]Ｖ８出荷・完了計画!$B$5:$B$2593,MATCH(A34,[4]Ｖ８出荷・完了計画!$M$5:$M$2593,0),1),N35) -> 46041 | O34: =INDEX([5]光真稼働日早見表!$M$3:$M$10000,MATCH($N34,[5]光真稼働日早見表!$Q$3:$Q$10000,0),1) -> 46036 | P34: =INDEX([5]光真稼働日早見表!$N$3:$N$10000,MATCH($Q34,[5]光真稼働日早見表!$Q$3:$Q$10000,0),1) -> 46039 | Q34: 46043 | S34: ・ | T34: ・ | W34: ・ | Y34: ・ | AD34: ・ | AE34: ・ | AH34: ・ | AL34: ・ | AS34: ・ | AW34: ・ | AY34: ・ | AZ34: 000394019 | BA34: M社（Ｎ） | BC34: VU-LA004 | BD34: =COUNTIF(S34:AY34,"・") -> 11
A35: 21364 | E35: 8226 | I35: VU-LA004 | J35: 46030 | K35: 46043 | M35: ・ | N35: =IFERROR(INDEX([4]Ｖ８出荷・完了計画!$B$5:$B$2593,MATCH(A35,[4]Ｖ８出荷・完了計画!$M$5:$M$2593,0),1),N36) -> 46042 | O35: =INDEX([5]光真稼働日早見表!$M$3:$M$10000,MATCH($N35,[5]光真稼働日早見表!$Q$3:$Q$10000,0),1) -> 46037 | P35: =INDEX([5]光真稼働日早見表!$N$3:$N$10000,MATCH($Q35,[5]光真稼働日早見表!$Q$3:$Q$10000,0),1) -> 46039 | Q35: 46043 | S35: ・ | T35: ・ | W35: ・ | Y35: ・ | AD35: ・ | AE35: ・ | AH35: ・ | AL35: ・ | AS35: ・ | AW35: ・ | AY35: ・ | AZ35: 000394021 | BA35: M社（Ｎ） | BC35: VU-LA004 | BD35: =COUNTIF(S35:AY35,"・") -> 11
A36: 21365 | E36: 8227 | I36: VU-LB106 | J36: 46030 | K36: 46043 | M36: ・ | N36: =IFERROR(INDEX([4]Ｖ８出荷・完了計画!$B$5:$B$2593,MATCH(A36,[4]Ｖ８出荷・完了計画!$M$5:$M$2593,0),1),N37) -> 46042 | O36: =INDEX([5]光真稼働日早見表!$M$3:$M$10000,MATCH($N36,[5]光真稼働日早見表!$Q$3:$Q$10000,0),1) -> 46037 | P36: =INDEX([5]光真稼働日早見表!$N$3:$N$10000,MATCH($Q36,[5]光真稼働日早見表!$Q$3:$Q$10000,0),1) -> 46039 | Q36: 46043 | S36: ・ | T36: ・ | W36: ・ | Y36: ・ | AC36: ・ | AE36: ・ | AH36: ・ | AL36: ・ | AS36: ・ | AW36: ・ | AY36: ・ | AZ36: 000385413 | BA36: 南海 | BB36: 沢ノ町 | BC36: 西 | BD36: =COUNTIF(S36:AY36,"・") -> 11
A37: 21366 | E37: 8228 | I37: VU-LB106 | J37: 46030 | K37: 46043 | M37: ・ | N37: =IFERROR(INDEX([4]Ｖ８出荷・完了計画!$B$5:$B$2593,MATCH(A37,[4]Ｖ８出荷・完了計画!$M$5:$M$2593,0),1),N38) -> 46042 | O37: =INDEX([5]光真稼働日早見表!$M$3:$M$10000,MATCH($N37,[5]光真稼働日早見表!$Q$3:$Q$10000,0),1) -> 46037 | P37: =INDEX([5]光真稼働日早見表!$N$3:$N$10000,MATCH($Q37,[5]光真稼働日早見表!$Q$3:$Q$10000,0),1) -> 46039 | Q37: 46043 | S37: ・ | T37: ・ | W37: ・ | Y37: ・ | AC37: ・ | AE37: ・ | AH37: ・ | AL37: ・ | AS37: ・ | AW37: ・ | AY37: ・ | AZ37: 000385414 | BA37: 南海 | BB37: 百舌鳥八幡 | BC37: 西 | BD37: =COUNTIF(S37:AY37,"・") -> 11
A38: 21367 | E38: 8229 | I38: VU-LB106 | J38: 46031 | K38: 46044 | M38: ・ | N38: =IFERROR(INDEX([4]Ｖ８出荷・完了計画!$B$5:$B$2593,MATCH(A38,[4]Ｖ８出荷・完了計画!$M$5:$M$2593,0),1),N39) -> 46043 | O38: =INDEX([5]光真稼働日早見表!$M$3:$M$10000,MATCH($N38,[5]光真稼働日早見表!$Q$3:$Q$10000,0),1) -> 46038 | P38: =INDEX([5]光真稼働日早見表!$N$3:$N$10000,MATCH($Q38,[5]光真稼働日早見表!$Q$3:$Q$10000,0),1) -> 46041 | Q38: 46044 | S38: ・ | T38: ・ | W38: ・ | Y38: ・ | AC38: ・ | AE38: ・ | AH38: ・ | AL38: ・ | AS38: ・ | AW38: ・ | AY38: ・ | AZ38: 000385412 | BA38: 南海 | BB38: 羽倉崎 | BC38: 東 | BD38: =COUNTIF(S38:AY38,"・") -> 11
A39: 21368 | E39: 8230 | I39: VU-LB106 | J39: 46035 | K39: 46045 | M39: ・ | N39: =IFERROR(INDEX([4]Ｖ８出荷・完了計画!$B$5:$B$2593,MATCH(A39,[4]Ｖ８出荷・完了計画!$M$5:$M$2593,0),1),N40) -> 46044 | O39: =INDEX([5]光真稼働日早見表!$M$3:$M$10000,MATCH($N39,[5]光真稼働日早見表!$Q$3:$Q$10000,0),1) -> 46039 | P39: =INDEX([5]光真稼働日早見表!$N$3:$N$10000,MATCH($Q39,[5]光真稼働日早見表!$Q$3:$Q$10000,0),1) -> 46042 | Q39: 46045 | S39: ・ | T39: ・ | W39: ・ | Y39: ・ | AC39: ・ | AE39: ・ | AH39: ・ | AL39: ・ | AS39: ・ | AW39: ・ | AY39: ・ | AZ39: 000385415 | BA39: 南海 | BB39: 関西空港 | BD39: =COUNTIF(S39:AY39,"・") -> 11
A40: 21369 | F40: 1254 | I40: VU-LB112 | J40: 46036 | K40: 46048 | M40: ・ | N40: =IFERROR(INDEX([4]Ｖ８出荷・完了計画!$B$5:$B$2593,MATCH(A40,[4]Ｖ８出荷・完了計画!$M$5:$M$2593,0),1),N41) -> 46045 | O40: =INDEX([5]光真稼働日早見表!$M$3:$M$10000,MATCH($N40,[5]光真稼働日早見表!$Q$3:$Q$10000,0),1) -> 46041 | P40: =INDEX([5]光真稼働日早見表!$N$3:$N$10000,MATCH($Q40,[5]光真稼働日早見表!$Q$3:$Q$10000,0),1) -> 46043 | Q40: 46048 | S40: ・ | T40: ・ | W40: ・ | Z40: ・ | AC40: ・ | AE40: ・ | AH40: ・ | AL40: ・ | AT40: ・ | AW40: ・ | AY40: ・ | AZ40: 000380741 | BA40: JR西 | BB40: 鷹取 | BD40: =COUNTIF(S40:AY40,"・") -> 11
A41: 21370 | E41: 8231 | I41: VU-LA004 | J41: 46043 | K41: 46055 | M41: ・ | N41: =IFERROR(INDEX([4]Ｖ８出荷・完了計画!$B$5:$B$2593,MATCH(A41,[4]Ｖ８出荷・完了計画!$M$5:$M$2593,0),1),N42) -> 46051 | O41: =INDEX([5]光真稼働日早見表!$M$3:$M$10000,MATCH($N41,[5]光真稼働日早見表!$Q$3:$Q$10000,0),1) -> 46045 | P41: =INDEX([5]光真稼働日早見表!$N$3:$N$10000,MATCH($Q41,[5]光真稼働日早見表!$Q$3:$Q$10000,0),1) -> 46050 | Q41: 46055 | S41: ・ | T41: ・ | W41: ・ | Y41: ・ | AD41: ・ | AE41: ・ | AH41: ・ | AL41: ・ | AS41: ・ | AW41: ・ | AY41: ・ | AZ41: 000384260 | BA41: M社（Ｎ） | BC41: VU-LA004 | BD41: =COUNTIF(S41:AY41,"・") -> 11
A42: 21371 | E42: 8232 | I42: VU-LA004 | J42: 46043 | K42: 46055 | M42: ・ | N42: =IFERROR(INDEX([4]Ｖ８出荷・完了計画!$B$5:$B$2593,MATCH(A42,[4]Ｖ８出荷・完了計画!$M$5:$M$2593,0),1),N43) -> 46052 | O42: =INDEX([5]光真稼働日早見表!$M$3:$M$10000,MATCH($N42,[5]光真稼働日早見表!$Q$3:$Q$10000,0),1) -> 46048 | P42: =INDEX([5]光真稼働日早見表!$N$3:$N$10000,MATCH($Q42,[5]光真稼働日早見表!$Q$3:$Q$10000,0),1) -> 46050 | Q42: 46055 | S42: ・ | T42: ・ | W42: ・ | Y42: ・ | AD42: ・ | AE42: ・ | AH42: ・ | AL42: ・ | AS42: ・ | AW42: ・ | AY42: ・ | AZ42: 000386911 | BA42: M社（Ｎ） | BC42: VU-LA004 | BD42: =COUNTIF(S42:AY42,"・") -> 11
A43: 21372 | E43: 8233 | I43: VU-LB106 | J43: 46044 | K43: 46056 | M43: ・ | N43: =IFERROR(INDEX([4]Ｖ８出荷・完了計画!$B$5:$B$2593,MATCH(A43,[4]Ｖ８出荷・完了計画!$M$5:$M$2593,0),1),N44) -> 46055 | O43: =INDEX([5]光真稼働日早見表!$M$3:$M$10000,MATCH($N43,[5]光真稼働日早見表!$Q$3:$Q$10000,0),1) -> 46049 | P43: =INDEX([5]光真稼働日早見表!$N$3:$N$10000,MATCH($Q43,[5]光真稼働日早見表!$Q$3:$Q$10000,0),1) -> 46051 | Q43: 46056 | S43: ・ | T43: ・ | W43: ・ | Y43: ・ | AC43: ・ | AE43: ・ | AH43: ・ | AL43: ・ | AS43: ・ | AW43: ・ | AY43: ・ | AZ43: 000377934 | BA43: 南海 | BB43: りんくうタウン | BD43: =COUNTIF(S43:AY43,"・") -> 11
A44: 21373 | H44: 3532 | I44: VU-LD091 | J44: 46051 | K44: 46063 | M44: ・ | N44: =IFERROR(INDEX([4]Ｖ８出荷・完了計画!$B$5:$B$2593,MATCH(A44,[4]Ｖ８出荷・完了計画!$M$5:$M$2593,0),1),N45) -> 46062 | O44: =INDEX([5]光真稼働日早見表!$M$3:$M$10000,MATCH($N44,[5]光真稼働日早見表!$Q$3:$Q$10000,0),1) -> 46056 | P44: =INDEX([5]光真稼働日早見表!$N$3:$N$10000,MATCH($Q44,[5]光真稼働日早見表!$Q$3:$Q$10000,0),1) -> 46058 | Q44: 46063 | S44: ・ | T44: ・ | W44: ・ | AA44: ・ | AC44: ・ | AG44: ・ | AK44: ・ | AO44: ・ | AV44: ・ | AW44: ・ | AY44: ・ | AZ44: 000382606 | BA44: JREM | BB44: 都留文科大学前駅 | BC44: 本屋 | BD44: =COUNTIF(S44:AY44,"・") -> 11
A45: 21374 | F45: 1255 | I45: VU-LB102 | J45: 46058 | K45: 46071 | M45: ・ | N45: =IFERROR(INDEX([4]Ｖ８出荷・完了計画!$B$5:$B$2593,MATCH(A45,[4]Ｖ８出荷・完了計画!$M$5:$M$2593,0),1),N46) -> 46070 | O45: =INDEX([5]光真稼働日早見表!$M$3:$M$10000,MATCH($N45,[5]光真稼働日早見表!$Q$3:$Q$10000,0),1) -> 46063 | P45: =INDEX([5]光真稼働日早見表!$N$3:$N$10000,MATCH($Q45,[5]光真稼働日早見表!$Q$3:$Q$10000,0),1) -> 46066 | Q45: 46071 | S45: ・ | T45: ・ | W45: ・ | Z45: ・ | AC45: ・ | AE45: ・ | AH45: ・ | AL45: ・ | AT45: ・ | AW45: ・ | AY45: ・ | AZ45: 000371350 | BA45: JR西 | BB45: 西明石 | BC45: VU-LB102 | BD45: =COUNTIF(S45:AY45,"・") -> 11
A46: 21375 | F46: 1256 | I46: VU-LB102 | J46: 46059 | K46: 46072 | M46: ・ | N46: =IFERROR(INDEX([4]Ｖ８出荷・完了計画!$B$5:$B$2593,MATCH(A46,[4]Ｖ８出荷・完了計画!$M$5:$M$2593,0),1),N47) -> 46071 | O46: =INDEX([5]光真稼働日早見表!$M$3:$M$10000,MATCH($N46,[5]光真稼働日早見表!$Q$3:$Q$10000,0),1) -> 46065 | P46: =INDEX([5]光真稼働日早見表!$N$3:$N$10000,MATCH($Q46,[5]光真稼働日早見表!$Q$3:$Q$10000,0),1) -> 46069 | Q46: 46072 | S46: ・ | T46: ・ | W46: ・ | Z46: ・ | AC46: ・ | AE46: ・ | AH46: ・ | AL46: ・ | AT46: ・ | AW46: ・ | AY46: ・ | AZ46: 000385311 | BA46: あいの風とやま（西） | BB46: トレセン | BC46: VU-LB102 | BD46: =COUNTIF(S46:AY46,"・") -> 11
A47: 21376 | B47: 3220 | I47: VU-LA007 | J47: 46072 | K47: 46085 | M47: ・ | N47: =IFERROR(INDEX([4]Ｖ８出荷・完了計画!$B$5:$B$2593,MATCH(A47,[4]Ｖ８出荷・完了計画!$M$5:$M$2593,0),1),N48) -> 46080 | O47: =INDEX([5]光真稼働日早見表!$M$3:$M$10000,MATCH($N47,[5]光真稼働日早見表!$Q$3:$Q$10000,0),1) -> 46073 | P47: =INDEX([5]光真稼働日早見表!$N$3:$N$10000,MATCH($Q47,[5]光真稼働日早見表!$Q$3:$Q$10000,0),1) -> 46080 | Q47: 46085 | S47: ・ | T47: ・ | W47: ・ | Y47: ・ | AD47: ・ | AE47: ・ | AH47: ・ | AL47: ・ | AP47: ・ | AX47: ・ | AY47: ・ | AZ47: 000398704 | BA47: N社（Ｎ） | BC47: VU-LA007 | BD47: =COUNTIF(S47:AY47,"・") -> 11
A48: 21377 | B48: 3221 | I48: VU-LA007 | J48: 46073 | K48: 46086 | M48: ・ | N48: =IFERROR(INDEX([4]Ｖ８出荷・完了計画!$B$5:$B$2593,MATCH(A48,[4]Ｖ８出荷・完了計画!$M$5:$M$2593,0),1),N49) -> 46083 | O48: =INDEX([5]光真稼働日早見表!$M$3:$M$10000,MATCH($N48,[5]光真稼働日早見表!$Q$3:$Q$10000,0),1) -> 46077 | P48: =INDEX([5]光真稼働日早見表!$N$3:$N$10000,MATCH($Q48,[5]光真稼働日早見表!$Q$3:$Q$10000,0),1) -> 46083 | Q48: 46086 | S48: ・ | T48: ・ | W48: ・ | Y48: ・ | AD48: ・ | AE48: ・ | AH48: ・ | AL48: ・ | AP48: ・ | AX48: ・ | AY48: ・ | AZ48: 000398707 | BA48: N社（Ｎ） | BC48: VU-LA007 | BD48: =COUNTIF(S48:AY48,"・") -> 11
A49: 21378 | B49: 3222 | I49: VU-LA007 | J49: 46077 | K49: 46087 | M49: ・ | N49: =IFERROR(INDEX([4]Ｖ８出荷・完了計画!$B$5:$B$2593,MATCH(A49,[4]Ｖ８出荷・完了計画!$M$5:$M$2593,0),1),N50) -> 46084 | O49: =INDEX([5]光真稼働日早見表!$M$3:$M$10000,MATCH($N49,[5]光真稼働日早見表!$Q$3:$Q$10000,0),1) -> 46078 | P49: =INDEX([5]光真稼働日早見表!$N$3:$N$10000,MATCH($Q49,[5]光真稼働日早見表!$Q$3:$Q$10000,0),1) -> 46084 | Q49: 46087 | S49: ・ | T49: ・ | W49: ・ | Y49: ・ | AD49: ・ | AE49: ・ | AH49: ・ | AL49: ・ | AP49: ・ | AX49: ・ | AY49: ・ | AZ49: 000398709 | BA49: N社（Ｎ） | BC49: VU-LA007 | BD49: =COUNTIF(S49:AY49,"・") -> 11
A50: 21379 | B50: 3223 | I50: VU-LA007 | J50: 46078 | K50: 46090 | M50: ・ | N50: =IFERROR(INDEX([4]Ｖ８出荷・完了計画!$B$5:$B$2593,MATCH(A50,[4]Ｖ８出荷・完了計画!$M$5:$M$2593,0),1),N51) -> 46085 | O50: =INDEX([5]光真稼働日早見表!$M$3:$M$10000,MATCH($N50,[5]光真稼働日早見表!$Q$3:$Q$10000,0),1) -> 46079 | P50: =INDEX([5]光真稼働日早見表!$N$3:$N$10000,MATCH($Q50,[5]光真稼働日早見表!$Q$3:$Q$10000,0),1) -> 46085 | Q50: 46090 | S50: ・ | T50: ・ | W50: ・ | Y50: ・ | AD50: ・ | AE50: ・ | AH50: ・ | AL50: ・ | AP50: ・ | AX50: ・ | AY50: ・ | AZ50: 000398706 | BA50: N社（Ｎ） | BC50: VU-LA007 | BD50: =COUNTIF(S50:AY50,"・") -> 11
A51: 21380 | B51: 3224 | I51: VU-LA007 | J51: 46079 | K51: 46091 | M51: ・ | N51: =IFERROR(INDEX([4]Ｖ８出荷・完了計画!$B$5:$B$2593,MATCH(A51,[4]Ｖ８出荷・完了計画!$M$5:$M$2593,0),1),N52) -> 46086 | O51: =INDEX([5]光真稼働日早見表!$M$3:$M$10000,MATCH($N51,[5]光真稼働日早見表!$Q$3:$Q$10000,0),1) -> 46080 | P51: =INDEX([5]光真稼働日早見表!$N$3:$N$10000,MATCH($Q51,[5]光真稼働日早見表!$Q$3:$Q$10000,0),1) -> 46086 | Q51: 46091 | S51: ・ | T51: ・ | W51: ・ | Y51: ・ | AD51: ・ | AE51: ・ | AH51: ・ | AL51: ・ | AP51: ・ | AX51: ・ | AY51: ・ | AZ51: 000389162 | BA51: N社（Ｎ） | BC51: VU-LA007 | BD51: =COUNTIF(S51:AY51,"・") -> 11
A52: 21381 | B52: 3225 | I52: VU-LA007 | J52: 46080 | K52: 46092 | M52: ・ | N52: =IFERROR(INDEX([4]Ｖ８出荷・完了計画!$B$5:$B$2593,MATCH(A52,[4]Ｖ８出荷・完了計画!$M$5:$M$2593,0),1),N53) -> 46087 | O52: =INDEX([5]光真稼働日早見表!$M$3:$M$10000,MATCH($N52,[5]光真稼働日早見表!$Q$3:$Q$10000,0),1) -> 46083 | P52: =INDEX([5]光真稼働日早見表!$N$3:$N$10000,MATCH($Q52,[5]光真稼働日早見表!$Q$3:$Q$10000,0),1) -> 46087 | Q52: 46092 | S52: ・ | T52: ・ | W52: ・ | Y52: ・ | AD52: ・ | AE52: ・ | AH52: ・ | AL52: ・ | AP52: ・ | AX52: ・ | AY52: ・ | AZ52: 000398705 | BA52: N社（Ｎ） | BC52: VU-LA007 | BD52: =COUNTIF(S52:AY52,"・") -> 11
A53: 21382 | H53: 3533 | I53: VU-LD091 | J53: 46080 | K53: 46092 | M53: ・ | N53: =IFERROR(INDEX([4]Ｖ８出荷・完了計画!$B$5:$B$2593,MATCH(A53,[4]Ｖ８出荷・完了計画!$M$5:$M$2593,0),1),N54) -> 46090 | O53: =INDEX([5]光真稼働日早見表!$M$3:$M$10000,MATCH($N53,[5]光真稼働日早見表!$Q$3:$Q$10000,0),1) -> 46084 | P53: =INDEX([5]光真稼働日早見表!$N$3:$N$10000,MATCH($Q53,[5]光真稼働日早見表!$Q$3:$Q$10000,0),1) -> 46087 | Q53: 46092 | S53: ・ | T53: ・ | W53: ・ | AA53: ・ | AC53: ・ | AG53: ・ | AK53: ・ | AO53: ・ | AV53: ・ | AW53: ・ | AY53: ・ | AZ53: 000397524 | BA53: JREM | BB53: 昭和島駅 | BC53: 待合室 | BD53: =COUNTIF(S53:AY53,"・") -> 11
A54: 21383 | B54: 3226 | I54: VU-LA007 | J54: 46083 | K54: 46093 | M54: ・ | N54: =IFERROR(INDEX([4]Ｖ８出荷・完了計画!$B$5:$B$2593,MATCH(A54,[4]Ｖ８出荷・完了計画!$M$5:$M$2593,0),1),N55) -> 46091 | O54: =INDEX([5]光真稼働日早見表!$M$3:$M$10000,MATCH($N54,[5]光真稼働日早見表!$Q$3:$Q$10000,0),1) -> 46085 | P54: =INDEX([5]光真稼働日早見表!$N$3:$N$10000,MATCH($Q54,[5]光真稼働日早見表!$Q$3:$Q$10000,0),1) -> 46090 | Q54: 46093 | S54: ・ | T54: ・ | W54: ・ | Y54: ・ | AD54: ・ | AE54: ・ | AH54: ・ | AL54: ・ | AP54: ・ | AX54: ・ | AY54: ・ | AZ54: 000398708 | BA54: N社（Ｎ） | BC54: VU-LA007 | BD54: =COUNTIF(S54:AY54,"・") -> 11
A55: 21384 | H55: 3534 | I55: VU-LD091 | J55: 46083 | K55: 46093 | M55: ・ | N55: =IFERROR(INDEX([4]Ｖ８出荷・完了計画!$B$5:$B$2593,MATCH(A55,[4]Ｖ８出荷・完了計画!$M$5:$M$2593,0),1),N56) -> 46092 | O55: =INDEX([5]光真稼働日早見表!$M$3:$M$10000,MATCH($N55,[5]光真稼働日早見表!$Q$3:$Q$10000,0),1) -> 46086 | P55: =INDEX([5]光真稼働日早見表!$N$3:$N$10000,MATCH($Q55,[5]光真稼働日早見表!$Q$3:$Q$10000,0),1) -> 46090 | Q55: 46093 | S55: ・ | T55: ・ | W55: ・ | AA55: ・ | AC55: ・ | AG55: ・ | AK55: ・ | AO55: ・ | AV55: ・ | AW55: ・ | AY55: ・ | AZ55: 000397525 | BA55: JREM | BB55: 整備場 | BC55: 本屋 | BD55: =COUNTIF(S55:AY55,"・") -> 11
A56: 21385 | H56: 3535 | I56: VU-LD091 | J56: 46085 | K56: 46097 | M56: ・ | N56: =IFERROR(INDEX([4]Ｖ８出荷・完了計画!$B$5:$B$2593,MATCH(A56,[4]Ｖ８出荷・完了計画!$M$5:$M$2593,0),1),N57) -> 46094 | O56: =INDEX([5]光真稼働日早見表!$M$3:$M$10000,MATCH($N56,[5]光真稼働日早見表!$Q$3:$Q$10000,0),1) -> 46090 | P56: =INDEX([5]光真稼働日早見表!$N$3:$N$10000,MATCH($Q56,[5]光真稼働日早見表!$Q$3:$Q$10000,0),1) -> 46092 | Q56: 46097 | S56: ・ | T56: ・ | W56: ・ | AA56: ・ | AC56: ・ | AG56: ・ | AK56: ・ | AO56: ・ | AV56: ・ | AW56: ・ | AY56: ・ | AZ56: 000397523 | BA56: JREM | BB56: 大井競馬場前 | BD56: =COUNTIF(S56:AY56,"・") -> 11
A57: 21386 | F57: 1257 | I57: VU-LB112 | J57: 46087 | K57: 46099 | M57: ・ | N57: =IFERROR(INDEX([4]Ｖ８出荷・完了計画!$B$5:$B$2593,MATCH(A57,[4]Ｖ８出荷・完了計画!$M$5:$M$2593,0),1),N58) -> 46097 | O57: =INDEX([5]光真稼働日早見表!$M$3:$M$10000,MATCH($N57,[5]光真稼働日早見表!$Q$3:$Q$10000,0),1) -> 46091 | P57: =INDEX([5]光真稼働日早見表!$N$3:$N$10000,MATCH($Q57,[5]光真稼働日早見表!$Q$3:$Q$10000,0),1) -> 46094 | Q57: 46099 | S57: ・ | T57: ・ | W57: ・ | Z57: ・ | AC57: ・ | AE57: ・ | AH57: ・ | AL57: ・ | AT57: ・ | AW57: ・ | AY57: ・ | AZ57: 000390898 | BA57: JR西 | BB57: 南田辺 | BD57: =COUNTIF(S57:AY57,"・") -> 11
A58: 21387 | H58: 3536 | I58: VU-LD091 | J58: 46087 | K58: 46099 | M58: ・ | N58: =IFERROR(INDEX([4]Ｖ８出荷・完了計画!$B$5:$B$2593,MATCH(A58,[4]Ｖ８出荷・完了計画!$M$5:$M$2593,0),1),N59) -> 46098 | O58: =INDEX([5]光真稼働日早見表!$M$3:$M$10000,MATCH($N58,[5]光真稼働日早見表!$Q$3:$Q$10000,0),1) -> 46092 | P58: =INDEX([5]光真稼働日早見表!$N$3:$N$10000,MATCH($Q58,[5]光真稼働日早見表!$Q$3:$Q$10000,0),1) -> 46094 | Q58: 46099 | S58: ・ | T58: ・ | W58: ・ | AA58: ・ | AC58: ・ | AG58: ・ | AK58: ・ | AO58: ・ | AV58: ・ | AW58: ・ | AY58: ・ | AZ58: 000389155 | BA58: JREM | BB58: 流通センター | BC58: 本屋 | BD58: =COUNTIF(S58:AY58,"・") -> 11
A59: 21388 | F59: 1258 | I59: VU-LB112 | J59: 46090 | K59: 46100 | M59: ・ | N59: =IFERROR(INDEX([4]Ｖ８出荷・完了計画!$B$5:$B$2593,MATCH(A59,[4]Ｖ８出荷・完了計画!$M$5:$M$2593,0),1),N60) -> 46099 | O59: =INDEX([5]光真稼働日早見表!$M$3:$M$10000,MATCH($N59,[5]光真稼働日早見表!$Q$3:$Q$10000,0),1) -> 46093 | P59: =INDEX([5]光真稼働日早見表!$N$3:$N$10000,MATCH($Q59,[5]光真稼働日早見表!$Q$3:$Q$10000,0),1) -> 46097 | Q59: 46100 | S59: ・ | T59: ・ | W59: ・ | Z59: ・ | AC59: ・ | AE59: ・ | AH59: ・ | AL59: ・ | AT59: ・ | AW59: ・ | AY59: ・ | AZ59: 000390886 | BA59: JR西 | BB59: 富木 | BC59: 西口 | BD59: =COUNTIF(S59:AY59,"・") -> 11
A60: 21389 | F60: 1259 | I60: VU-LB112 | J60: 46091 | K60: 46104 | M60: ・ | N60: =IFERROR(INDEX([4]Ｖ８出荷・完了計画!$B$5:$B$2593,MATCH(A60,[4]Ｖ８出荷・完了計画!$M$5:$M$2593,0),1),N61) -> 46100 | O60: =INDEX([5]光真稼働日早見表!$M$3:$M$10000,MATCH($N60,[5]光真稼働日早見表!$Q$3:$Q$10000,0),1) -> 46094 | P60: =INDEX([5]光真稼働日早見表!$N$3:$N$10000,MATCH($Q60,[5]光真稼働日早見表!$Q$3:$Q$10000,0),1) -> 46098 | Q60: 46104 | S60: ・ | T60: ・ | W60: ・ | Z60: ・ | AC60: ・ | AE60: ・ | AH60: ・ | AL60: ・ | AT60: ・ | AW60: ・ | AY60: ・ | AZ60: 000390892 | BA60: JR西 | BB60: 富木 | BC60: 東口 | BD60: =COUNTIF(S60:AY60,"・") -> 11
A61: 21390 | F61: 1260 | I61: VU-LB112 | J61: 46092 | K61: 46105 | M61: ・ | N61: =IFERROR(INDEX([4]Ｖ８出荷・完了計画!$B$5:$B$2593,MATCH(A61,[4]Ｖ８出荷・完了計画!$M$5:$M$2593,0),1),N62) -> 46104 | O61: =INDEX([5]光真稼働日早見表!$M$3:$M$10000,MATCH($N61,[5]光真稼働日早見表!$Q$3:$Q$10000,0),1) -> 46097 | P61: =INDEX([5]光真稼働日早見表!$N$3:$N$10000,MATCH($Q61,[5]光真稼働日早見表!$Q$3:$Q$10000,0),1) -> 46099 | Q61: 46105 | S61: ・ | T61: ・ | W61: ・ | Z61: ・ | AC61: ・ | AE61: ・ | AH61: ・ | AL61: ・ | AT61: ・ | AW61: ・ | AY61: ・ | AZ61: 000390904 | BA61: JR西 | BB61: 浅香 | BD61: =COUNTIF(S61:AY61,"・") -> 11
A62: 21391 | F62: 1261 | I62: VU-LB112 | J62: 46093 | K62: 46106 | M62: ・ | N62: =IFERROR(INDEX([4]Ｖ８出荷・完了計画!$B$5:$B$2593,MATCH(A62,[4]Ｖ８出荷・完了計画!$M$5:$M$2593,0),1),N63) -> 46105 | O62: =INDEX([5]光真稼働日早見表!$M$3:$M$10000,MATCH($N62,[5]光真稼働日早見表!$Q$3:$Q$10000,0),1) -> 46098 | P62: =INDEX([5]光真稼働日早見表!$N$3:$N$10000,MATCH($Q62,[5]光真稼働日早見表!$Q$3:$Q$10000,0),1) -> 46100 | Q62: 46106 | S62: ・ | T62: ・ | W62: ・ | Z62: ・ | AC62: ・ | AE62: ・ | AH62: ・ | AL62: ・ | AT62: ・ | AW62: ・ | AY62: ・ | AZ62: 000394157 | BA62: JR西 | BB62: 紀三井寺 | BC62: 西口 | BD62: =COUNTIF(S62:AY62,"・") -> 11
A63: 21392 | E63: 8234 | I63: VU-LB106 | J63: 46093 | K63: 46113 | M63: ・ | N63: =IFERROR(INDEX([4]Ｖ８出荷・完了計画!$B$5:$B$2593,MATCH(A63,[4]Ｖ８出荷・完了計画!$M$5:$M$2593,0),1),N64) -> 46112 | O63: =INDEX([5]光真稼働日早見表!$M$3:$M$10000,MATCH($N63,[5]光真稼働日早見表!$Q$3:$Q$10000,0),1) -> 46106 | P63: =INDEX([5]光真稼働日早見表!$N$3:$N$10000,MATCH($Q63,[5]光真稼働日早見表!$Q$3:$Q$10000,0),1) -> 46108 | Q63: 46113 | S63: ・ | T63: ・ | W63: ・ | Y63: ・ | AC63: ・ | AE63: ・ | AH63: ・ | AL63: ・ | AS63: ・ | AW63: ・ | AY63: ・ | AZ63: 000385304 | BA63: 南海 | BB63: 浜寺公園 | BC63: 未定 | BD63: =COUNTIF(S63:AY63,"・") -> 11
A64: 21393 | H64: 3537 | I64: VU-LD091 | J64: 46094 | K64: 46114 | M64: ・ | N64: =IFERROR(INDEX([4]Ｖ８出荷・完了計画!$B$5:$B$2593,MATCH(A64,[4]Ｖ８出荷・完了計画!$M$5:$M$2593,0),1),N65) -> 46113 | O64: =INDEX([5]光真稼働日早見表!$M$3:$M$10000,MATCH($N64,[5]光真稼働日早見表!$Q$3:$Q$10000,0),1) -> 46107 | P64: =INDEX([5]光真稼働日早見表!$N$3:$N$10000,MATCH($Q64,[5]光真稼働日早見表!$Q$3:$Q$10000,0),1) -> 46111 | Q64: 46114 | S64: ・ | T64: ・ | W64: ・ | AA64: ・ | AC64: ・ | AG64: ・ | AK64: ・ | AO64: ・ | AV64: ・ | AW64: ・ | AY64: ・ | AZ64: 000393688 | BA64: JREM | BB64: 羽田空港第３ターミナル | BC64: ３Ｆ改札 | BD64: =COUNTIF(S64:AY64,"・") -> 11
A65: 21394 | H65: 3538 | I65: VU-LD091 | J65: 46097 | K65: 46115 | M65: ・ | N65: =IFERROR(INDEX([4]Ｖ８出荷・完了計画!$B$5:$B$2593,MATCH(A65,[4]Ｖ８出荷・完了計画!$M$5:$M$2593,0),1),N66) -> 46114 | O65: =INDEX([5]光真稼働日早見表!$M$3:$M$10000,MATCH($N65,[5]光真稼働日早見表!$Q$3:$Q$10000,0),1) -> 46108 | P65: =INDEX([5]光真稼働日早見表!$N$3:$N$10000,MATCH($Q65,[5]光真稼働日早見表!$Q$3:$Q$10000,0),1) -> 46112 | Q65: 46115 | S65: ・ | T65: ・ | W65: ・ | AA65: ・ | AC65: ・ | AG65: ・ | AK65: ・ | AO65: ・ | AV65: ・ | AW65: ・ | AY65: ・ | AZ65: 000397526 | BA65: JREM | BB65: 羽田空港第1ターミナル | BC65: 南 | BD65: =COUNTIF(S65:AY65,"・") -> 11
A66: 21395 | H66: 3539 | I66: VU-LD091 | J66: 46098 | K66: 46118 | M66: ・ | N66: =IFERROR(INDEX([4]Ｖ８出荷・完了計画!$B$5:$B$2593,MATCH(A66,[4]Ｖ８出荷・完了計画!$M$5:$M$2593,0),1),N67) -> 46115 | O66: =INDEX([5]光真稼働日早見表!$M$3:$M$10000,MATCH($N66,[5]光真稼働日早見表!$Q$3:$Q$10000,0),1) -> 46111 | P66: =INDEX([5]光真稼働日早見表!$N$3:$N$10000,MATCH($Q66,[5]光真稼働日早見表!$Q$3:$Q$10000,0),1) -> 46113 | Q66: 46118 | S66: ・ | T66: ・ | W66: ・ | AA66: ・ | AC66: ・ | AG66: ・ | AK66: ・ | AO66: ・ | AV66: ・ | AW66: ・ | AY66: ・ | AZ66: 000397527 | BA66: JREM | BB66: 羽田空港第1ターミナル | BC66: 北 | BD66: =COUNTIF(S66:AY66,"・") -> 11
A67: 21396 | H67: 3540 | I67: VU-LD091 | J67: 46112 | K67: 46127 | M67: ・ | N67: =IFERROR(INDEX([4]Ｖ８出荷・完了計画!$B$5:$B$2593,MATCH(A67,[4]Ｖ８出荷・完了計画!$M$5:$M$2593,0),1),N68) -> 46121 | O67: =INDEX([5]光真稼働日早見表!$M$3:$M$10000,MATCH($N67,[5]光真稼働日早見表!$Q$3:$Q$10000,0),1) -> 46115 | P67: =INDEX([5]光真稼働日早見表!$N$3:$N$10000,MATCH($Q67,[5]光真稼働日早見表!$Q$3:$Q$10000,0),1) -> 46122 | Q67: 46127 | S67: ・ | T67: ・ | W67: ・ | AA67: ・ | AC67: ・ | AG67: ・ | AK67: ・ | AO67: ・ | AV67: ・ | AW67: ・ | AY67: ・ | AZ67: 000397529 | BA67: JREM | BB67: 羽田空港第2ターミナル | BC67: 南 | BD67: =COUNTIF(S67:AY67,"・") -> 11
A68: 21397 | F68: 1262 | I68: VU-LB112 | J68: 46118 | K68: 46128 | M68: ・ | N68: =IFERROR(INDEX([4]Ｖ８出荷・完了計画!$B$5:$B$2593,MATCH(A68,[4]Ｖ８出荷・完了計画!$M$5:$M$2593,0),1),N69) -> 46122 | O68: =INDEX([5]光真稼働日早見表!$M$3:$M$10000,MATCH($N68,[5]光真稼働日早見表!$Q$3:$Q$10000,0),1) -> 46118 | P68: =INDEX([5]光真稼働日早見表!$N$3:$N$10000,MATCH($Q68,[5]光真稼働日早見表!$Q$3:$Q$10000,0),1) -> 46125 | Q68: 46128 | S68: ・ | T68: ・ | W68: ・ | Z68: ・ | AC68: ・ | AE68: ・ | AH68: ・ | AL68: ・ | AT68: ・ | AW68: ・ | AY68: ・ | AZ68: 000394163 | BA68: JR西 | BB68: 新家 | BC68: 西口 | BD68: =COUNTIF(S68:AY68,"・") -> 11
A69: 21398 | F69: 1263 | I69: VU-LB112 | J69: 46118 | K69: 46128 | M69: ・ | N69: =IFERROR(INDEX([4]Ｖ８出荷・完了計画!$B$5:$B$2593,MATCH(A69,[4]Ｖ８出荷・完了計画!$M$5:$M$2593,0),1),N70) -> 46125 | O69: =INDEX([5]光真稼働日早見表!$M$3:$M$10000,MATCH($N69,[5]光真稼働日早見表!$Q$3:$Q$10000,0),1) -> 46119 | P69: =INDEX([5]光真稼働日早見表!$N$3:$N$10000,MATCH($Q69,[5]光真稼働日早見表!$Q$3:$Q$10000,0),1) -> 46125 | Q69: 46128 | S69: ・ | T69: ・ | W69: ・ | Z69: ・ | AC69: ・ | AE69: ・ | AH69: ・ | AL69: ・ | AT69: ・ | AW69: ・ | AY69: ・ | AZ69: 000394169 | BA69: JR西 | BB69: 新家 | BC69: 東口 | BD69: =COUNTIF(S69:AY69,"・") -> 11
A70: 21399 | F70: 1264 | I70: VU-LB112 | J70: 46118 | K70: 46128 | M70: ・ | N70: =IFERROR(INDEX([4]Ｖ８出荷・完了計画!$B$5:$B$2593,MATCH(A70,[4]Ｖ８出荷・完了計画!$M$5:$M$2593,0),1),N71) -> 46126 | O70: =INDEX([5]光真稼働日早見表!$M$3:$M$10000,MATCH($N70,[5]光真稼働日早見表!$Q$3:$Q$10000,0),1) -> 46120 | P70: =INDEX([5]光真稼働日早見表!$N$3:$N$10000,MATCH($Q70,[5]光真稼働日早見表!$Q$3:$Q$10000,0),1) -> 46125 | Q70: 46128 | S70: ・ | T70: ・ | W70: ・ | Z70: ・ | AC70: ・ | AE70: ・ | AH70: ・ | AL70: ・ | AT70: ・ | AW70: ・ | AY70: ・ | AZ70: 000394175 | BA70: JR西 | BB70: 長居 | BD70: =COUNTIF(S70:AY70,"・") -> 11
A71: 21400 | F71: 1265 | I71: VU-LB112 | J71: 46118 | K71: 46128 | M71: ・ | N71: =IFERROR(INDEX([4]Ｖ８出荷・完了計画!$B$5:$B$2593,MATCH(A71,[4]Ｖ８出荷・完了計画!$M$5:$M$2593,0),1),N72) -> 46127 | O71: =INDEX([5]光真稼働日早見表!$M$3:$M$10000,MATCH($N71,[5]光真稼働日早見表!$Q$3:$Q$10000,0),1) -> 46121 | P71: =INDEX([5]光真稼働日早見表!$N$3:$N$10000,MATCH($Q71,[5]光真稼働日早見表!$Q$3:$Q$10000,0),1) -> 46125 | Q71: 46128 | S71: ・ | T71: ・ | W71: ・ | Z71: ・ | AC71: ・ | AE71: ・ | AH71: ・ | AL71: ・ | AT71: ・ | AW71: ・ | AY71: ・ | AZ71: 000394181 | BA71: JR西 | BB71: 大正 | BD71: =COUNTIF(S71:AY71,"・") -> 11
A72: 21401 | H72: 3541 | I72: VU-LD091 | J72: 46115 | K72: 46132 | M72: ・ | N72: =IFERROR(INDEX([4]Ｖ８出荷・完了計画!$B$5:$B$2593,MATCH(A72,[4]Ｖ８出荷・完了計画!$M$5:$M$2593,0),1),N73) -> 46128 | O72: =INDEX([5]光真稼働日早見表!$M$3:$M$10000,MATCH($N72,[5]光真稼働日早見表!$Q$3:$Q$10000,0),1) -> 46122 | P72: =INDEX([5]光真稼働日早見表!$N$3:$N$10000,MATCH($Q72,[5]光真稼働日早見表!$Q$3:$Q$10000,0),1) -> 46127 | Q72: 46132 | S72: ・ | T72: ・ | W72: ・ | AA72: ・ | AC72: ・ | AG72: ・ | AK72: ・ | AO72: ・ | AV72: ・ | AW72: ・ | AY72: ・ | AZ72: 000397528 | BA72: JREM | BB72: 羽田空港第2ターミナル | BC72: 北 | BD72: =COUNTIF(S72:AY72,"・") -> 11
A73: 21402 | F73: 1266 | I73: VU-LB112 | J73: 46118 | K73: 46133 | M73: ・ | N73: =IFERROR(INDEX([4]Ｖ８出荷・完了計画!$B$5:$B$2593,MATCH(A73,[4]Ｖ８出荷・完了計画!$M$5:$M$2593,0),1),N74) -> 46129 | O73: =INDEX([5]光真稼働日早見表!$M$3:$M$10000,MATCH($N73,[5]光真稼働日早見表!$Q$3:$Q$10000,0),1) -> 46125 | P73: =INDEX([5]光真稼働日早見表!$N$3:$N$10000,MATCH($Q73,[5]光真稼働日早見表!$Q$3:$Q$10000,0),1) -> 46128 | Q73: 46133 | S73: ・ | T73: ・ | W73: ・ | Z73: ・ | AC73: ・ | AE73: ・ | AH73: ・ | AL73: ・ | AT73: ・ | AW73: ・ | AY73: ・ | AZ73: 000390814 | BA73: JR西 | BB73: 新大阪 | BD73: =COUNTIF(S73:AY73,"・") -> 11
A74: 21403 | F74: 1267 | I74: VU-LB112 | J74: 46118 | K74: 46133 | M74: ・ | N74: =IFERROR(INDEX([4]Ｖ８出荷・完了計画!$B$5:$B$2593,MATCH(A74,[4]Ｖ８出荷・完了計画!$M$5:$M$2593,0),1),N75) -> 46132 | O74: =INDEX([5]光真稼働日早見表!$M$3:$M$10000,MATCH($N74,[5]光真稼働日早見表!$Q$3:$Q$10000,0),1) -> 46126 | P74: =INDEX([5]光真稼働日早見表!$N$3:$N$10000,MATCH($Q74,[5]光真稼働日早見表!$Q$3:$Q$10000,0),1) -> 46128 | Q74: 46133 | S74: ・ | T74: ・ | W74: ・ | Z74: ・ | AC74: ・ | AE74: ・ | AH74: ・ | AL74: ・ | AT74: ・ | AW74: ・ | AY74: ・ | AZ74: 000395227 | BA74: JR西 | BB74: 新大阪 | BD74: =COUNTIF(S74:AY74,"・") -> 11
A75: 21404 | F75: 1268 | I75: VU-LB112 | J75: 46120 | K75: 46135 | M75: ・ | N75: =IFERROR(INDEX([4]Ｖ８出荷・完了計画!$B$5:$B$2593,MATCH(A75,[4]Ｖ８出荷・完了計画!$M$5:$M$2593,0),1),N76) -> 46134 | O75: =INDEX([5]光真稼働日早見表!$M$3:$M$10000,MATCH($N75,[5]光真稼働日早見表!$Q$3:$Q$10000,0),1) -> 46128 | P75: =INDEX([5]光真稼働日早見表!$N$3:$N$10000,MATCH($Q75,[5]光真稼働日早見表!$Q$3:$Q$10000,0),1) -> 46132 | Q75: 46135 | S75: ・ | T75: ・ | W75: ・ | Z75: ・ | AC75: ・ | AE75: ・ | AH75: ・ | AL75: ・ | AT75: ・ | AW75: ・ | AY75: ・ | AZ75: 000391333 | BA75: JR西 | BB75: 美章園 | BD75: =COUNTIF(S75:AY75,"・") -> 11

Sheet V8structure 
A1: Ｖ８－ＢＨ UNIT STRUCTURE （2019/12/6）
A2: . | C2: 1 | D2: 2 | E2: 3 | F2: 4 | G2: 5 | H2: 6 | I2: 7 | J2: 8 | K2: 9 | L2: 10 | M2: 11 | N2: 12 | O2: 13 | P2: 14 | Q2: 15 | R2: 16 | S2: 17 | T2: 18 | U2: 19 | V2: 20 | W2: 21 | X2: 22 | Y2: 23 | Z2: 24 | AA2: 25 | AB2: 26 | AC2: 27 | AD2: 28 | AE2: 29 | AF2: 30 | AG2: 31 | AH2: 32 | AI2: 33 | AJ2: 34 | AK2: 35 | AL2: 36 | AM2: 37 | AN2: 38 | AO2: 39 | AP2: 40 | AQ2: 41 | AR2: 42 | AS2: 43 | AT2: 44 | AU2: 45 | AV2: 46 | AW2: 47 | AX2: 48 | AY2: 49 | AZ2: 50
C3: production | D3: KMP | E3: KMP | F3: KMP | G3: KMP | H3: KMP | I3: KMP | J3: KMP | K3: KMP | L3: KMP | M3: KMP | N3: KMP | O3: KMP | P3: KMP | Q3: KMP | R3: KMP | S3: KMP | T3: KMP | U3: KMP | V3: KMP | W3: KMP | X3: KMP | Y3: KMP | Z3: KMP | AA3: J-KOSS | AB3: J-KOSS | AC3: J-KOSS | AD3: J-KOSS | AE3: J-KOSS | AF3: J-KOSS | AG3: J-KOSS | AH3: J-KOSS | AI3: J-KOSS | AJ3: J-KOSS | AL3: OSS | AM3: OSS
C4: UNIT No | D4: 0184429-0 | E4: 1876212-3 | F4: 3249850-1 | G4: 3139386-2 | H4: 1876278-6 | I4: 3729591-9 | J4: 0184763-0 | K4: 9064355-4 | L4: 9912506-8 | M4: 1876267-0 | N4: 3729668-0 | O4: 1876265-4 | P4: 1876242-5 | Q4: 3139392-7 | R4: 1876244-1 | S4: 1868741-5 | T4: 3139382-0 | U4: 1868739-3 | V4: 5343350-7 | W4: 1868742-3 | X4: 3139404-4 | Y4: 1868740-7 | Z4: 5343349-3 | AA4: 1892440-9 | AB4: 3729514-5 | AC4: 3247289-8 | AD4: 0184427-4 | AE4: 9066030-0 | AF4: 3139406-0 | AG4: 9912561-0 | AH4: 1876275-1 | AI4: 1892439-5 | AJ4: 1876277-8 | AL4: 0184762-1 | AM4: 1878529-8
C5: UNIT No | D5: 184 | E5: 1876 | F5: 3249 | G5: 3139 | H5: 1876 | I5: 3729 | J5: 184 | K5: 9064 | L5: 9912 | M5: 1876 | N5: 3729 | O5: 1876 | P5: 1876 | Q5: 3139 | R5: 1876 | S5: 1868 | T5: 3139 | U5: 1868 | V5: 5343 | W5: 1868 | X5: 3139 | Y5: 1868 | Z5: 5343 | AA5: 1892 | AB5: 3729 | AC5: 3247 | AD5: 184 | AE5: 9066 | AF5: 3139 | AG5: 9912 | AH5: 1876 | AI5: 1892 | AJ5: 1876 | AL5: 184 | AM5: 1878
D6: 429-0 | E6: 212-3 | F6: 850-1 | G6: 386-2 | H6: 278-6 | I6: 591-9 | J6: 763-0 | K6: 355-4 | L6: 506-8 | M6: 267-0 | N6: 668-0 | O6: 265-4 | P6: 242-5 | Q6: 392-7 | R6: 244-1 | S6: 741-5 | T6: 382-0 | U6: 739-3 | V6: 350-7 | W6: 742-3 | X6: 404-4 | Y6: 740-7 | Z6: 349-3 | AA6: 440-9 | AB6: 514-5 | AC6: 289-8 | AD6: 427-4 | AE6: 030-0 | AF6: 406-0 | AG6: 561-0 | AH6: 275-1 | AI6: 439-5 | AJ6: 277-8 | AL6: 762-1 | AM6: 529-8
C7: unit name | D7: TRANCEPOTER | E7: 5000YEN | H7: CHENGE BILL STOCK | J7: ＩＮＬＥＴ | M7: REAR REPLENISHMENT | O7: SHELTER | P7: RECOVERY | S7: 10000YEN | W7: 1000YEN | AA7: ｷﾎﾝﾌﾞ | AH7: ﾌﾚｰﾑﾌﾞ | AJ7: ﾚ-ﾙﾌﾞ | AL7: ｼﾍｲｼｷﾍﾞﾂﾌﾞ
C8: ユニット名 | D8: ﾊﾝｿｳﾌﾞ | E8: 5000ｴﾝﾌﾞ | H8: ﾂﾘｼﾍｲﾎﾘﾕｳﾌﾞ | J8: ｿｳﾆｭｳｺｳﾌﾞ | M8: ﾎｷﾕｳﾌﾞｺｳﾎｳ | O8: ﾀｲﾋﾌﾞ | P8: ｶｲｼﾕｳﾌﾞ | S8: 10000ｴﾝﾌﾞ | W8: 1000ｴﾝﾌﾞ | AL8: ＢＩＤ
A9: No | B9: ＢＨ No | C9: type | D9: LAA101 | E9: LAF001 | F9: LAF002 | G9: LAF003 | H9: LAG001 | I9: LAG002 | J9: LAE101 | K9: LAE102 | L9: LAE201 | M9: LBL001 | N9: LBL002 | O9: LAL001 | P9: LAN001 | Q9: LAN002 | R9: LCN001 | S9: LAC001 | T9: LAC002 | U9: LCC001 | V9: LCC002 | W9: LAD001 | X9: LAD002 | Y9: LCD001 | Z9: LCD002 | AA9: LAZ002 | AB9: LAZ003 | AC9: LAZ004 | AD9: LAZ101 | AE9: LAZ102 | AF9: LAZ103 | AG9: LAZ201 | AH9: LAY001 | AI9: LAY002 | AJ9: LAH001 | AK9: 主要 客先 | AL9: LAB101 | AM9: LAB001 | AN9: 基本部 | AO9: ﾌﾚｰﾑ部 | AP9: ﾕﾆｯﾄ数 | AQ9: 搬送部 | AR9: 5000円 | AS9: 釣紙幣 | AT9: 挿入口 | AU9: 補給後方 | AV9: 退避部 | AW9: 回収 | AX9: 10000円 | AY9: 1000円 | AZ9: LAZ色分け
A10: 1 | B10: 1876280-8 | C10: VU-LA001 | D10: ・ | E10: ・ | H10: ・ | J10: ・ | O10: ・ | P10: ・ | S10: ・ | W10: ・ | AD10: ・ | AH10: ・ | AJ10: ・ | AK10: 東京ﾒﾄﾛ | AL10: ・ | AN10: LAZ101 | AO10: LAY001 | AP10: =COUNTA(AM10,AL10,D10:AJ10) -> 12 | AQ10: LAA101 | AR10: LAF001 | AS10: LAG001 | AT10: LAE101 | AU10: - | AV10: LAL001 | AW10: LAN001 | AX10: LAC001 | AY10: LAD001 | AZ10: オレンジ
A11: 2 | B11: 1889220-5 | C11: VU-LA002 | D11: ・ | E11: ・ | H11: ・ | J11: ・ | O11: ・ | P11: ・ | S11: ・ | W11: ・ | AD11: ・ | AH11: ・ | AJ11: ・ | AK11: M社O 大市交 | AL11: ・ | AN11: LAZ101 | AO11: LAY001 | AP11: =COUNTA(AM11,AL11,D11:AJ11) -> 12 | AQ11: LAA101 | AR11: LAF001 | AS11: LAG001 | AT11: LAE101 | AU11: - | AV11: LAL001 | AW11: LAN001 | AX11: LAC001 | AY11: LAD001 | AZ11: オレンジ
A12: 3 | B12: 1889683-9 | C12: VU-LA003 | D12: ・ | E12: ・ | H12: ・ | J12: ・ | O12: ・ | P12: ・ | S12: ・ | W12: ・ | AD12: ・ | AH12: ・ | AJ12: ・ | AK12: M社（Ｆ）・京阪・京市交・近鉄・神市交・静鉄・大市交 | AL12: ・ | AN12: LAZ101 | AO12: LAY001 | AP12: =COUNTA(AM12,AL12,D12:AJ12) -> 12 | AQ12: LAA101 | AR12: LAF001 | AS12: LAG001 | AT12: LAE101 | AU12: - | AV12: LAL001 | AW12: LAN001 | AX12: LAC001 | AY12: LAD001 | AZ12: オレンジ
A13: 4 | B13: 1892581-2 | C13: VU-LA004 | D13: ・ | E13: ・ | H13: ・ | J13: ・ | O13: ・ | P13: ・ | S13: ・ | W13: ・ | AD13: ・ | AH13: ・ | AJ13: ・ | AK13: M社（Ｎ）・（Ｏ）・（Ｔ） | AL13: ・ | AN13: LAZ101 | AO13: LAY001 | AP13: =COUNTA(AM13,AL13,D13:AJ13) -> 12 | AQ13: LAA101 | AR13: LAF001 | AS13: LAG001 | AT13: LAE101 | AU13: - | AV13: LAL001 | AW13: LAN001 | AX13: LAC001 | AY13: LAD001 | AZ13: オレンジ
A14: 5 | B14: 2205957-7 | C14: VU-LA005 | D14: ・ | E14: ・ | H14: ・ | J14: ・ | O14: ・ | P14: ・ | S14: ・ | W14: ・ | AD14: ・ | AH14: ・ | AJ14: ・ | AK14: OFE北 | AM14: ・ | AN14: LAZ101 | AO14: LAY001 | AP14: =COUNTA(AM14,AL14,D14:AJ14) -> 12 | AQ14: LAA101 | AR14: LAF001 | AS14: LAG001 | AT14: LAE101 | AU14: - | AV14: LAL001 | AW14: LAN001 | AX14: LAC001 | AY14: LAD001 | AZ14: オレンジ
A15: 6 | B15: 3249797-1 | C15: VU-LA006 | D15: ・ | E15: ・ | H15: ・ | J15: ・ | O15: ・ | P15: ・ | S15: ・ | W15: ・ | AD15: ・ | AH15: ・ | AJ15: ・ | AK15: 多摩ﾓﾉ | AL15: ・ | AN15: LAZ101 | AO15: LAY001 | AP15: =COUNTA(AM15,AL15,D15:AJ15) -> 12 | AQ15: LAA101 | AR15: LAF001 | AS15: LAG001 | AT15: LAE101 | AU15: - | AV15: LAL001 | AW15: LAN001 | AX15: LAC001 | AY15: LAD001 | AZ15: オレンジ
A16: 7 | B16: 3251849-9 | C16: VU-LA007 | D16: ・ | E16: ・ | H16: ・ | J16: ・ | O16: ・ | P16: ・ | S16: ・ | W16: ・ | AA16: ・ | AI16: ・ | AJ16: ・ | AK16: N社（Ｔ） | AL16: ・ | AN16: LAZ002 | AO16: LAY002 | AP16: =COUNTA(AM16,AL16,D16:AJ16) -> 12 | AQ16: LAA101 | AR16: LAF001 | AS16: LAG001 | AT16: LAE101 | AU16: - | AV16: LAL001 | AW16: LAN001 | AX16: LAC001 | AY16: LAD001 | AZ16: 青
A17: 8 | B17: 3253280-7 | C17: VU-LA008 | D17: ・ | E17: ・ | H17: ・ | J17: ・ | O17: ・ | P17: ・ | S17: ・ | W17: ・ | AD17: ・ | AH17: ・ | AJ17: ・ | AK17: 京市交 南海 | AL17: ・ | AN17: LAZ101 | AO17: LAY001 | AP17: =COUNTA(AM17,AL17,D17:AJ17) -> 12 | AQ17: LAA101 | AR17: LAF001 | AS17: LAG001 | AT17: LAE101 | AU17: - | AV17: LAL001 | AW17: LAN001 | AX17: LAC001 | AY17: LAD001 | AZ17: オレンジ
A18: 9 | B18: 9708375-9 | C18: VU-LA009 | D18: ・ | E18: ・ | H18: ・ | J18: ・ | O18: ・ | P18: ・ | S18: ・ | W18: ・ | AA18: ・ | AI18: ・ | AJ18: ・ | AK18: N社（N） | AL18: ・ | AN18: LAZ002 | AO18: LAY002 | AP18: =COUNTA(AM18,AL18,D18:AJ18) -> 12 | AQ18: LAA101 | AR18: LAF001 | AS18: LAG001 | AT18: LAE101 | AU18: - | AV18: LAL001 | AW18: LAN001 | AX18: LAC001 | AY18: LAD001 | AZ18: 青
A19: 10 | B19: 3137804-9 | C19: VU-LA010 | D19: ・ | E19: ・ | H19: ・ | J19: ・ | O19: ・ | P19: ・ | S19: ・ | W19: ・ | AA19: ・ | AI19: ・ | AJ19: ・ | AK19: N社（Ｔ） | AL19: ・ | AN19: LAZ002 | AO19: LAY002 | AP19: =COUNTA(AM19,AL19,D19:AJ19) -> 12 | AQ19: LAA101 | AR19: LAF001 | AS19: LAG001 | AT19: LAE101 | AU19: - | AV19: LAL001 | AW19: LAN001 | AX19: LAC001 | AY19: LAD001 | AZ19: 青
A20: 11 | B20: 3139136-3 | C20: VU-LA011 | D20: ・ | E20: ・ | H20: ・ | J20: ・ | O20: ・ | P20: ・ | S20: ・ | W20: ・ | AD20: ・ | AH20: ・ | AJ20: ・ | AK20: 大市交 | AL20: ・ | AN20: LAZ101 | AO20: LAY001 | AP20: =COUNTA(AM20,AL20,D20:AJ20) -> 12 | AQ20: LAA101 | AR20: LAF001 | AS20: LAG001 | AT20: LAE101 | AU20: - | AV20: LAL001 | AW20: LAN001 | AX20: LAC001 | AY20: LAD001 | AZ20: オレンジ
A21: 12 | B21: 2872812-8 | C21: VU-LA012 | D21: ・ | E21: ・ | H21: ・ | J21: ・ | O21: ・ | P21: ・ | S21: ・ | W21: ・ | AD21: ・ | AH21: ・ | AJ21: ・ | AK21: 小田急 | AL21: ・ | AN21: LAZ101 | AO21: LAY001 | AP21: =COUNTA(AM21,AL21,D21:AJ21) -> 12 | AQ21: LAA101 | AR21: LAF001 | AS21: LAG001 | AT21: LAE101 | AU21: - | AV21: LAL001 | AW21: LAN001 | AX21: LAC001 | AY21: LAD001 | AZ21: オレンジ
A22: 13 | B22: 1876262-0 | C22: VU-LB001 | D22: ・ | E22: ・ | H22: ・ | J22: ・ | M22: ・ | P22: ・ | S22: ・ | W22: ・ | AD22: ・ | AH22: ・ | AJ22: ・ | AK22: つくば・横浜高速・西武・都交 | AL22: ・ | AN22: LAZ101 | AO22: LAY001 | AP22: =COUNTA(AM22,AL22,D22:AJ22) -> 12 | AQ22: LAA101 | AR22: LAF001 | AS22: LAG001 | AT22: LAE101 | AU22: LBL001 | AV22: - | AW22: LAN001 | AX22: LAC001 | AY22: LAD001 | AZ22: オレンジ
A23: 14 | B23: 1889259-0 | C23: VU-LB002 | D23: ・ | E23: ・ | H23: ・ | J23: ・ | N23: ・ | P23: ・ | S23: ・ | W23: ・ | AA23: ・ | AI23: ・ | AJ23: ・ | AK23: N社ｔ | AL23: ・ | AN23: LAZ002 | AO23: LAY002 | AP23: =COUNTA(AM23,AL23,D23:AJ23) -> 12 | AQ23: LAA101 | AR23: LAF001 | AS23: LAG001 | AT23: LAE101 | AU23: LBL002 | AV23: - | AW23: LAN001 | AX23: LAC001 | AY23: LAD001 | AZ23: 青
A24: 15 | B24: 1889761-4 | C24: VU-LB003 | D24: ・ | E24: ・ | H24: ・ | J24: ・ | N24: ・ | P24: ・ | S24: ・ | W24: ・ | AD24: ・ | AH24: ・ | AJ24: ・ | AK24: 小田急 | AL24: ・ | AN24: LAZ101 | AO24: LAY001 | AP24: =COUNTA(AM24,AL24,D24:AJ24) -> 12 | AQ24: LAA101 | AR24: LAF001 | AS24: LAG001 | AT24: LAE101 | AU24: LBL002 | AV24: - | AW24: LAN001 | AX24: LAC001 | AY24: LAD001 | AZ24: オレンジ
A25: 16 | B25: 1889958-7 | C25: VU-LB004 | D25: ・ | E25: ・ | H25: ・ | J25: ・ | N25: ・ | P25: ・ | S25: ・ | W25: ・ | AD25: ・ | AH25: ・ | AJ25: ・ | AK25: JR海 | AL25: ・ | AN25: LAZ101 | AO25: LAY001 | AP25: =COUNTA(AM25,AL25,D25:AJ25) -> 12 | AQ25: LAA101 | AR25: LAF001 | AS25: LAG001 | AT25: LAE101 | AU25: LBL002 | AV25: - | AW25: LAN001 | AX25: LAC001 | AY25: LAD001 | AZ25: オレンジ
A26: 17 | B26: 1891760-7 | C26: VU-LB005 | D26: ・ | E26: ・ | H26: ・ | J26: ・ | M26: ・ | P26: ・ | S26: ・ | W26: ・ | AD26: ・ | AH26: ・ | AJ26: ・ | AK26: 東武 | AL26: ・ | AN26: LAZ101 | AO26: LAY001 | AP26: =COUNTA(AM26,AL26,D26:AJ26) -> 12 | AQ26: LAA101 | AR26: LAF001 | AS26: LAG001 | AT26: LAE101 | AU26: LBL001 | AV26: - | AW26: LAN001 | AX26: LAC001 | AY26: LAD001 | AZ26: オレンジ
A27: 18 | B27: 2206082-6 | C27: VU-LB006 | D27: ・ | E27: ・ | H27: ・ | J27: ・ | M27: ・ | P27: ・ | S27: ・ | W27: ・ | AA27: ・ | AI27: ・ | AJ27: ・ | AK27: N社（Ｔ） | AL27: ・ | AN27: LAZ002 | AO27: LAY002 | AP27: =COUNTA(AM27,AL27,D27:AJ27) -> 12 | AQ27: LAA101 | AR27: LAF001 | AS27: LAG001 | AT27: LAE101 | AU27: LBL001 | AV27: - | AW27: LAN001 | AX27: LAC001 | AY27: LAD001 | AZ27: 青
A28: 19 | B28: 0184425-8 | C28: VU-LB101 | D28: ・ | E28: ・ | H28: ・ | J28: ・ | N28: ・ | P28: ・ | S28: ・ | W28: ・ | AD28: ・ | AH28: ・ | AJ28: ・ | AK28: M社（Ｔ）・OFET・つくば・京王・神市交・西武・東急・東武 | AL28: ・ | AN28: LAZ101 | AO28: LAY001 | AP28: =COUNTA(AM28,AL28,D28:AJ28) -> 12 | AQ28: LAA101 | AR28: LAF001 | AS28: LAG001 | AT28: LAE101 | AU28: LBL002 | AV28: - | AW28: LAN001 | AX28: LAC001 | AY28: LAD001 | AZ28: オレンジ
A29: 20 | B29: 9909170-8 | C29: VU-LB102 | D29: ・ | E29: ・ | H29: ・ | K29: ・ | N29: ・ | P29: ・ | S29: ・ | W29: ・ | AE29: ・ | AH29: ・ | AJ29: ・ | AK29: JR西 | AL29: ・ | AN29: LAZ102 | AO29: LAY001 | AP29: =COUNTA(AM29,AL29,D29:AJ29) -> 12 | AQ29: LAA101 | AR29: LAF001 | AS29: LAG001 | AT29: LAE102 | AU29: LBL002 | AV29: - | AW29: LAN001 | AX29: LAC001 | AY29: LAD001 | AZ29: 黄
A30: 21 | B30: 5353079-0 | C30: VU-LB103 | D30: ・ | E30: ・ | H30: ・ | J30: ・ | N30: ・ | P30: ・ | S30: ・ | W30: ・ | AD30: ・ | AH30: ・ | AJ30: ・ | AK30: 京阪 N社（Ｎ） | AL30: ・ | AN30: LAZ101 | AO30: LAY001 | AP30: =COUNTA(AM30,AL30,D30:AJ30) -> 12 | AQ30: LAA101 | AR30: LAF001 | AS30: LAG001 | AT30: LAE101 | AU30: LBL002 | AV30: - | AW30: LAN001 | AX30: LAC001 | AY30: LAD001 | AZ30: オレンジ
A31: 22 | B31: 3245432-6 | C31: VU-LB104 | D31: ・ | E31: ・ | H31: ・ | J31: ・ | N31: ・ | P31: ・ | S31: ・ | W31: ・ | AD31: ・ | AH31: ・ | AJ31: ・ | AK31: 横浜高速 | AL31: ・ | AN31: LAZ101 | AO31: LAY001 | AP31: =COUNTA(AM31,AL31,D31:AJ31) -> 12 | AQ31: LAA101 | AR31: LAF001 | AS31: LAG001 | AT31: LAE101 | AU31: LBL002 | AV31: - | AW31: LAN001 | AX31: LAC001 | AY31: LAD001 | AZ31: オレンジ
A32: 23 | B32: 3245481-4 | C32: VU-LB105 | D32: ・ | E32: ・ | H32: ・ | J32: ・ | N32: ・ | P32: ・ | S32: ・ | W32: ・ | AA32: ・ | AI32: ・ | AJ32: ・ | AL32: ・ | AN32: LAZ002 | AO32: LAY002 | AP32: =COUNTA(AM32,AL32,D32:AJ32) -> 12 | AQ32: LAA101 | AR32: LAF001 | AS32: LAG001 | AT32: LAE101 | AU32: LBL002 | AV32: - | AW32: LAN001 | AX32: LAC001 | AY32: LAD001 | AZ32: 青
A33: 24 | B33: 9707599-3 | C33: VU-LB106 | D33: ・ | E33: ・ | H33: ・ | J33: ・ | N33: ・ | P33: ・ | S33: ・ | W33: ・ | AD33: ・ | AH33: ・ | AJ33: ・ | AK33: 南海 | AL33: ・ | AN33: LAZ101 | AO33: LAY001 | AP33: =COUNTA(AM33,AL33,D33:AJ33) -> 12 | AQ33: LAA101 | AR33: LAF001 | AS33: LAG001 | AT33: LAE101 | AU33: LBL002 | AV33: - | AW33: LAN001 | AX33: LAC001 | AY33: LAD001 | AZ33: オレンジ
A34: 25 | B34: 2802778-2 | C34: VU-LB107 | D34: ・ | E34: ・ | H34: ・ | J34: ・ | N34: ・ | P34: ・ | S34: ・ | W34: ・ | AD34: ・ | AH34: ・ | AJ34: ・ | AK34: 東急 | AL34: ・ | AN34: LAZ101 | AO34: LAY001 | AP34: =COUNTA(AM34,AL34,D34:AJ34) -> 12 | AQ34: LAA101 | AR34: LAF001 | AS34: LAG001 | AT34: LAE101 | AU34: LBL002 | AV34: - | AW34: LAN001 | AX34: LAC001 | AY34: LAD001 | AZ34: オレンジ
A35: 26 | B35: 3137714-0 | C35: VU-LB108 | D35: ・ | E35: ・ | H35: ・ | J35: ・ | N35: ・ | P35: ・ | S35: ・ | W35: ・ | AD35: ・ | AH35: ・ | AJ35: ・ | AK35: つくばV8ﾁｬｰｼﾞ | AL35: ・ | AN35: LAZ101 | AO35: LAY001 | AP35: =COUNTA(AM35,AL35,D35:AJ35) -> 12 | AQ35: LAA101 | AR35: LAF001 | AS35: LAG001 | AT35: LAE101 | AU35: LBL002 | AV35: - | AW35: LAN001 | AX35: LAC001 | AY35: LAD001 | AZ35: オレンジ
A36: 27 | B36: 3138506-1 | C36: VU-LB109 | D36: ・ | E36: ・ | H36: ・ | J36: ・ | N36: ・ | P36: ・ | S36: ・ | W36: ・ | AD36: ・ | AH36: ・ | AJ36: ・ | AK36: 東武 V8ﾏﾙﾁ | AL36: ・ | AN36: LAZ101 | AO36: LAY001 | AP36: =COUNTA(AM36,AL36,D36:AJ36) -> 12 | AQ36: LAA101 | AR36: LAF001 | AS36: LAG001 | AT36: LAE101 | AU36: LBL002 | AV36: - | AW36: LAN001 | AX36: LAC001 | AY36: LAD001 | AZ36: オレンジ
A37: 28 | B37: 3139405-2 | C37: VU-LB110 | D37: ・ | G37: ・ | H37: ・ | J37: ・ | N37: ・ | Q37: ・ | T37: ・ | X37: ・ | AF37: ・ | AH37: ・ | AJ37: ・ | AK37: M社Ｔ （東京ﾒﾄﾛ） | AL37: ・ | AN37: LAZ103 | AO37: LAY001 | AP37: =COUNTA(AM37,AL37,D37:AJ37) -> 12 | AQ37: LAA101 | AR37: LAF003 | AS37: LAG001 | AT37: LAE101 | AU37: LBL002 | AV37: - | AW37: LAN002 | AX37: LAC002 | AY37: LAD002 | AZ37: 紺（白字）
A38: 29 | B38: 3283267-3 | C38: VU-LB111 | D38: ・ | G38: ・ | H38: ・ | J38: ・ | N38: ・ | Q38: ・ | T38: ・ | X38: ・ | AF38: ・ | AH38: ・ | AJ38: ・ | AK38: 東京 ﾒﾄﾛ | AL38: ・ | AN38: LAZ103 | AO38: LAY001 | AP38: =COUNTA(AM38,AL38,D38:AJ38) -> 12 | AQ38: LAA101 | AR38: LAF003 | AS38: LAG001 | AT38: LAE101 | AU38: LBL002 | AV38: - | AW38: LAN002 | AX38: LAC002 | AY38: LAD002 | AZ38: 紺（白字）
A39: 30 | B39: 2875841-8 | C39: VU-LB112 | D39: ・ | E39: ・ | H39: ・ | K39: ・ | N39: ・ | P39: ・ | S39: ・ | W39: ・ | AE39: ・ | AH39: ・ | AJ39: ・ | AK39: JR西 | AL39: ・ | AN39: LAZ102 | AO39: LAY001 | AP39: =COUNTA(AM39,AL39,D39:AJ39) -> 12 | AQ39: LAA101 | AR39: LAF001 | AS39: LAG001 | AT39: LAE102 | AU39: LBL002 | AV39: - | AW39: LAN001 | AX39: LAC001 | AY39: LAD001 | AZ39: 黄
A40: 31 | B40: 1876274-3 | C40: VU-LC001 | D40: ・ | E40: ・ | H40: ・ | J40: ・ | O40: ・ | R40: ・ | U40: ・ | Y40: ・ | AD40: ・ | AH40: ・ | AJ40: ・ | AK40: 試作 | AL40: ・ | AN40: LAZ101 | AO40: LAY001 | AP40: =COUNTA(AM40,AL40,D40:AJ40) -> 12 | AQ40: LAA101 | AR40: LAF001 | AS40: LAG001 | AT40: LAE101 | AU40: - | AV40: LAL001 | AW40: LCN001 | AX40: LCC001 | AY40: LCD001 | AZ40: オレンジ
A41: 32 | B41: 9709179-4 | C41: VU-LC002 | D41: ・ | E41: ・ | H41: ・ | J41: ・ | O41: ・ | R41: ・ | V41: ・ | Z41: ・ | AA41: ・ | AI41: ・ | AJ41: ・ | AK41: N社 | AL41: ・ | AN41: LAZ002 | AO41: LAY002 | AP41: =COUNTA(AM41,AL41,D41:AJ41) -> 12 | AQ41: LAA101 | AR41: LAF001 | AS41: LAG001 | AT41: LAE101 | AU41: - | AV41: LAL001 | AW41: LCN001 | AX41: LCC002 | AY41: LCD002 | AZ41: 青
A42: 33 | B42: 9912559-9 | C42: VU-LC091 | D42: ・ | E42: ・ | H42: ・ | L42: ・ | O42: ・ | R42: ・ | V42: ・ | Z42: ・ | AG42: ・ | AH42: ・ | AJ42: ・ | AL42: ・ | AN42: LAZ201 | AO42: LAY001 | AP42: =COUNTA(AM42,AL42,D42:AJ42) -> 12 | AQ42: LAA101 | AR42: LAF001 | AS42: LAG001 | AT42: LAE201 | AU42: - | AV42: LAL001 | AW42: LCN001 | AX42: LCC002 | AY42: LCD002 | AZ42: 紫
A43: 34 | B43: 1876281-6 | C43: VU-LD001 | D43: ・ | E43: ・ | H43: ・ | J43: ・ | N43: ・ | R43: ・ | U43: ・ | Y43: ・ | AD43: ・ | AH43: ・ | AJ43: ・ | AK43: 試作 | AL43: ・ | AN43: LAZ101 | AO43: LAY001 | AP43: =COUNTA(AM43,AL43,D43:AJ43) -> 12 | AQ43: LAA101 | AR43: LAF001 | AS43: LAG001 | AT43: LAE101 | AU43: LBL002 | AV43: - | AW43: LCN001 | AX43: LCC001 | AY43: LCD001 | AZ43: オレンジ
A44: 35 | B44: 3729474-2 | C44: VU-LD002 | D44: ・ | F44: ・ | I44: ・ | J44: ・ | N44: ・ | R44: ・ | U44: ・ | Y44: ・ | AB44: ・ | AH44: ・ | AK44: 沖電気 | AL44: ・ | AN44: LAZ003 | AO44: LAY001 | AP44: =COUNTA(AM44,AL44,D44:AJ44) -> 11 | AQ44: LAA101 | AR44: LAF002 | AS44: LAG002 | AT44: LAE101 | AU44: LBL002 | AV44: - | AW44: LCN001 | AX44: LCC001 | AY44: LCD001 | AZ44: 緑
A45: 36 | B45: 9524922-6 | C45: VU-LD002(H) | D45: ・ | F45: ・ | I45: ・ | J45: ・ | N45: ・ | AB45: ・ | AH45: ・ | AK45: 沖電気 | AL45: ・ | AN45: LAZ003 | AO45: LAY001 | AP45: =COUNTA(AM45,AL45,D45:AJ45) -> 8 | AQ45: LAA101 | AR45: LAF002 | AS45: LAG002 | AT45: LAE101 | AU45: LBL002 | AV45: - | AW45: - | AX45: - | AY45: - | AZ45: 緑
A46: 37 | B46: 9064328-7 | C46: VU-LD003 | D46: ・ | E46: ・ | H46: ・ | J46: ・ | N46: ・ | R46: ・ | V46: ・ | Z46: ・ | AA46: ・ | AI46: ・ | AJ46: ・ | AK46: N社O | AL46: ・ | AN46: LAZ002 | AO46: LAY002 | AP46: =COUNTA(AM46,AL46,D46:AJ46) -> 12 | AQ46: LAA101 | AR46: LAF001 | AS46: LAG001 | AT46: LAE101 | AU46: LBL002 | AV46: - | AW46: LCN001 | AX46: LCC002 | AY46: LCD002 | AZ46: 青
A47: 38 | B47: 3247290-1 | C47: VU-LD004 | D47: ・ | E47: ・ | H47: ・ | J47: ・ | N47: ・ | R47: ・ | V47: ・ | Z47: ・ | AC47: ・ | AI47: ・ | AK47: 国立印刷局 | AL47: ・ | AN47: LAZ004 | AO47: LAY002 | AP47: =COUNTA(AM47,AL47,D47:AJ47) -> 11 | AQ47: LAA101 | AR47: LAF001 | AS47: LAG001 | AT47: LAE101 | AU47: LBL002 | AV47: - | AW47: LCN001 | AX47: LCC002 | AY47: LCD002 | AZ47: ピンク
A48: 39 | B48: 9912558-0 | C48: VU-LD091 | D48: ・ | E48: ・ | H48: ・ | L48: ・ | N48: ・ | R48: ・ | V48: ・ | Z48: ・ | AG48: ・ | AH48: ・ | AJ48: ・ | AK48: JREM | AL48: ・ | AN48: LAZ201 | AO48: LAY001 | AP48: =COUNTA(AM48,AL48,D48:AJ48) -> 12 | AQ48: LAA101 | AR48: LAF001 | AS48: LAG001 | AT48: LAE201 | AU48: LBL002 | AV48: - | AW48: LCN001 | AX48: LCC002 | AY48: LCD002 | AZ48: 紫
A49: 40 | B49: 2874859-5 | C49: VU-LD092 | D49: ・ | E49: ・ | H49: ・ | L49: ・ | N49: ・ | R49: ・ | V49: ・ | Z49: ・ | AG49: ・ | AH49: ・ | AJ49: ・ | AK49: JREM | AL49: ・ | AN49: LAZ201 | AO49: LAY001 | AP49: =COUNTA(AM49,AL49,D49:AJ49) -> 12 | AQ49: LAA101 | AR49: LAF001 | AS49: LAG001 | AT49: LAE201 | AU49: LBL002 | AV49: - | AW49: LCN001 | AX49: LCC002 | AY49: LCD002 | AZ49: 紫

Sheet V9星取表日程マスター
A1: Ｖ９-BH（星取表） | H1: ａ | K1: b | L1: b-任意 (光真ｶﾚ） | M1: ａ (OCｶﾚ） | O1: （計算式）
F2: YB-LA001 | K2: 45077 | L2: =INDEX(光真稼働日早見表!M:M,MATCH(K2,光真稼働日早見表!B:B,0),1) -> 45071 | M2: =I2 -> 0 | O2: =VLOOKUP($F2,Ｖ９structure!$C$8:$P$9,2,FALSE) -> ・ | P2: =VLOOKUP($F2,Ｖ９structure!$C$8:$P$9,3,FALSE) -> ・ | Q2: =VLOOKUP($F2,Ｖ９structure!$C$8:$P$9,4,FALSE) -> ・ | R2: =VLOOKUP($F2,Ｖ９structure!$C$8:$P$9,5,FALSE) -> ・ | S2: =VLOOKUP($F2,Ｖ９structure!$C$8:$P$9,6,FALSE) -> ・ | T2: =VLOOKUP($F2,Ｖ９structure!$C$8:$P$9,7,FALSE) -> ・ | U2: =VLOOKUP($F2,Ｖ９structure!$C$8:$P$9,8,FALSE) -> ・ | V2: =VLOOKUP($F2,Ｖ９structure!$C$8:$P$9,9,FALSE) -> ・ | W2: =VLOOKUP($F2,Ｖ９structure!$C$8:$P$9,10,FALSE) -> ・ | X2: =VLOOKUP($F2,Ｖ９structure!$C$8:$P$9,11,FALSE) -> ・ | Y2: =VLOOKUP($F2,Ｖ９structure!$C$8:$P$9,12,FALSE) -> 0 | Z2: =VLOOKUP($F2,Ｖ９structure!$C$8:$P$9,13,FALSE) -> ・
A4: T-No | B4: Z001 号機 | C4: Z002 号機 | D4: Y001 号機 | E4: Y002 号機 | F4: ＢＨ型式 | G4: 順序 確定日 | H4: 光真 順序 出荷日 | I4: 実出荷 | J4: KP-No | K4: LAZ 完了 計画 | L4: KMP ユニット 日本着日 | M4: 光真 出荷計画 | N4: メンテ | O4: YBS-LAA001 | P4: YBS-LAF001 | Q4: YBS-LAG001 | R4: YBS-LAE001 | S4: YBS-LAL001 | T4: YBS-LAN001 | U4: YBS-LAC001 | V4: YBS-LAD001 | W4: YBS-LAH001 | X4: YBS-LAY001 | Y4: YBS-LAY002 | Z4: YBS-LAZ001 | AA4: 生産 計画 No | AB4: 客先名 | AC4: 駅名 ﾒﾝﾃﾕﾆｯﾄ型式（個/ﾛｯﾄ） | AD4: コーナー メンテ：情報提供者 （情報入手日） | AE4: ﾕﾆｯﾄ 種類数
A5: 1442 | C5: 583 | E5: 530 | F5: YB-LA002 | G5: 46008 | H5: 46027 | J5: ・ | K5: =IFERROR(INDEX('[6]Ｖ９－BH出荷・完了計画'!$B:$B,MATCH(A5,'[6]Ｖ９－BH出荷・完了計画'!$M:$M,0),1),K6) -> 46009 | L5: =INDEX([5]光真稼働日早見表!$M$3:$M$10000,MATCH($K5,[5]光真稼働日早見表!$Q$3:$Q$10000,0),1) -> 46003 | M5: 46027 | O5: ・ | P5: ・ | Q5: ・ | R5: ・ | S5: ・ | T5: ・ | U5: ・ | V5: ・ | Y5: ・ | Z5: ・ | AA5: 000391786 | AB5: JRS | AD5: YB-LA002 | AE5: =COUNTIFS(O5:Z5,"・") -> 10
A6: 1443 | C6: 584 | E6: 531 | F6: YB-LA002 | G6: 46008 | H6: 46027 | J6: ・ | K6: =IFERROR(INDEX('[6]Ｖ９－BH出荷・完了計画'!$B:$B,MATCH(A6,'[6]Ｖ９－BH出荷・完了計画'!$M:$M,0),1),K7) -> 46010 | L6: =INDEX([5]光真稼働日早見表!$M$3:$M$10000,MATCH($K6,[5]光真稼働日早見表!$Q$3:$Q$10000,0),1) -> 46006 | M6: 46027 | O6: ・ | P6: ・ | Q6: ・ | R6: ・ | S6: ・ | T6: ・ | U6: ・ | V6: ・ | Y6: ・ | Z6: ・ | AA6: 000391788 | AB6: JRS | AD6: YB-LA002 | AE6: =COUNTIFS(O6:Z6,"・") -> 10
A7: 1444 | C7: 585 | E7: 532 | F7: YB-LA002 | G7: 46008 | H7: 46027 | J7: ・ | K7: =IFERROR(INDEX('[6]Ｖ９－BH出荷・完了計画'!$B:$B,MATCH(A7,'[6]Ｖ９－BH出荷・完了計画'!$M:$M,0),1),K8) -> 46010 | L7: =INDEX([5]光真稼働日早見表!$M$3:$M$10000,MATCH($K7,[5]光真稼働日早見表!$Q$3:$Q$10000,0),1) -> 46006 | M7: 46027 | O7: ・ | P7: ・ | Q7: ・ | R7: ・ | S7: ・ | T7: ・ | U7: ・ | V7: ・ | Y7: ・ | Z7: ・ | AA7: 000391787 | AB7: JRS | AD7: YB-LA002 | AE7: =COUNTIFS(O7:Z7,"・") -> 10
A8: 1445 | B8: 863 | D8: 916 | F8: YB-LA001 | G8: 46008 | H8: 46027 | J8: ・ | K8: =IFERROR(INDEX('[6]Ｖ９－BH出荷・完了計画'!$B:$B,MATCH(A8,'[6]Ｖ９－BH出荷・完了計画'!$M:$M,0),1),K9) -> 46010 | L8: =INDEX([5]光真稼働日早見表!$M$3:$M$10000,MATCH($K8,[5]光真稼働日早見表!$Q$3:$Q$10000,0),1) -> 46006 | M8: 46027 | O8: ・ | P8: ・ | Q8: ・ | R8: ・ | S8: ・ | T8: ・ | U8: ・ | V8: ・ | W8: ・ | X8: ・ | Z8: ・ | AA8: 000382813 | AB8: つくば | AC8: 台東試験場 | AD8: 秋葉原(本屋) | AE8: =COUNTIFS(O8:Z8,"・") -> 11
A9: 1446 | C9: 586 | E9: 533 | F9: YB-LA002 | G9: 46009 | H9: 46028 | J9: ・ | K9: =IFERROR(INDEX('[6]Ｖ９－BH出荷・完了計画'!$B:$B,MATCH(A9,'[6]Ｖ９－BH出荷・完了計画'!$M:$M,0),1),K10) -> 46010 | L9: =INDEX([5]光真稼働日早見表!$M$3:$M$10000,MATCH($K9,[5]光真稼働日早見表!$Q$3:$Q$10000,0),1) -> 46006 | M9: 46028 | O9: ・ | P9: ・ | Q9: ・ | R9: ・ | S9: ・ | T9: ・ | U9: ・ | V9: ・ | Y9: ・ | Z9: ・ | AA9: 000393970 | AB9: JRS | AD9: YB-LA002 | AE9: =COUNTIFS(O9:Z9,"・") -> 10
A10: 1447 | C10: 587 | E10: 534 | F10: YB-LA002 | G10: 46009 | H10: 46028 | J10: ・ | K10: =IFERROR(INDEX('[6]Ｖ９－BH出荷・完了計画'!$B:$B,MATCH(A10,'[6]Ｖ９－BH出荷・完了計画'!$M:$M,0),1),K11) -> 46027 | L10: =INDEX([5]光真稼働日早見表!$M$3:$M$10000,MATCH($K10,[5]光真稼働日早見表!$Q$3:$Q$10000,0),1) -> 46014 | M10: 46028 | O10: ・ | P10: ・ | Q10: ・ | R10: ・ | S10: ・ | T10: ・ | U10: ・ | V10: ・ | Y10: ・ | Z10: ・ | AA10: 000393978 | AB10: JRS | AD10: YB-LA002 | AE10: =COUNTIFS(O10:Z10,"・") -> 10
A11: 1448 | C11: 588 | E11: 535 | F11: YB-LA002 | G11: 46009 | H11: 46028 | J11: ・ | K11: =IFERROR(INDEX('[6]Ｖ９－BH出荷・完了計画'!$B:$B,MATCH(A11,'[6]Ｖ９－BH出荷・完了計画'!$M:$M,0),1),K12) -> 46027 | L11: =INDEX([5]光真稼働日早見表!$M$3:$M$10000,MATCH($K11,[5]光真稼働日早見表!$Q$3:$Q$10000,0),1) -> 46014 | M11: 46028 | O11: ・ | P11: ・ | Q11: ・ | R11: ・ | S11: ・ | T11: ・ | U11: ・ | V11: ・ | Y11: ・ | Z11: ・ | AA11: 000393968 | AB11: JRS | AD11: YB-LA002 | AE11: =COUNTIFS(O11:Z11,"・") -> 10
A12: 1449 | C12: 589 | E12: 536 | F12: YB-LA002 | G12: 46009 | H12: 46028 | J12: ・ | K12: =IFERROR(INDEX('[6]Ｖ９－BH出荷・完了計画'!$B:$B,MATCH(A12,'[6]Ｖ９－BH出荷・完了計画'!$M:$M,0),1),K13) -> 46027 | L12: =INDEX([5]光真稼働日早見表!$M$3:$M$10000,MATCH($K12,[5]光真稼働日早見表!$Q$3:$Q$10000,0),1) -> 46014 | M12: 46028 | O12: ・ | P12: ・ | Q12: ・ | R12: ・ | S12: ・ | T12: ・ | U12: ・ | V12: ・ | Y12: ・ | Z12: ・ | AA12: 000371222 | AB12: JRS | AD12: YB-LA002 | AE12: =COUNTIFS(O12:Z12,"・") -> 10
A13: 1450 | C13: 590 | E13: 537 | F13: YB-LA002 | G13: 46010 | H13: 46029 | J13: ・ | K13: =IFERROR(INDEX('[6]Ｖ９－BH出荷・完了計画'!$B:$B,MATCH(A13,'[6]Ｖ９－BH出荷・完了計画'!$M:$M,0),1),K14) -> 46027 | L13: =INDEX([5]光真稼働日早見表!$M$3:$M$10000,MATCH($K13,[5]光真稼働日早見表!$Q$3:$Q$10000,0),1) -> 46014 | M13: 46029 | O13: ・ | P13: ・ | Q13: ・ | R13: ・ | S13: ・ | T13: ・ | U13: ・ | V13: ・ | Y13: ・ | Z13: ・ | AA13: 000393973 | AB13: JRS | AD13: YB-LA002 | AE13: =COUNTIFS(O13:Z13,"・") -> 10
A14: 1451 | C14: 591 | E14: 538 | F14: YB-LA002 | G14: 46010 | H14: 46029 | J14: ・ | K14: =IFERROR(INDEX('[6]Ｖ９－BH出荷・完了計画'!$B:$B,MATCH(A14,'[6]Ｖ９－BH出荷・完了計画'!$M:$M,0),1),K15) -> 46028 | L14: =INDEX([5]光真稼働日早見表!$M$3:$M$10000,MATCH($K14,[5]光真稼働日早見表!$Q$3:$Q$10000,0),1) -> 46015 | M14: 46029 | O14: ・ | P14: ・ | Q14: ・ | R14: ・ | S14: ・ | T14: ・ | U14: ・ | V14: ・ | Y14: ・ | Z14: ・ | AA14: 000393969 | AB14: JRS | AD14: YB-LA002 | AE14: =COUNTIFS(O14:Z14,"・") -> 10
A15: 1452 | C15: 592 | E15: 539 | F15: YB-LA002 | G15: 46010 | H15: 46029 | J15: ・ | K15: =IFERROR(INDEX('[6]Ｖ９－BH出荷・完了計画'!$B:$B,MATCH(A15,'[6]Ｖ９－BH出荷・完了計画'!$M:$M,0),1),K16) -> 46028 | L15: =INDEX([5]光真稼働日早見表!$M$3:$M$10000,MATCH($K15,[5]光真稼働日早見表!$Q$3:$Q$10000,0),1) -> 46015 | M15: 46029 | O15: ・ | P15: ・ | Q15: ・ | R15: ・ | S15: ・ | T15: ・ | U15: ・ | V15: ・ | Y15: ・ | Z15: ・ | AA15: 000393977 | AB15: JRS | AD15: YB-LA002 | AE15: =COUNTIFS(O15:Z15,"・") -> 10
A16: 1453 | C16: 593 | E16: 540 | F16: YB-LA002 | G16: 46010 | H16: 46029 | J16: ・ | K16: =IFERROR(INDEX('[6]Ｖ９－BH出荷・完了計画'!$B:$B,MATCH(A16,'[6]Ｖ９－BH出荷・完了計画'!$M:$M,0),1),K17) -> 46028 | L16: =INDEX([5]光真稼働日早見表!$M$3:$M$10000,MATCH($K16,[5]光真稼働日早見表!$Q$3:$Q$10000,0),1) -> 46015 | M16: 46029 | O16: ・ | P16: ・ | Q16: ・ | R16: ・ | S16: ・ | T16: ・ | U16: ・ | V16: ・ | Y16: ・ | Z16: ・ | AA16: 000393975 | AB16: JRS | AD16: YB-LA002 | AE16: =COUNTIFS(O16:Z16,"・") -> 10
A17: 1454 | B17: 864 | D17: 917 | F17: YB-LA001 | G17: 46010 | H17: 46029 | J17: ・ | K17: =IFERROR(INDEX('[6]Ｖ９－BH出荷・完了計画'!$B:$B,MATCH(A17,'[6]Ｖ９－BH出荷・完了計画'!$M:$M,0),1),K18) -> 46028 | L17: =INDEX([5]光真稼働日早見表!$M$3:$M$10000,MATCH($K17,[5]光真稼働日早見表!$Q$3:$Q$10000,0),1) -> 46015 | M17: 46029 | O17: ・ | P17: ・ | Q17: ・ | R17: ・ | S17: ・ | T17: ・ | U17: ・ | V17: ・ | W17: ・ | X17: ・ | Z17: ・ | AA17: 000371421 | AB17: 小田急 | AC17: 海老名 | AE17: =COUNTIFS(O17:Z17,"・") -> 11
A18: 1455 | B18: 865 | D18: 918 | F18: YB-LA001 | G18: 46010 | H18: 46029 | J18: ・ | K18: =IFERROR(INDEX('[6]Ｖ９－BH出荷・完了計画'!$B:$B,MATCH(A18,'[6]Ｖ９－BH出荷・完了計画'!$M:$M,0),1),K19) -> 46028 | L18: =INDEX([5]光真稼働日早見表!$M$3:$M$10000,MATCH($K18,[5]光真稼働日早見表!$Q$3:$Q$10000,0),1) -> 46015 | M18: 46029 | O18: ・ | P18: ・ | Q18: ・ | R18: ・ | S18: ・ | T18: ・ | U18: ・ | V18: ・ | W18: ・ | X18: ・ | Z18: ・ | AA18: 000386085 | AB18: 小田急 | AC18: 喜多見研修センター | AE18: =COUNTIFS(O18:Z18,"・") -> 11
A19: 1456 | C19: 594 | E19: 541 | F19: YB-LA002 | G19: 46013 | H19: 46030 | J19: ・ | K19: =IFERROR(INDEX('[6]Ｖ９－BH出荷・完了計画'!$B:$B,MATCH(A19,'[6]Ｖ９－BH出荷・完了計画'!$M:$M,0),1),K20) -> 46029 | L19: =INDEX([5]光真稼働日早見表!$M$3:$M$10000,MATCH($K19,[5]光真稼働日早見表!$Q$3:$Q$10000,0),1) -> 46016 | M19: 46030 | O19: ・ | P19: ・ | Q19: ・ | R19: ・ | S19: ・ | T19: ・ | U19: ・ | V19: ・ | Y19: ・ | Z19: ・ | AA19: 000393979 | AB19: JRS | AD19: YB-LA002 | AE19: =COUNTIFS(O19:Z19,"・") -> 10
A20: 1457 | C20: 595 | E20: 542 | F20: YB-LA002 | G20: 46013 | H20: 46030 | J20: ・ | K20: =IFERROR(INDEX('[6]Ｖ９－BH出荷・完了計画'!$B:$B,MATCH(A20,'[6]Ｖ９－BH出荷・完了計画'!$M:$M,0),1),K21) -> 46029 | L20: =INDEX([5]光真稼働日早見表!$M$3:$M$10000,MATCH($K20,[5]光真稼働日早見表!$Q$3:$Q$10000,0),1) -> 46016 | M20: 46030 | O20: ・ | P20: ・ | Q20: ・ | R20: ・ | S20: ・ | T20: ・ | U20: ・ | V20: ・ | Y20: ・ | Z20: ・ | AA20: 000393974 | AB20: JRS | AD20: YB-LA002 | AE20: =COUNTIFS(O20:Z20,"・") -> 10
A21: 1458 | C21: 596 | E21: 543 | F21: YB-LA002 | G21: 46013 | H21: 46030 | J21: ・ | K21: =IFERROR(INDEX('[6]Ｖ９－BH出荷・完了計画'!$B:$B,MATCH(A21,'[6]Ｖ９－BH出荷・完了計画'!$M:$M,0),1),K22) -> 46029 | L21: =INDEX([5]光真稼働日早見表!$M$3:$M$10000,MATCH($K21,[5]光真稼働日早見表!$Q$3:$Q$10000,0),1) -> 46016 | M21: 46030 | O21: ・ | P21: ・ | Q21: ・ | R21: ・ | S21: ・ | T21: ・ | U21: ・ | V21: ・ | Y21: ・ | Z21: ・ | AA21: 000393976 | AB21: JRS | AD21: YB-LA002 | AE21: =COUNTIFS(O21:Z21,"・") -> 10
A22: 1459 | C22: 597 | E22: 544 | F22: YB-LA002 | G22: 46013 | H22: 46030 | J22: ・ | K22: =IFERROR(INDEX('[6]Ｖ９－BH出荷・完了計画'!$B:$B,MATCH(A22,'[6]Ｖ９－BH出荷・完了計画'!$M:$M,0),1),K23) -> 46029 | L22: =INDEX([5]光真稼働日早見表!$M$3:$M$10000,MATCH($K22,[5]光真稼働日早見表!$Q$3:$Q$10000,0),1) -> 46016 | M22: 46030 | O22: ・ | P22: ・ | Q22: ・ | R22: ・ | S22: ・ | T22: ・ | U22: ・ | V22: ・ | Y22: ・ | Z22: ・ | AA22: 000393980 | AB22: JRS | AD22: YB-LA002 | AE22: =COUNTIFS(O22:Z22,"・") -> 10
A23: 1460 | C23: 598 | E23: 545 | F23: YB-LA002 | G23: 46014 | H23: 46031 | J23: ・ | K23: =IFERROR(INDEX('[6]Ｖ９－BH出荷・完了計画'!$B:$B,MATCH(A23,'[6]Ｖ９－BH出荷・完了計画'!$M:$M,0),1),K24) -> 46030 | L23: =INDEX([5]光真稼働日早見表!$M$3:$M$10000,MATCH($K23,[5]光真稼働日早見表!$Q$3:$Q$10000,0),1) -> 46017 | M23: 46031 | O23: ・ | P23: ・ | Q23: ・ | R23: ・ | S23: ・ | T23: ・ | U23: ・ | V23: ・ | Y23: ・ | Z23: ・ | AA23: 000393971 | AB23: JRS | AD23: YB-LA002 | AE23: =COUNTIFS(O23:Z23,"・") -> 10
A24: 1461 | C24: 599 | E24: 546 | F24: YB-LA002 | G24: 46014 | H24: 46031 | J24: ・ | K24: =IFERROR(INDEX('[6]Ｖ９－BH出荷・完了計画'!$B:$B,MATCH(A24,'[6]Ｖ９－BH出荷・完了計画'!$M:$M,0),1),K25) -> 46030 | L24: =INDEX([5]光真稼働日早見表!$M$3:$M$10000,MATCH($K24,[5]光真稼働日早見表!$Q$3:$Q$10000,0),1) -> 46017 | M24: 46031 | O24: ・ | P24: ・ | Q24: ・ | R24: ・ | S24: ・ | T24: ・ | U24: ・ | V24: ・ | Y24: ・ | Z24: ・ | AA24: 000393988 | AB24: JRS | AD24: YB-LA002 | AE24: =COUNTIFS(O24:Z24,"・") -> 10
A25: 1462 | C25: 600 | E25: 547 | F25: YB-LA002 | G25: 46014 | H25: 46031 | J25: ・ | K25: =IFERROR(INDEX('[6]Ｖ９－BH出荷・完了計画'!$B:$B,MATCH(A25,'[6]Ｖ９－BH出荷・完了計画'!$M:$M,0),1),K26) -> 46030 | L25: =INDEX([5]光真稼働日早見表!$M$3:$M$10000,MATCH($K25,[5]光真稼働日早見表!$Q$3:$Q$10000,0),1) -> 46017 | M25: 46031 | O25: ・ | P25: ・ | Q25: ・ | R25: ・ | S25: ・ | T25: ・ | U25: ・ | V25: ・ | Y25: ・ | Z25: ・ | AA25: 000393972 | AB25: JRS | AD25: YB-LA002 | AE25: =COUNTIFS(O25:Z25,"・") -> 10
A26: 1463 | C26: 601 | E26: 548 | F26: YB-LA002 | G26: 46014 | H26: 46031 | J26: ・ | K26: =IFERROR(INDEX('[6]Ｖ９－BH出荷・完了計画'!$B:$B,MATCH(A26,'[6]Ｖ９－BH出荷・完了計画'!$M:$M,0),1),K27) -> 46030 | L26: =INDEX([5]光真稼働日早見表!$M$3:$M$10000,MATCH($K26,[5]光真稼働日早見表!$Q$3:$Q$10000,0),1) -> 46017 | M26: 46031 | O26: ・ | P26: ・ | Q26: ・ | R26: ・ | S26: ・ | T26: ・ | U26: ・ | V26: ・ | Y26: ・ | Z26: ・ | AA26: 000393981 | AB26: JRS | AD26: YB-LA002 | AE26: =COUNTIFS(O26:Z26,"・") -> 10
A27: 1464 | C27: 602 | E27: 549 | F27: YB-LA002 | G27: 46015 | H27: 46035 | J27: ・ | K27: =IFERROR(INDEX('[6]Ｖ９－BH出荷・完了計画'!$B:$B,MATCH(A27,'[6]Ｖ９－BH出荷・完了計画'!$M:$M,0),1),K28) -> 46030 | L27: =INDEX([5]光真稼働日早見表!$M$3:$M$10000,MATCH($K27,[5]光真稼働日早見表!$Q$3:$Q$10000,0),1) -> 46017 | M27: 46035 | O27: ・ | P27: ・ | Q27: ・ | R27: ・ | S27: ・ | T27: ・ | U27: ・ | V27: ・ | Y27: ・ | Z27: ・ | AA27: 000393987 | AB27: JRS | AD27: YB-LA002 | AE27: =COUNTIFS(O27:Z27,"・") -> 10
A28: 1465 | C28: 603 | E28: 550 | F28: YB-LA002 | G28: 46015 | H28: 46035 | J28: ・ | K28: =IFERROR(INDEX('[6]Ｖ９－BH出荷・完了計画'!$B:$B,MATCH(A28,'[6]Ｖ９－BH出荷・完了計画'!$M:$M,0),1),K29) -> 46031 | L28: =INDEX([5]光真稼働日早見表!$M$3:$M$10000,MATCH($K28,[5]光真稼働日早見表!$Q$3:$Q$10000,0),1) -> 46027 | M28: 46035 | O28: ・ | P28: ・ | Q28: ・ | R28: ・ | S28: ・ | T28: ・ | U28: ・ | V28: ・ | Y28: ・ | Z28: ・ | AA28: 000393558 | AB28: JRS | AD28: YB-LA002 | AE28: =COUNTIFS(O28:Z28,"・") -> 10
A29: 1466 | C29: 604 | E29: 551 | F29: YB-LA002 | G29: 46015 | H29: 46035 | J29: ・ | K29: =IFERROR(INDEX('[6]Ｖ９－BH出荷・完了計画'!$B:$B,MATCH(A29,'[6]Ｖ９－BH出荷・完了計画'!$M:$M,0),1),K30) -> 46031 | L29: =INDEX([5]光真稼働日早見表!$M$3:$M$10000,MATCH($K29,[5]光真稼働日早見表!$Q$3:$Q$10000,0),1) -> 46027 | M29: 46035 | O29: ・ | P29: ・ | Q29: ・ | R29: ・ | S29: ・ | T29: ・ | U29: ・ | V29: ・ | Y29: ・ | Z29: ・ | AA29: 000393983 | AB29: JRS | AD29: YB-LA002 | AE29: =COUNTIFS(O29:Z29,"・") -> 10
A30: 1467 | C30: 605 | E30: 552 | F30: YB-LA002 | G30: 46015 | H30: 46035 | J30: ・ | K30: =IFERROR(INDEX('[6]Ｖ９－BH出荷・完了計画'!$B:$B,MATCH(A30,'[6]Ｖ９－BH出荷・完了計画'!$M:$M,0),1),K31) -> 46031 | L30: =INDEX([5]光真稼働日早見表!$M$3:$M$10000,MATCH($K30,[5]光真稼働日早見表!$Q$3:$Q$10000,0),1) -> 46027 | M30: 46035 | O30: ・ | P30: ・ | Q30: ・ | R30: ・ | S30: ・ | T30: ・ | U30: ・ | V30: ・ | Y30: ・ | Z30: ・ | AA30: 000393989 | AB30: JRS | AD30: YB-LA002 | AE30: =COUNTIFS(O30:Z30,"・") -> 10
... A34: 1471 | C34: 609 | E34: 556 | F34: YB-LA002 | G34: 46016 | H34: 46036 | J34: ・ | K34: =IFERROR(INDEX('[6]Ｖ９－BH出荷・完了計画'!$B:$B,MATCH(A34,'[6]Ｖ９－BH出荷・完了計画'!$M:$M,0),1),K35) -> 46035 | L34: =INDEX([5]光真稼働日早見表!$M$3:$M$10000,MATCH($K34,[5]光真稼働日早見表!$Q$3:$Q$10000,0),1) -> 46028 | M34: 46036 | O34: ・ | P34: ・ | Q34: ・ | R34: ・ | S34: ・ | T34: ・ | U34: ・ | V34: ・ | Y34: ・ | Z34: ・ | AA34: 000393984 | AB34: JRS | AD34: YB-LA002 | AE34: =COUNTIFS(O34:Z34,"・") -> 10
A35: 1472 | B35: 866 | D35: 919 | F35: YB-LA001 | G35: 46027 | H35: 46036 | J35: ・ | K35: =IFERROR(INDEX('[6]Ｖ９－BH出荷・完了計画'!$B:$B,MATCH(A35,'[6]Ｖ９－BH出荷・完了計画'!$M:$M,0),1),K36) -> 46035 | L35: =INDEX([5]光真稼働日早見表!$M$3:$M$10000,MATCH($K35,[5]光真稼働日早見表!$Q$3:$Q$10000,0),1) -> 46028 | M35: 46036 | O35: ・ | P35: ・ | Q35: ・ | R35: ・ | S35: ・ | T35: ・ | U35: ・ | V35: ・ | W35: ・ | X35: ・ | Z35: ・ | AA35: 000380429 | AB35: その他T | AC35: OFE向け | AE35: =COUNTIFS(O35:Z35,"・") -> 11
A36: 1473 | C36: 610 | E36: 557 | F36: YB-LA002 | G36: 46017 | H36: 46037 | J36: ・ | K36: =IFERROR(INDEX('[6]Ｖ９－BH出荷・完了計画'!$B:$B,MATCH(A36,'[6]Ｖ９－BH出荷・完了計画'!$M:$M,0),1),K37) -> 46036 | L36: =INDEX([5]光真稼働日早見表!$M$3:$M$10000,MATCH($K36,[5]光真稼働日早見表!$Q$3:$Q$10000,0),1) -> 46029 | M36: 46037 | O36: ・ | P36: ・ | Q36: ・ | R36: ・ | S36: ・ | T36: ・ | U36: ・ | V36: ・ | Y36: ・ | Z36: ・ | AA36: 000393986 | AB36: JRS | AD36: YB-LA002 | AE36: =COUNTIFS(O36:Z36,"・") -> 10
A37: 1474 | B37: 867 | D37: 920 | F37: YB-LA001 | G37: 46017 | H37: 46037 | J37: ・ | K37: =IFERROR(INDEX('[6]Ｖ９－BH出荷・完了計画'!$B:$B,MATCH(A37,'[6]Ｖ９－BH出荷・完了計画'!$M:$M,0),1),K38) -> 46036 | L37: =INDEX([5]光真稼働日早見表!$M$3:$M$10000,MATCH($K37,[5]光真稼働日早見表!$Q$3:$Q$10000,0),1) -> 46029 | M37: 46037 | O37: ・ | P37: ・ | Q37: ・ | R37: ・ | S37: ・ | T37: ・ | U37: ・ | V37: ・ | W37: ・ | X37: ・ | Z37: ・ | AA37: 000371379 | AB37: 近鉄 | AC37: 吉田 | AD37: 上り | AE37: =COUNTIFS(O37:Z37,"・") -> 11
A38: 1475 | B38: 868 | D38: 921 | F38: YB-LA001 | G38: 46027 | H38: 46038 | J38: ・ | K38: =IFERROR(INDEX('[6]Ｖ９－BH出荷・完了計画'!$B:$B,MATCH(A38,'[6]Ｖ９－BH出荷・完了計画'!$M:$M,0),1),K39) -> 46037 | L38: =INDEX([5]光真稼働日早見表!$M$3:$M$10000,MATCH($K38,[5]光真稼働日早見表!$Q$3:$Q$10000,0),1) -> 46030 | M38: 46038 | O38: ・ | P38: ・ | Q38: ・ | R38: ・ | S38: ・ | T38: ・ | U38: ・ | V38: ・ | W38: ・ | X38: ・ | Z38: ・ | AA38: 000371378 | AB38: 近鉄 | AC38: 近鉄八尾 | AD38: 中央 | AE38: =COUNTIFS(O38:Z38,"・") -> 11
A39: 1476 | B39: 869 | D39: 922 | F39: YB-LA001 | G39: 46028 | H39: 46041 | J39: ・ | K39: =IFERROR(INDEX('[6]Ｖ９－BH出荷・完了計画'!$B:$B,MATCH(A39,'[6]Ｖ９－BH出荷・完了計画'!$M:$M,0),1),K40) -> 46037 | L39: =INDEX([5]光真稼働日早見表!$M$3:$M$10000,MATCH($K39,[5]光真稼働日早見表!$Q$3:$Q$10000,0),1) -> 46030 | M39: 46041 | O39: ・ | P39: ・ | Q39: ・ | R39: ・ | S39: ・ | T39: ・ | U39: ・ | V39: ・ | W39: ・ | X39: ・ | Z39: ・ | AA39: 000389664 | AB39: 近鉄 | AC39: 富田林 | AD39: 南 | AE39: =COUNTIFS(O39:Z39,"・") -> 11
A40: 1477 | C40: 611 | E40: 558 | F40: YB-LA002 | G40: 46030 | H40: 46043 | J40: ・ | K40: =IFERROR(INDEX('[6]Ｖ９－BH出荷・完了計画'!$B:$B,MATCH(A40,'[6]Ｖ９－BH出荷・完了計画'!$M:$M,0),1),K41) -> 46038 | L40: =INDEX([5]光真稼働日早見表!$M$3:$M$10000,MATCH($K40,[5]光真稼働日早見表!$Q$3:$Q$10000,0),1) -> 46031 | M40: 46043 | O40: ・ | P40: ・ | Q40: ・ | R40: ・ | S40: ・ | T40: ・ | U40: ・ | V40: ・ | Y40: ・ | Z40: ・ | AA40: 000393999 | AB40: JRS | AD40: YB-LA002 | AE40: =COUNTIFS(O40:Z40,"・") -> 10
A41: 1478 | C41: 612 | E41: 559 | F41: YB-LA002 | G41: 46031 | H41: 46044 | J41: ・ | K41: =IFERROR(INDEX('[6]Ｖ９－BH出荷・完了計画'!$B:$B,MATCH(A41,'[6]Ｖ９－BH出荷・完了計画'!$M:$M,0),1),K42) -> 46038 | L41: =INDEX([5]光真稼働日早見表!$M$3:$M$10000,MATCH($K41,[5]光真稼働日早見表!$Q$3:$Q$10000,0),1) -> 46031 | M41: 46044 | O41: ・ | P41: ・ | Q41: ・ | R41: ・ | S41: ・ | T41: ・ | U41: ・ | V41: ・ | Y41: ・ | Z41: ・ | AA41: 000394000 | AB41: JRS | AD41: YB-LA002 | AE41: =COUNTIFS(O41:Z41,"・") -> 10
A42: 1479 | C42: 613 | E42: 560 | F42: YB-LA002 | G42: 46031 | H42: 46044 | J42: ・ | K42: =IFERROR(INDEX('[6]Ｖ９－BH出荷・完了計画'!$B:$B,MATCH(A42,'[6]Ｖ９－BH出荷・完了計画'!$M:$M,0),1),K43) -> 46039 | L42: =INDEX([5]光真稼働日早見表!$M$3:$M$10000,MATCH($K42,[5]光真稼働日早見表!$Q$3:$Q$10000,0),1) -> 46035 | M42: 46044 | O42: ・ | P42: ・ | Q42: ・ | R42: ・ | S42: ・ | T42: ・ | U42: ・ | V42: ・ | Y42: ・ | Z42: ・ | AA42: 000393994 | AB42: JRS | AD42: YB-LA002 | AE42: =COUNTIFS(O42:Z42,"・") -> 10
A43: 1480 | C43: 614 | E43: 561 | F43: YB-LA002 | G43: 46031 | H43: 46044 | J43: ・ | K43: =IFERROR(INDEX('[6]Ｖ９－BH出荷・完了計画'!$B:$B,MATCH(A43,'[6]Ｖ９－BH出荷・完了計画'!$M:$M,0),1),K44) -> 46039 | L43: =INDEX([5]光真稼働日早見表!$M$3:$M$10000,MATCH($K43,[5]光真稼働日早見表!$Q$3:$Q$10000,0),1) -> 46035 | M43: 46044 | O43: ・ | P43: ・ | Q43: ・ | R43: ・ | S43: ・ | T43: ・ | U43: ・ | V43: ・ | Y43: ・ | Z43: ・ | AA43: 000393998 | AB43: JRS | AD43: YB-LA002 | AE43: =COUNTIFS(O43:Z43,"・") -> 10
A44: 1481 | C44: 615 | E44: 562 | F44: YB-LA002 | G44: 46035 | H44: 46045 | J44: ・ | K44: =IFERROR(INDEX('[6]Ｖ９－BH出荷・完了計画'!$B:$B,MATCH(A44,'[6]Ｖ９－BH出荷・完了計画'!$M:$M,0),1),K45) -> 46041 | L44: =INDEX([5]光真稼働日早見表!$M$3:$M$10000,MATCH($K44,[5]光真稼働日早見表!$Q$3:$Q$10000,0),1) -> 46036 | M44: 46045 | O44: ・ | P44: ・ | Q44: ・ | R44: ・ | S44: ・ | T44: ・ | U44: ・ | V44: ・ | Y44: ・ | Z44: ・ | AA44: 000393559 | AB44: JRS | AD44: YB-LA002 | AE44: =COUNTIFS(O44:Z44,"・") -> 10
A45: 1482 | C45: 616 | E45: 563 | F45: YB-LA002 | G45: 46035 | H45: 46045 | J45: ・ | K45: =IFERROR(INDEX('[6]Ｖ９－BH出荷・完了計画'!$B:$B,MATCH(A45,'[6]Ｖ９－BH出荷・完了計画'!$M:$M,0),1),K46) -> 46041 | L45: =INDEX([5]光真稼働日早見表!$M$3:$M$10000,MATCH($K45,[5]光真稼働日早見表!$Q$3:$Q$10000,0),1) -> 46036 | M45: 46045 | O45: ・ | P45: ・ | Q45: ・ | R45: ・ | S45: ・ | T45: ・ | U45: ・ | V45: ・ | Y45: ・ | Z45: ・ | AA45: 000394002 | AB45: JRS | AD45: YB-LA002 | AE45: =COUNTIFS(O45:Z45,"・") -> 10
A46: 1483 | C46: 617 | E46: 564 | F46: YB-LA002 | G46: 46035 | H46: 46045 | J46: ・ | K46: =IFERROR(INDEX('[6]Ｖ９－BH出荷・完了計画'!$B:$B,MATCH(A46,'[6]Ｖ９－BH出荷・完了計画'!$M:$M,0),1),K47) -> 46042 | L46: =INDEX([5]光真稼働日早見表!$M$3:$M$10000,MATCH($K46,[5]光真稼働日早見表!$Q$3:$Q$10000,0),1) -> 46037 | M46: 46045 | O46: ・ | P46: ・ | Q46: ・ | R46: ・ | S46: ・ | T46: ・ | U46: ・ | V46: ・ | Y46: ・ | Z46: ・ | AA46: 000394007 | AB46: JRS | AD46: YB-LA002 | AE46: =COUNTIFS(O46:Z46,"・") -> 10
A47: 1484 | C47: 618 | E47: 565 | F47: YB-LA002 | G47: 46036 | H47: 46048 | J47: ・ | K47: =IFERROR(INDEX('[6]Ｖ９－BH出荷・完了計画'!$B:$B,MATCH(A47,'[6]Ｖ９－BH出荷・完了計画'!$M:$M,0),1),K48) -> 46042 | L47: =INDEX([5]光真稼働日早見表!$M$3:$M$10000,MATCH($K47,[5]光真稼働日早見表!$Q$3:$Q$10000,0),1) -> 46037 | M47: 46048 | O47: ・ | P47: ・ | Q47: ・ | R47: ・ | S47: ・ | T47: ・ | U47: ・ | V47: ・ | Y47: ・ | Z47: ・ | AA47: 000393992 | AB47: JRS | AD47: YB-LA002 | AE47: =COUNTIFS(O47:Z47,"・") -> 10
A48: 1485 | C48: 619 | E48: 566 | F48: YB-LA002 | G48: 46036 | H48: 46048 | J48: ・ | K48: =IFERROR(INDEX('[6]Ｖ９－BH出荷・完了計画'!$B:$B,MATCH(A48,'[6]Ｖ９－BH出荷・完了計画'!$M:$M,0),1),K49) -> 46043 | L48: =INDEX([5]光真稼働日早見表!$M$3:$M$10000,MATCH($K48,[5]光真稼働日早見表!$Q$3:$Q$10000,0),1) -> 46038 | M48: 46048 | O48: ・ | P48: ・ | Q48: ・ | R48: ・ | S48: ・ | T48: ・ | U48: ・ | V48: ・ | Y48: ・ | Z48: ・ | AA48: 000393995 | AB48: JRS | AD48: YB-LA002 | AE48: =COUNTIFS(O48:Z48,"・") -> 10
A49: 1486 | C49: 620 | E49: 567 | F49: YB-LA002 | G49: 46036 | H49: 46048 | J49: ・ | K49: =IFERROR(INDEX('[6]Ｖ９－BH出荷・完了計画'!$B:$B,MATCH(A49,'[6]Ｖ９－BH出荷・完了計画'!$M:$M,0),1),K50) -> 46043 | L49: =INDEX([5]光真稼働日早見表!$M$3:$M$10000,MATCH($K49,[5]光真稼働日早見表!$Q$3:$Q$10000,0),1) -> 46038 | M49: 46048 | O49: ・ | P49: ・ | Q49: ・ | R49: ・ | S49: ・ | T49: ・ | U49: ・ | V49: ・ | Y49: ・ | Z49: ・ | AA49: 000394011 | AB49: JRS | AD49: YB-LA002 | AE49: =COUNTIFS(O49:Z49,"・") -> 10
A50: 1487 | C50: 621 | E50: 568 | F50: YB-LA002 | G50: 46037 | H50: 46049 | J50: ・ | K50: =IFERROR(INDEX('[6]Ｖ９－BH出荷・完了計画'!$B:$B,MATCH(A50,'[6]Ｖ９－BH出荷・完了計画'!$M:$M,0),1),K51) -> 46044 | L50: =INDEX([5]光真稼働日早見表!$M$3:$M$10000,MATCH($K50,[5]光真稼働日早見表!$Q$3:$Q$10000,0),1) -> 46039 | M50: 46049 | O50: ・ | P50: ・ | Q50: ・ | R50: ・ | S50: ・ | T50: ・ | U50: ・ | V50: ・ | Y50: ・ | Z50: ・ | AA50: 000393991 | AB50: JRS | AD50: YB-LA002 | AE50: =COUNTIFS(O50:Z50,"・") -> 10
A51: 1488 | C51: 622 | E51: 569 | F51: YB-LA002 | G51: 46037 | H51: 46049 | J51: ・ | K51: =IFERROR(INDEX('[6]Ｖ９－BH出荷・完了計画'!$B:$B,MATCH(A51,'[6]Ｖ９－BH出荷・完了計画'!$M:$M,0),1),K52) -> 46044 | L51: =INDEX([5]光真稼働日早見表!$M$3:$M$10000,MATCH($K51,[5]光真稼働日早見表!$Q$3:$Q$10000,0),1) -> 46039 | M51: 46049 | O51: ・ | P51: ・ | Q51: ・ | R51: ・ | S51: ・ | T51: ・ | U51: ・ | V51: ・ | Y51: ・ | Z51: ・ | AA51: 000393993 | AB51: JRS | AD51: YB-LA002 | AE51: =COUNTIFS(O51:Z51,"・") -> 10
... A55: 1492 | C55: 626 | E55: 573 | F55: YB-LA002 | G55: 46038 | H55: 46050 | J55: ・ | K55: =IFERROR(INDEX('[6]Ｖ９－BH出荷・完了計画'!$B:$B,MATCH(A55,'[6]Ｖ９－BH出荷・完了計画'!$M:$M,0),1),K56) -> 46048 | L55: =INDEX([5]光真稼働日早見表!$M$3:$M$10000,MATCH($K55,[5]光真稼働日早見表!$Q$3:$Q$10000,0),1) -> 46042 | M55: 46050 | O55: ・ | P55: ・ | Q55: ・ | R55: ・ | S55: ・ | T55: ・ | U55: ・ | V55: ・ | Y55: ・ | Z55: ・ | AA55: 000394008 | AB55: JRS | AD55: YB-LA002 | AE55: =COUNTIFS(O55:Z55,"・") -> 10
A56: 1493 | B56: 870 | D56: 923 | F56: YB-LA001 | G56: 46042 | H56: 46050 | J56: ・ | K56: =IFERROR(INDEX('[6]Ｖ９－BH出荷・完了計画'!$B:$B,MATCH(A56,'[6]Ｖ９－BH出荷・完了計画'!$M:$M,0),1),K57) -> 46048 | L56: =INDEX([5]光真稼働日早見表!$M$3:$M$10000,MATCH($K56,[5]光真稼働日早見表!$Q$3:$Q$10000,0),1) -> 46042 | M56: 46050 | O56: ・ | P56: ・ | Q56: ・ | R56: ・ | S56: ・ | T56: ・ | U56: ・ | V56: ・ | W56: ・ | X56: ・ | Z56: ・ | AA56: 000389423-01 | AB56: 先行生産 | AD56: YB-LA001 | AE56: =COUNTIFS(O56:Z56,"・") -> 11
A57: 1494 | C57: 627 | E57: 574 | F57: YB-LA002 | G57: 46041 | H57: 46051 | J57: ・ | K57: =IFERROR(INDEX('[6]Ｖ９－BH出荷・完了計画'!$B:$B,MATCH(A57,'[6]Ｖ９－BH出荷・完了計画'!$M:$M,0),1),K58) -> 46049 | L57: =INDEX([5]光真稼働日早見表!$M$3:$M$10000,MATCH($K57,[5]光真稼働日早見表!$Q$3:$Q$10000,0),1) -> 46043 | M57: 46051 | O57: ・ | P57: ・ | Q57: ・ | R57: ・ | S57: ・ | T57: ・ | U57: ・ | V57: ・ | Y57: ・ | Z57: ・ | AA57: 000394003 | AB57: JRS | AD57: YB-LA002 | AE57: =COUNTIFS(O57:Z57,"・") -> 10
A58: 1495 | C58: 628 | E58: 575 | F58: YB-LA002 | G58: 46041 | H58: 46051 | J58: ・ | K58: =IFERROR(INDEX('[6]Ｖ９－BH出荷・完了計画'!$B:$B,MATCH(A58,'[6]Ｖ９－BH出荷・完了計画'!$M:$M,0),1),K59) -> 46049 | L58: =INDEX([5]光真稼働日早見表!$M$3:$M$10000,MATCH($K58,[5]光真稼働日早見表!$Q$3:$Q$10000,0),1) -> 46043 | M58: 46051 | O58: ・ | P58: ・ | Q58: ・ | R58: ・ | S58: ・ | T58: ・ | U58: ・ | V58: ・ | Y58: ・ | Z58: ・ | AA58: 000394004 | AB58: JRS | AD58: YB-LA002 | AE58: =COUNTIFS(O58:Z58,"・") -> 10
A59: 1496 | C59: 629 | E59: 576 | F59: YB-LA002 | G59: 46041 | H59: 46051 | J59: ・ | K59: =IFERROR(INDEX('[6]Ｖ９－BH出荷・完了計画'!$B:$B,MATCH(A59,'[6]Ｖ９－BH出荷・完了計画'!$M:$M,0),1),K60) -> 46049 | L59: =INDEX([5]光真稼働日早見表!$M$3:$M$10000,MATCH($K59,[5]光真稼働日早見表!$Q$3:$Q$10000,0),1) -> 46043 | M59: 46051 | O59: ・ | P59: ・ | Q59: ・ | R59: ・ | S59: ・ | T59: ・ | U59: ・ | V59: ・ | Y59: ・ | Z59: ・ | AA59: 000394009 | AB59: JRS | AD59: YB-LA002 | AE59: =COUNTIFS(O59:Z59,"・") -> 10
A60: 1497 | B60: 871 | D60: 924 | F60: YB-LA001 | G60: 46041 | H60: 46051 | J60: ・ | K60: =IFERROR(INDEX('[6]Ｖ９－BH出荷・完了計画'!$B:$B,MATCH(A60,'[6]Ｖ９－BH出荷・完了計画'!$M:$M,0),1),K61) -> 46050 | L60: =INDEX([5]光真稼働日早見表!$M$3:$M$10000,MATCH($K60,[5]光真稼働日早見表!$Q$3:$Q$10000,0),1) -> 46044 | M60: 46051 | O60: ・ | P60: ・ | Q60: ・ | R60: ・ | S60: ・ | T60: ・ | U60: ・ | V60: ・ | W60: ・ | X60: ・ | Z60: ・ | AA60: 000385099 | AB60: 近鉄 | AC60: 東花園 | AE60: =COUNTIFS(O60:Z60,"・") -> 11
A61: 1498 | B61: 872 | D61: 925 | F61: YB-LA001 | G61: 46042 | H61: 46051 | J61: ・ | K61: =IFERROR(INDEX('[6]Ｖ９－BH出荷・完了計画'!$B:$B,MATCH(A61,'[6]Ｖ９－BH出荷・完了計画'!$M:$M,0),1),K62) -> 46050 | L61: =INDEX([5]光真稼働日早見表!$M$3:$M$10000,MATCH($K61,[5]光真稼働日早見表!$Q$3:$Q$10000,0),1) -> 46044 | M61: 46051 | O61: ・ | P61: ・ | Q61: ・ | R61: ・ | S61: ・ | T61: ・ | U61: ・ | V61: ・ | W61: ・ | X61: ・ | Z61: ・ | AA61: 000389423-02 | AB61: 先行生産 | AD61: YB-LA001 | AE61: =COUNTIFS(O61:Z61,"・") -> 11
A62: 1499 | C62: 630 | E62: 577 | F62: YB-LA002 | G62: 46042 | H62: 46052 | J62: ・ | K62: =IFERROR(INDEX('[6]Ｖ９－BH出荷・完了計画'!$B:$B,MATCH(A62,'[6]Ｖ９－BH出荷・完了計画'!$M:$M,0),1),K63) -> 46050 | L62: =INDEX([5]光真稼働日早見表!$M$3:$M$10000,MATCH($K62,[5]光真稼働日早見表!$Q$3:$Q$10000,0),1) -> 46044 | M62: 46052 | O62: ・ | P62: ・ | Q62: ・ | R62: ・ | S62: ・ | T62: ・ | U62: ・ | V62: ・ | Y62: ・ | Z62: ・ | AA62: 000393997 | AB62: JRS | AD62: YB-LA002 | AE62: =COUNTIFS(O62:Z62,"・") -> 10
A63: 1500 | C63: 631 | E63: 578 | F63: YB-LA002 | G63: 46042 | H63: 46052 | J63: ・ | K63: =IFERROR(INDEX('[6]Ｖ９－BH出荷・完了計画'!$B:$B,MATCH(A63,'[6]Ｖ９－BH出荷・完了計画'!$M:$M,0),1),K64) -> 46051 | L63: =INDEX([5]光真稼働日早見表!$M$3:$M$10000,MATCH($K63,[5]光真稼働日早見表!$Q$3:$Q$10000,0),1) -> 46045 | M63: 46052 | O63: ・ | P63: ・ | Q63: ・ | R63: ・ | S63: ・ | T63: ・ | U63: ・ | V63: ・ | Y63: ・ | Z63: ・ | AA63: 000394010 | AB63: JRS | AD63: YB-LA002 | AE63: =COUNTIFS(O63:Z63,"・") -> 10
A64: 1501 | C64: 632 | E64: 579 | F64: YB-LA002 | G64: 46042 | H64: 46052 | J64: ・ | K64: =IFERROR(INDEX('[6]Ｖ９－BH出荷・完了計画'!$B:$B,MATCH(A64,'[6]Ｖ９－BH出荷・完了計画'!$M:$M,0),1),K65) -> 46051 | L64: =INDEX([5]光真稼働日早見表!$M$3:$M$10000,MATCH($K64,[5]光真稼働日早見表!$Q$3:$Q$10000,0),1) -> 46045 | M64: 46052 | O64: ・ | P64: ・ | Q64: ・ | R64: ・ | S64: ・ | T64: ・ | U64: ・ | V64: ・ | Y64: ・ | Z64: ・ | AA64: 000394012 | AB64: JRS | AD64: YB-LA002 | AE64: =COUNTIFS(O64:Z64,"・") -> 10
A65: 1502 | B65: 873 | D65: 926 | F65: YB-LA001 | G65: 46042 | H65: 46052 | J65: ・ | K65: =IFERROR(INDEX('[6]Ｖ９－BH出荷・完了計画'!$B:$B,MATCH(A65,'[6]Ｖ９－BH出荷・完了計画'!$M:$M,0),1),K66) -> 46051 | L65: =INDEX([5]光真稼働日早見表!$M$3:$M$10000,MATCH($K65,[5]光真稼働日早見表!$Q$3:$Q$10000,0),1) -> 46045 | M65: 46052 | O65: ・ | P65: ・ | Q65: ・ | R65: ・ | S65: ・ | T65: ・ | U65: ・ | V65: ・ | W65: ・ | X65: ・ | Z65: ・ | AA65: 000389423-03 | AB65: 先行生産 | AD65: YB-LA001 | AE65: =COUNTIFS(O65:Z65,"・") -> 11
A66: 1503 | C66: 633 | E66: 580 | F66: YB-LA002 | G66: 46043 | H66: 46055 | J66: ・ | K66: =IFERROR(INDEX('[6]Ｖ９－BH出荷・完了計画'!$B:$B,MATCH(A66,'[6]Ｖ９－BH出荷・完了計画'!$M:$M,0),1),K67) -> 46052 | L66: =INDEX([5]光真稼働日早見表!$M$3:$M$10000,MATCH($K66,[5]光真稼働日早見表!$Q$3:$Q$10000,0),1) -> 46048 | M66: 46055 | O66: ・ | P66: ・ | Q66: ・ | R66: ・ | S66: ・ | T66: ・ | U66: ・ | V66: ・ | Y66: ・ | Z66: ・ | AA66: 000393996 | AB66: JRS | AD66: YB-LA002 | AE66: =COUNTIFS(O66:Z66,"・") -> 10
A67: 1504 | B67: 874 | D67: 927 | F67: YB-LA001 | G67: 46042 | H67: 46055 | J67: ・ | K67: =IFERROR(INDEX('[6]Ｖ９－BH出荷・完了計画'!$B:$B,MATCH(A67,'[6]Ｖ９－BH出荷・完了計画'!$M:$M,0),1),K68) -> 46052 | L67: =INDEX([5]光真稼働日早見表!$M$3:$M$10000,MATCH($K67,[5]光真稼働日早見表!$Q$3:$Q$10000,0),1) -> 46048 | M67: 46055 | O67: ・ | P67: ・ | Q67: ・ | R67: ・ | S67: ・ | T67: ・ | U67: ・ | V67: ・ | W67: ・ | X67: ・ | Z67: ・ | AA67: 000389423-04 | AB67: 先行生産 | AD67: YB-LA001 | AE67: =COUNTIFS(O67:Z67,"・") -> 11
A68: 1505 | B68: 875 | D68: 928 | F68: YB-LA001 | G68: 46042 | H68: 46055 | J68: ・ | K68: =IFERROR(INDEX('[6]Ｖ９－BH出荷・完了計画'!$B:$B,MATCH(A68,'[6]Ｖ９－BH出荷・完了計画'!$M:$M,0),1),K69) -> 46052 | L68: =INDEX([5]光真稼働日早見表!$M$3:$M$10000,MATCH($K68,[5]光真稼働日早見表!$Q$3:$Q$10000,0),1) -> 46048 | M68: 46055 | O68: ・ | P68: ・ | Q68: ・ | R68: ・ | S68: ・ | T68: ・ | U68: ・ | V68: ・ | W68: ・ | X68: ・ | Z68: ・ | AA68: 000389423-05 | AB68: 先行生産 | AD68: YB-LA001 | AE68: =COUNTIFS(O68:Z68,"・") -> 11
A69: 1506 | B69: 876 | D69: 929 | F69: YB-LA001 | G69: 46044 | H69: 46056 | J69: ・ | K69: =IFERROR(INDEX('[6]Ｖ９－BH出荷・完了計画'!$B:$B,MATCH(A69,'[6]Ｖ９－BH出荷・完了計画'!$M:$M,0),1),K70) -> 46055 | L69: =INDEX([5]光真稼働日早見表!$M$3:$M$10000,MATCH($K69,[5]光真稼働日早見表!$Q$3:$Q$10000,0),1) -> 46049 | M69: 46056 | O69: ・ | P69: ・ | Q69: ・ | R69: ・ | S69: ・ | T69: ・ | U69: ・ | V69: ・ | W69: ・ | X69: ・ | Z69: ・ | AA69: 000385430 | AB69: HRT | AD69: YB-LAX006 | AE69: =COUNTIFS(O69:Z69,"・") -> 11
A70: 1507 | C70: 634 | E70: 581 | F70: YB-LA002 | G70: 46044 | H70: 46056 | J70: ・ | K70: =IFERROR(INDEX('[6]Ｖ９－BH出荷・完了計画'!$B:$B,MATCH(A70,'[6]Ｖ９－BH出荷・完了計画'!$M:$M,0),1),K71) -> 46055 | L70: =INDEX([5]光真稼働日早見表!$M$3:$M$10000,MATCH($K70,[5]光真稼働日早見表!$Q$3:$Q$10000,0),1) -> 46049 | M70: 46056 | O70: ・ | P70: ・ | Q70: ・ | R70: ・ | S70: ・ | T70: ・ | U70: ・ | V70: ・ | Y70: ・ | Z70: ・ | AA70: 000396282 | AB70: JRS | AD70: YB-LA002 | AE70: =COUNTIFS(O70:Z70,"・") -> 10
A71: 1508 | B71: 877 | D71: 930 | F71: YB-LA001 | G71: 46042 | H71: 46056 | J71: ・ | K71: =IFERROR(INDEX('[6]Ｖ９－BH出荷・完了計画'!$B:$B,MATCH(A71,'[6]Ｖ９－BH出荷・完了計画'!$M:$M,0),1),K72) -> 46055 | L71: =INDEX([5]光真稼働日早見表!$M$3:$M$10000,MATCH($K71,[5]光真稼働日早見表!$Q$3:$Q$10000,0),1) -> 46049 | M71: 46056 | O71: ・ | P71: ・ | Q71: ・ | R71: ・ | S71: ・ | T71: ・ | U71: ・ | V71: ・ | W71: ・ | X71: ・ | Z71: ・ | AA71: 000389423-06 | AB71: 先行生産 | AD71: YB-LA001 | AE71: =COUNTIFS(O71:Z71,"・") -> 11
A72: 1509 | C72: 635 | E72: 582 | F72: YB-LA002 | G72: 46045 | H72: 46057 | J72: ・ | K72: =IFERROR(INDEX('[6]Ｖ９－BH出荷・完了計画'!$B:$B,MATCH(A72,'[6]Ｖ９－BH出荷・完了計画'!$M:$M,0),1),K73) -> 46056 | L72: =INDEX([5]光真稼働日早見表!$M$3:$M$10000,MATCH($K72,[5]光真稼働日早見表!$Q$3:$Q$10000,0),1) -> 46050 | M72: 46057 | O72: ・ | P72: ・ | Q72: ・ | R72: ・ | S72: ・ | T72: ・ | U72: ・ | V72: ・ | Y72: ・ | Z72: ・ | AA72: 000391789 | AB72: JRS | AD72: YB-LA002 | AE72: =COUNTIFS(O72:Z72,"・") -> 10
A73: 1510 | C73: 636 | E73: 583 | F73: YB-LA002 | G73: 46045 | H73: 46057 | J73: ・ | K73: =IFERROR(INDEX('[6]Ｖ９－BH出荷・完了計画'!$B:$B,MATCH(A73,'[6]Ｖ９－BH出荷・完了計画'!$M:$M,0),1),K74) -> 46056 | L73: =INDEX([5]光真稼働日早見表!$M$3:$M$10000,MATCH($K73,[5]光真稼働日早見表!$Q$3:$Q$10000,0),1) -> 46050 | M73: 46057 | O73: ・ | P73: ・ | Q73: ・ | R73: ・ | S73: ・ | T73: ・ | U73: ・ | V73: ・ | Y73: ・ | Z73: ・ | AA73: 000396287 | AB73: JRS | AD73: YB-LA002 | AE73: =COUNTIFS(O73:Z73,"・") -> 10
A74: 1511 | C74: 637 | E74: 584 | F74: YB-LA002 | G74: 46048 | H74: 46058 | J74: ・ | K74: =IFERROR(INDEX('[6]Ｖ９－BH出荷・完了計画'!$B:$B,MATCH(A74,'[6]Ｖ９－BH出荷・完了計画'!$M:$M,0),1),K75) -> 46057 | L74: =INDEX([5]光真稼働日早見表!$M$3:$M$10000,MATCH($K74,[5]光真稼働日早見表!$Q$3:$Q$10000,0),1) -> 46051 | M74: 46058 | O74: ・ | P74: ・ | Q74: ・ | R74: ・ | S74: ・ | T74: ・ | U74: ・ | V74: ・ | Y74: ・ | Z74: ・ | AA74: 000396284 | AB74: JRS | AD74: YB-LA002 | AE74: =COUNTIFS(O74:Z74,"・") -> 10
A75: 1512 | C75: 638 | E75: 585 | F75: YB-LA002 | G75: 46048 | H75: 46058 | J75: ・ | K75: =IFERROR(INDEX('[6]Ｖ９－BH出荷・完了計画'!$B:$B,MATCH(A75,'[6]Ｖ９－BH出荷・完了計画'!$M:$M,0),1),K76) -> 46057 | L75: =INDEX([5]光真稼働日早見表!$M$3:$M$10000,MATCH($K75,[5]光真稼働日早見表!$Q$3:$Q$10000,0),1) -> 46051 | M75: 46058 | O75: ・ | P75: ・ | Q75: ・ | R75: ・ | S75: ・ | T75: ・ | U75: ・ | V75: ・ | Y75: ・ | Z75: ・ | AA75: 000396288 | AB75: JRS | AD75: YB-LA002 | AE75: =COUNTIFS(O75:Z75,"・") -> 10
A76: 1513 | C76: 639 | E76: 586 | F76: YB-LA002 | G76: 46049 | H76: 46059 | J76: ・ | K76: =IFERROR(INDEX('[6]Ｖ９－BH出荷・完了計画'!$B:$B,MATCH(A76,'[6]Ｖ９－BH出荷・完了計画'!$M:$M,0),1),K77) -> 46058 | L76: =INDEX([5]光真稼働日早見表!$M$3:$M$10000,MATCH($K76,[5]光真稼働日早見表!$Q$3:$Q$10000,0),1) -> 46052 | M76: 46059 | O76: ・ | P76: ・ | Q76: ・ | R76: ・ | S76: ・ | T76: ・ | U76: ・ | V76: ・ | Y76: ・ | Z76: ・ | AA76: 000396285 | AB76: JRS | AD76: YB-LA002 | AE76: =COUNTIFS(O76:Z76,"・") -> 10
A77: 1514 | C77: 640 | E77: 587 | F77: YB-LA002 | G77: 46049 | H77: 46059 | J77: ・ | K77: =IFERROR(INDEX('[6]Ｖ９－BH出荷・完了計画'!$B:$B,MATCH(A77,'[6]Ｖ９－BH出荷・完了計画'!$M:$M,0),1),K78) -> 46058 | L77: =INDEX([5]光真稼働日早見表!$M$3:$M$10000,MATCH($K77,[5]光真稼働日早見表!$Q$3:$Q$10000,0),1) -> 46052 | M77: 46059 | O77: ・ | P77: ・ | Q77: ・ | R77: ・ | S77: ・ | T77: ・ | U77: ・ | V77: ・ | Y77: ・ | Z77: ・ | AA77: 000396293 | AB77: JRS | AD77: YB-LA002 | AE77: =COUNTIFS(O77:Z77,"・") -> 10
A78: 1515 | C78: 641 | E78: 588 | F78: YB-LA002 | G78: 46050 | H78: 46062 | J78: ・ | K78: =IFERROR(INDEX('[6]Ｖ９－BH出荷・完了計画'!$B:$B,MATCH(A78,'[6]Ｖ９－BH出荷・完了計画'!$M:$M,0),1),K79) -> 46059 | L78: =INDEX([5]光真稼働日早見表!$M$3:$M$10000,MATCH($K78,[5]光真稼働日早見表!$Q$3:$Q$10000,0),1) -> 46055 | M78: 46062 | O78: ・ | P78: ・ | Q78: ・ | R78: ・ | S78: ・ | T78: ・ | U78: ・ | V78: ・ | Y78: ・ | Z78: ・ | AA78: 000396286 | AB78: JRS | AD78: YB-LA002 | AE78: =COUNTIFS(O78:Z78,"・") -> 10
A79: 1516 | C79: 642 | E79: 589 | F79: YB-LA002 | G79: 46050 | H79: 46062 | J79: ・ | K79: =IFERROR(INDEX('[6]Ｖ９－BH出荷・完了計画'!$B:$B,MATCH(A79,'[6]Ｖ９－BH出荷・完了計画'!$M:$M,0),1),K80) -> 46059 | L79: =INDEX([5]光真稼働日早見表!$M$3:$M$10000,MATCH($K79,[5]光真稼働日早見表!$Q$3:$Q$10000,0),1) -> 46055 | M79: 46062 | O79: ・ | P79: ・ | Q79: ・ | R79: ・ | S79: ・ | T79: ・ | U79: ・ | V79: ・ | Y79: ・ | Z79: ・ | AA79: 000396291 | AB79: JRS | AD79: YB-LA002 | AE79: =COUNTIFS(O79:Z79,"・") -> 10
A80: 1517 | C80: 643 | E80: 590 | F80: YB-LA002 | G80: 46051 | H80: 46063 | J80: ・ | K80: =IFERROR(INDEX('[6]Ｖ９－BH出荷・完了計画'!$B:$B,MATCH(A80,'[6]Ｖ９－BH出荷・完了計画'!$M:$M,0),1),K81) -> 46062 | L80: =INDEX([5]光真稼働日早見表!$M$3:$M$10000,MATCH($K80,[5]光真稼働日早見表!$Q$3:$Q$10000,0),1) -> 46056 | M80: 46063 | O80: ・ | P80: ・ | Q80: ・ | R80: ・ | S80: ・ | T80: ・ | U80: ・ | V80: ・ | Y80: ・ | Z80: ・ | AA80: 000396289 | AB80: JRS | AD80: YB-LA002 | AE80: =COUNTIFS(O80:Z80,"・") -> 10
A81: 1518 | C81: 644 | E81: 591 | F81: YB-LA002 | G81: 46051 | H81: 46063 | J81: ・ | K81: =IFERROR(INDEX('[6]Ｖ９－BH出荷・完了計画'!$B:$B,MATCH(A81,'[6]Ｖ９－BH出荷・完了計画'!$M:$M,0),1),K82) -> 46062 | L81: =INDEX([5]光真稼働日早見表!$M$3:$M$10000,MATCH($K81,[5]光真稼働日早見表!$Q$3:$Q$10000,0),1) -> 46056 | M81: 46063 | O81: ・ | P81: ・ | Q81: ・ | R81: ・ | S81: ・ | T81: ・ | U81: ・ | V81: ・ | Y81: ・ | Z81: ・ | AA81: 000396292 | AB81: JRS | AD81: YB-LA002 | AE81: =COUNTIFS(O81:Z81,"・") -> 10
A82: 1519 | C82: 645 | E82: 592 | F82: YB-LA002 | G82: 46052 | H82: 46065 | J82: ・ | K82: =IFERROR(INDEX('[6]Ｖ９－BH出荷・完了計画'!$B:$B,MATCH(A82,'[6]Ｖ９－BH出荷・完了計画'!$M:$M,0),1),K83) -> 46063 | L82: =INDEX([5]光真稼働日早見表!$M$3:$M$10000,MATCH($K82,[5]光真稼働日早見表!$Q$3:$Q$10000,0),1) -> 46057 | M82: 46065 | O82: ・ | P82: ・ | Q82: ・ | R82: ・ | S82: ・ | T82: ・ | U82: ・ | V82: ・ | Y82: ・ | Z82: ・ | AA82: 000396281 | AB82: JRS | AD82: YB-LA002 | AE82: =COUNTIFS(O82:Z82,"・") -> 10
A83: 1520 | C83: 646 | E83: 593 | F83: YB-LA002 | G83: 46052 | H83: 46065 | J83: ・ | K83: =IFERROR(INDEX('[6]Ｖ９－BH出荷・完了計画'!$B:$B,MATCH(A83,'[6]Ｖ９－BH出荷・完了計画'!$M:$M,0),1),K84) -> 46063 | L83: =INDEX([5]光真稼働日早見表!$M$3:$M$10000,MATCH($K83,[5]光真稼働日早見表!$Q$3:$Q$10000,0),1) -> 46057 | M83: 46065 | O83: ・ | P83: ・ | Q83: ・ | R83: ・ | S83: ・ | T83: ・ | U83: ・ | V83: ・ | Y83: ・ | Z83: ・ | AA83: 000396283 | AB83: JRS | AD83: YB-LA002 | AE83: =COUNTIFS(O83:Z83,"・") -> 10
... A86: 1523 | C86: 649 | E86: 596 | F86: YB-LA002 | G86: 46057 | H86: 46070 | J86: ・ | K86: =IFERROR(INDEX('[6]Ｖ９－BH出荷・完了計画'!$B:$B,MATCH(A86,'[6]Ｖ９－BH出荷・完了計画'!$M:$M,0),1),K87) -> 46069 | L86: =INDEX([5]光真稼働日早見表!$M$3:$M$10000,MATCH($K86,[5]光真稼働日早見表!$Q$3:$Q$10000,0),1) -> 46062 | M86: 46070 | O86: ・ | P86: ・ | Q86: ・ | R86: ・ | S86: ・ | T86: ・ | U86: ・ | V86: ・ | Y86: ・ | Z86: ・ | AA86: 000390849 | AB86: JRS | AD86: YB-LA002 | AE86: =COUNTIFS(O86:Z86,"・") -> 10
A87: 1524 | B87: 878 | D87: 931 | F87: YB-LA001 | H87: 46078 | J87: ・ | K87: =IFERROR(INDEX('[6]Ｖ９－BH出荷・完了計画'!$B:$B,MATCH(A87,'[6]Ｖ９－BH出荷・完了計画'!$M:$M,0),1),K88) -> 46073 | L87: =INDEX([5]光真稼働日早見表!$M$3:$M$10000,MATCH($K87,[5]光真稼働日早見表!$Q$3:$Q$10000,0),1) -> 46069 | M87: 46078 | O87: ・ | P87: ・ | Q87: ・ | R87: ・ | S87: ・ | T87: ・ | U87: ・ | V87: ・ | W87: ・ | X87: ・ | Z87: ・ | AA87: 000389428-01 | AB87: 先行生産 | AD87: YB-LA001 | AE87: =COUNTIFS(O87:Z87,"・") -> 11
A88: 1525 | B88: 879 | D88: 932 | F88: YB-LA001 | H88: 46078 | J88: ・ | K88: =IFERROR(INDEX('[6]Ｖ９－BH出荷・完了計画'!$B:$B,MATCH(A88,'[6]Ｖ９－BH出荷・完了計画'!$M:$M,0),1),K89) -> 46077 | L88: =INDEX([5]光真稼働日早見表!$M$3:$M$10000,MATCH($K88,[5]光真稼働日早見表!$Q$3:$Q$10000,0),1) -> 46070 | M88: 46078 | O88: ・ | P88: ・ | Q88: ・ | R88: ・ | S88: ・ | T88: ・ | U88: ・ | V88: ・ | W88: ・ | X88: ・ | Z88: ・ | AA88: 000389428-02 | AB88: 先行生産 | AD88: YB-LA001 | AE88: =COUNTIFS(O88:Z88,"・") -> 11
A89: 1526 | B89: 880 | D89: 933 | F89: YB-LA001 | H89: 46079 | J89: ・ | K89: =IFERROR(INDEX('[6]Ｖ９－BH出荷・完了計画'!$B:$B,MATCH(A89,'[6]Ｖ９－BH出荷・完了計画'!$M:$M,0),1),K90) -> 46078 | L89: =INDEX([5]光真稼働日早見表!$M$3:$M$10000,MATCH($K89,[5]光真稼働日早見表!$Q$3:$Q$10000,0),1) -> 46071 | M89: 46079 | O89: ・ | P89: ・ | Q89: ・ | R89: ・ | S89: ・ | T89: ・ | U89: ・ | V89: ・ | W89: ・ | X89: ・ | Z89: ・ | AA89: 000389428-03 | AB89: 先行生産 | AD89: YB-LA001 | AE89: =COUNTIFS(O89:Z89,"・") -> 11
A90: 1527 | B90: 881 | D90: 934 | F90: YB-LA001 | H90: 46080 | J90: ・ | K90: =IFERROR(INDEX('[6]Ｖ９－BH出荷・完了計画'!$B:$B,MATCH(A90,'[6]Ｖ９－BH出荷・完了計画'!$M:$M,0),1),K91) -> 46079 | L90: =INDEX([5]光真稼働日早見表!$M$3:$M$10000,MATCH($K90,[5]光真稼働日早見表!$Q$3:$Q$10000,0),1) -> 46072 | M90: 46080 | O90: ・ | P90: ・ | Q90: ・ | R90: ・ | S90: ・ | T90: ・ | U90: ・ | V90: ・ | W90: ・ | X90: ・ | Z90: ・ | AA90: 000389428-04 | AB90: 先行生産 | AD90: YB-LA001 | AE90: =COUNTIFS(O90:Z90,"・") -> 11
A91: 1528 | B91: 882 | D91: 935 | F91: YB-LA001 | H91: 46083 | J91: ・ | K91: =IFERROR(INDEX('[6]Ｖ９－BH出荷・完了計画'!$B:$B,MATCH(A91,'[6]Ｖ９－BH出荷・完了計画'!$M:$M,0),1),K92) -> 46080 | L91: =INDEX([5]光真稼働日早見表!$M$3:$M$10000,MATCH($K91,[5]光真稼働日早見表!$Q$3:$Q$10000,0),1) -> 46073 | M91: 46083 | O91: ・ | P91: ・ | Q91: ・ | R91: ・ | S91: ・ | T91: ・ | U91: ・ | V91: ・ | W91: ・ | X91: ・ | Z91: ・ | AA91: 000389428-05 | AB91: 先行生産 | AD91: YB-LA001 | AE91: =COUNTIFS(O91:Z91,"・") -> 11
A92: 1529 | B92: 883 | D92: 936 | F92: YB-LA001 | H92: 46084 | J92: ・ | K92: =IFERROR(INDEX('[6]Ｖ９－BH出荷・完了計画'!$B:$B,MATCH(A92,'[6]Ｖ９－BH出荷・完了計画'!$M:$M,0),1),K93) -> 46083 | L92: =INDEX([5]光真稼働日早見表!$M$3:$M$10000,MATCH($K92,[5]光真稼働日早見表!$Q$3:$Q$10000,0),1) -> 46077 | M92: 46084 | O92: ・ | P92: ・ | Q92: ・ | R92: ・ | S92: ・ | T92: ・ | U92: ・ | V92: ・ | W92: ・ | X92: ・ | Z92: ・ | AA92: 000389428-06 | AB92: 先行生産 | AD92: YB-LA001 | AE92: =COUNTIFS(O92:Z92,"・") -> 11
A93: 1530 | B93: 884 | D93: 937 | F93: YB-LA001 | H93: 46104 | J93: ・ | K93: =IFERROR(INDEX('[6]Ｖ９－BH出荷・完了計画'!$B:$B,MATCH(A93,'[6]Ｖ９－BH出荷・完了計画'!$M:$M,0),1),K94) -> 46092 | L93: =INDEX([5]光真稼働日早見表!$M$3:$M$10000,MATCH($K93,[5]光真稼働日早見表!$Q$3:$Q$10000,0),1) -> 46086 | M93: 46104 | O93: ・ | P93: ・ | Q93: ・ | R93: ・ | S93: ・ | T93: ・ | U93: ・ | V93: ・ | W93: ・ | X93: ・ | Z93: ・ | AA93: 000389430-01 | AB93: 先行生産 | AD93: YB-LA001 | AE93: =COUNTIFS(O93:Z93,"・") -> 11
A94: 1531 | B94: 885 | D94: 938 | F94: YB-LA001 | H94: 46104 | J94: ・ | K94: =IFERROR(INDEX('[6]Ｖ９－BH出荷・完了計画'!$B:$B,MATCH(A94,'[6]Ｖ９－BH出荷・完了計画'!$M:$M,0),1),K95) -> 46093 | L94: =INDEX([5]光真稼働日早見表!$M$3:$M$10000,MATCH($K94,[5]光真稼働日早見表!$Q$3:$Q$10000,0),1) -> 46087 | M94: 46104 | O94: ・ | P94: ・ | Q94: ・ | R94: ・ | S94: ・ | T94: ・ | U94: ・ | V94: ・ | W94: ・ | X94: ・ | Z94: ・ | AA94: 000389430-02 | AB94: 先行生産 | AD94: YB-LA001 | AE94: =COUNTIFS(O94:Z94,"・") -> 11
A95: 1532 | B95: 886 | D95: 939 | F95: YB-LA001 | H95: 46104 | J95: ・ | K95: =IFERROR(INDEX('[6]Ｖ９－BH出荷・完了計画'!$B:$B,MATCH(A95,'[6]Ｖ９－BH出荷・完了計画'!$M:$M,0),1),K96) -> 46094 | L95: =INDEX([5]光真稼働日早見表!$M$3:$M$10000,MATCH($K95,[5]光真稼働日早見表!$Q$3:$Q$10000,0),1) -> 46090 | M95: 46104 | O95: ・ | P95: ・ | Q95: ・ | R95: ・ | S95: ・ | T95: ・ | U95: ・ | V95: ・ | W95: ・ | X95: ・ | Z95: ・ | AA95: 000389430-03 | AB95: 先行生産 | AD95: YB-LA001 | AE95: =COUNTIFS(O95:Z95,"・") -> 11
A96: 1533 | B96: 887 | D96: 940 | F96: YB-LA001 | H96: 46105 | J96: ・ | K96: =IFERROR(INDEX('[6]Ｖ９－BH出荷・完了計画'!$B:$B,MATCH(A96,'[6]Ｖ９－BH出荷・完了計画'!$M:$M,0),1),K97) -> 46097 | L96: =INDEX([5]光真稼働日早見表!$M$3:$M$10000,MATCH($K96,[5]光真稼働日早見表!$Q$3:$Q$10000,0),1) -> 46091 | M96: 46105 | O96: ・ | P96: ・ | Q96: ・ | R96: ・ | S96: ・ | T96: ・ | U96: ・ | V96: ・ | W96: ・ | X96: ・ | Z96: ・ | AA96: 000389430-04 | AB96: 先行生産 | AD96: YB-LA001 | AE96: =COUNTIFS(O96:Z96,"・") -> 11
A97: 1534 | B97: 888 | D97: 941 | F97: YB-LA001 | H97: 46105 | J97: ・ | K97: =IFERROR(INDEX('[6]Ｖ９－BH出荷・完了計画'!$B:$B,MATCH(A97,'[6]Ｖ９－BH出荷・完了計画'!$M:$M,0),1),K98) -> 46098 | L97: =INDEX([5]光真稼働日早見表!$M$3:$M$10000,MATCH($K97,[5]光真稼働日早見表!$Q$3:$Q$10000,0),1) -> 46092 | M97: 46105 | O97: ・ | P97: ・ | Q97: ・ | R97: ・ | S97: ・ | T97: ・ | U97: ・ | V97: ・ | W97: ・ | X97: ・ | Z97: ・ | AA97: 000389430-05 | AB97: 先行生産 | AD97: YB-LA001 | AE97: =COUNTIFS(O97:Z97,"・") -> 11
A98: 1535 | B98: 889 | D98: 942 | F98: YB-LA001 | H98: 46105 | J98: ・ | K98: =IFERROR(INDEX('[6]Ｖ９－BH出荷・完了計画'!$B:$B,MATCH(A98,'[6]Ｖ９－BH出荷・完了計画'!$M:$M,0),1),K99) -> 46099 | L98: =INDEX([5]光真稼働日早見表!$M$3:$M$10000,MATCH($K98,[5]光真稼働日早見表!$Q$3:$Q$10000,0),1) -> 46093 | M98: 46105 | O98: ・ | P98: ・ | Q98: ・ | R98: ・ | S98: ・ | T98: ・ | U98: ・ | V98: ・ | W98: ・ | X98: ・ | Z98: ・ | AA98: 000389430-06 | AB98: 先行生産 | AD98: YB-LA001 | AE98: =COUNTIFS(O98:Z98,"・") -> 11
... A104: 1541 | B104: 895 | D104: 948 | F104: YB-LA001 | H104: 46112 | J104: ・ | K104: =IFERROR(INDEX('[6]Ｖ９－BH出荷・完了計画'!$B:$B,MATCH(A104,'[6]Ｖ９－BH出荷・完了計画'!$M:$M,0),1),K105) -> 46107 | L104: =INDEX([5]光真稼働日早見表!$M$3:$M$10000,MATCH($K104,[5]光真稼働日早見表!$Q$3:$Q$10000,0),1) -> 46100 | M104: 46112 | O104: ・ | P104: ・ | Q104: ・ | R104: ・ | S104: ・ | T104: ・ | U104: ・ | V104: ・ | W104: ・ | X104: ・ | Z104: ・ | AA104: 000389430-12 | AB104: 先行生産 | AD104: YB-LA001 | AE104: =COUNTIFS(O104:Z104,"・") -> 11
A105: 1542 | B105: 896 | D105: 949 | F105: YB-LA001 | H105: 46113 | K105: =IFERROR(INDEX('[6]Ｖ９－BH出荷・完了計画'!$B:$B,MATCH(A105,'[6]Ｖ９－BH出荷・完了計画'!$M:$M,0),1),K106) -> 46112 | L105: =INDEX([5]光真稼働日早見表!$M$3:$M$10000,MATCH($K105,[5]光真稼働日早見表!$Q$3:$Q$10000,0),1) -> 46106 | M105: 46113 | O105: ・ | P105: ・ | Q105: ・ | R105: ・ | S105: ・ | T105: ・ | U105: ・ | V105: ・ | W105: ・ | X105: ・ | Z105: ・ | AA105: 000391137-01 | AB105: 先行生産 | AD105: YB-LA001 | AE105: =COUNTIFS(O105:Z105,"・") -> 11
A106: 1543 | B106: 897 | D106: 950 | F106: YB-LA001 | H106: 46113 | K106: =IFERROR(INDEX('[6]Ｖ９－BH出荷・完了計画'!$B:$B,MATCH(A106,'[6]Ｖ９－BH出荷・完了計画'!$M:$M,0),1),K107) -> 46112 | L106: =INDEX([5]光真稼働日早見表!$M$3:$M$10000,MATCH($K106,[5]光真稼働日早見表!$Q$3:$Q$10000,0),1) -> 46106 | M106: 46113 | O106: ・ | P106: ・ | Q106: ・ | R106: ・ | S106: ・ | T106: ・ | U106: ・ | V106: ・ | W106: ・ | X106: ・ | Z106: ・ | AA106: 000391137-02 | AB106: 先行生産 | AD106: YB-LA001 | AE106: =COUNTIFS(O106:Z106,"・") -> 11
A107: 1544 | B107: 898 | D107: 951 | F107: YB-LA001 | H107: 46113 | K107: =IFERROR(INDEX('[6]Ｖ９－BH出荷・完了計画'!$B:$B,MATCH(A107,'[6]Ｖ９－BH出荷・完了計画'!$M:$M,0),1),K108) -> 46112 | L107: =INDEX([5]光真稼働日早見表!$M$3:$M$10000,MATCH($K107,[5]光真稼働日早見表!$Q$3:$Q$10000,0),1) -> 46106 | M107: 46113 | O107: ・ | P107: ・ | Q107: ・ | R107: ・ | S107: ・ | T107: ・ | U107: ・ | V107: ・ | W107: ・ | X107: ・ | Z107: ・ | AA107: 000391137-03 | AB107: 先行生産 | AD107: YB-LA001 | AE107: =COUNTIFS(O107:Z107,"・") -> 11
A108: 1545 | B108: 899 | D108: 952 | F108: YB-LA001 | H108: 46114 | K108: =IFERROR(INDEX('[6]Ｖ９－BH出荷・完了計画'!$B:$B,MATCH(A108,'[6]Ｖ９－BH出荷・完了計画'!$M:$M,0),1),K109) -> 46113 | L108: =INDEX([5]光真稼働日早見表!$M$3:$M$10000,MATCH($K108,[5]光真稼働日早見表!$Q$3:$Q$10000,0),1) -> 46107 | M108: 46114 | O108: ・ | P108: ・ | Q108: ・ | R108: ・ | S108: ・ | T108: ・ | U108: ・ | V108: ・ | W108: ・ | X108: ・ | Z108: ・ | AA108: 000391137-04 | AB108: 先行生産 | AD108: YB-LA001 | AE108: =COUNTIFS(O108:Z108,"・") -> 11
A109: 1546 | B109: 900 | D109: 953 | F109: YB-LA001 | H109: 46114 | K109: =IFERROR(INDEX('[6]Ｖ９－BH出荷・完了計画'!$B:$B,MATCH(A109,'[6]Ｖ９－BH出荷・完了計画'!$M:$M,0),1),K110) -> 46113 | L109: =INDEX([5]光真稼働日早見表!$M$3:$M$10000,MATCH($K109,[5]光真稼働日早見表!$Q$3:$Q$10000,0),1) -> 46107 | M109: 46114 | O109: ・ | P109: ・ | Q109: ・ | R109: ・ | S109: ・ | T109: ・ | U109: ・ | V109: ・ | W109: ・ | X109: ・ | Z109: ・ | AA109: 000391137-05 | AB109: 先行生産 | AD109: YB-LA001 | AE109: =COUNTIFS(O109:Z109,"・") -> 11
A110: 1547 | B110: 901 | D110: 954 | F110: YB-LA001 | H110: 46114 | K110: =IFERROR(INDEX('[6]Ｖ９－BH出荷・完了計画'!$B:$B,MATCH(A110,'[6]Ｖ９－BH出荷・完了計画'!$M:$M,0),1),K111) -> 46113 | L110: =INDEX([5]光真稼働日早見表!$M$3:$M$10000,MATCH($K110,[5]光真稼働日早見表!$Q$3:$Q$10000,0),1) -> 46107 | M110: 46114 | O110: ・ | P110: ・ | Q110: ・ | R110: ・ | S110: ・ | T110: ・ | U110: ・ | V110: ・ | W110: ・ | X110: ・ | Z110: ・ | AA110: 000391137-06 | AB110: 先行生産 | AD110: YB-LA001 | AE110: =COUNTIFS(O110:Z110,"・") -> 11
A111: 1548 | B111: 902 | D111: 955 | F111: YB-LA001 | H111: 46115 | K111: =IFERROR(INDEX('[6]Ｖ９－BH出荷・完了計画'!$B:$B,MATCH(A111,'[6]Ｖ９－BH出荷・完了計画'!$M:$M,0),1),K112) -> 46114 | L111: =INDEX([5]光真稼働日早見表!$M$3:$M$10000,MATCH($K111,[5]光真稼働日早見表!$Q$3:$Q$10000,0),1) -> 46108 | M111: 46115 | O111: ・ | P111: ・ | Q111: ・ | R111: ・ | S111: ・ | T111: ・ | U111: ・ | V111: ・ | W111: ・ | X111: ・ | Z111: ・ | AA111: 000391137-07 | AB111: 先行生産 | AD111: YB-LA001 | AE111: =COUNTIFS(O111:Z111,"・") -> 11
A112: 1549 | B112: 903 | D112: 956 | F112: YB-LA001 | H112: 46115 | K112: =IFERROR(INDEX('[6]Ｖ９－BH出荷・完了計画'!$B:$B,MATCH(A112,'[6]Ｖ９－BH出荷・完了計画'!$M:$M,0),1),K113) -> 46114 | L112: =INDEX([5]光真稼働日早見表!$M$3:$M$10000,MATCH($K112,[5]光真稼働日早見表!$Q$3:$Q$10000,0),1) -> 46108 | M112: 46115 | O112: ・ | P112: ・ | Q112: ・ | R112: ・ | S112: ・ | T112: ・ | U112: ・ | V112: ・ | W112: ・ | X112: ・ | Z112: ・ | AA112: 000391137-08 | AB112: 先行生産 | AD112: YB-LA001 | AE112: =COUNTIFS(O112:Z112,"・") -> 11
A113: 1550 | B113: 904 | D113: 957 | F113: YB-LA001 | H113: 46118 | K113: =IFERROR(INDEX('[6]Ｖ９－BH出荷・完了計画'!$B:$B,MATCH(A113,'[6]Ｖ９－BH出荷・完了計画'!$M:$M,0),1),K114) -> 46114 | L113: =INDEX([5]光真稼働日早見表!$M$3:$M$10000,MATCH($K113,[5]光真稼働日早見表!$Q$3:$Q$10000,0),1) -> 46108 | M113: 46118 | O113: ・ | P113: ・ | Q113: ・ | R113: ・ | S113: ・ | T113: ・ | U113: ・ | V113: ・ | W113: ・ | X113: ・ | Z113: ・ | AA113: 000391137-09 | AB113: 先行生産 | AD113: YB-LA001 | AE113: =COUNTIFS(O113:Z113,"・") -> 11
A114: 1551 | B114: 905 | D114: 958 | F114: YB-LA001 | H114: 46118 | K114: =IFERROR(INDEX('[6]Ｖ９－BH出荷・完了計画'!$B:$B,MATCH(A114,'[6]Ｖ９－BH出荷・完了計画'!$M:$M,0),1),K115) -> 46115 | L114: =INDEX([5]光真稼働日早見表!$M$3:$M$10000,MATCH($K114,[5]光真稼働日早見表!$Q$3:$Q$10000,0),1) -> 46111 | M114: 46118 | O114: ・ | P114: ・ | Q114: ・ | R114: ・ | S114: ・ | T114: ・ | U114: ・ | V114: ・ | W114: ・ | X114: ・ | Z114: ・ | AA114: 000391137-10 | AB114: 先行生産 | AD114: YB-LA001 | AE114: =COUNTIFS(O114:Z114,"・") -> 11
...

Sheet Ｖ９structure
A1: Ｖ９-ＢＨ UNIT STRUCTURE （2022/5/19）
A2: . | C2: 1 | D2: 2 | E2: 3 | F2: 4 | G2: 5 | H2: 6 | I2: 7 | J2: 8 | K2: 9 | L2: 10 | M2: 11 | N2: 12 | O2: 13 | P2: 14 | Q2: 15
C3: production | D3: 日本光真 | E3: KMP | F3: 日本光真 | G3: KMP | H3: 日本光真 | I3: 日本光真 | J3: KMP | K3: KMP | L3: 日本光真 | M3: 日本光真 | N3: 日本光真 | O3: 日本光真 | P3: OSS
C4: UNIT No | D4: 5684410-9 | E4: 5685602-6 | F4: 5685080-0 | G4: 5684330-7 | H4: 5685210-1 | I4: 5683345-0 | J4: 5685600-0 | K4: 5685601-8 | L4: 5688011-3 | M4: 5686790-7 | N4: 3683158-2 | O4: 5688000-8 | P4: 5688001-6
C5: unit name | D5: TRANCEPOTER | E5: 5000YEN unit | F5: OUTLET unit | G5: INLET unit | H5: SUPPLY unit | I5: RECOVERY unit | J5: 10000YEN unit | K5: 1000YEN unit
C6: ユニット名 | D6: 搬送部 | E6: 五千円部 | F6: 釣保留部 | G6: 挿入口部 | H6: 補給部後方 | I6: 回収部 | J6: 10000円部 | K6: 1000円ｶｾｯﾄ部 | L6: ﾚｰﾙ部 | M6: ﾌﾚｰﾑ部 | N6: ﾌﾚｰﾑ部 | O6: 基本部 | P6: 識別部
A7: No | B7: ＢＨ No | C7: YBS- | D7: LAA001 | E7: LAF001 | F7: LAG001 | G7: LAE001 | H7: LAL001 | I7: LAN001 | J7: LAC001 | K7: LAD001 | L7: LAH001 | M7: LAY001 | N7: LAY002 | O7: LAZ001 | P7: LAB001 | Q7: 主要 客先
A8: 1 | B8: 5685000-1 | C8: YB-LA001 | D8: ・ | E8: ・ | F8: ・ | G8: ・ | H8: ・ | I8: ・ | J8: ・ | K8: ・ | L8: ・ | M8: ・ | O8: ・ | P8: ・
A9: 2 | B9: 3655124-5 | C9: YB-LA002 | D9: ・ | E9: ・ | F9: ・ | G9: ・ | H9: ・ | I9: ・ | J9: ・ | K9: ・ | N9: ・ | O9: ・ | P9: ・ | Q9: 沖電気
D30: YBS-LAA001 | E30: YBS-LAF001 | F30: YBS-LAG001 | G30: YBS-LAE001 | H30: YBS-LAL001 | I30: YBS-LAN001 | J30: YBS-LAC001 | K30: YBS-LAD001 | L30: YBS-LAH001 | M30: YBS-LAY001 | N30: YBS-LAY002 | O30: YBS-LAZ001 | P30: YBS-LAB001
D31: 5684410-9 YBS-LAA001 | E31: 5685602-6 YBS-LAF001 | F31: 5685080-0 YBS-LAG001 | G31: 5684330-7 YBS-LAE001 | H31: 5685210-1 YBS-LAL001 | I31: 5683345-0 YBS-LAN001 | J31: 5685600-0 YBS-LAC001 | K31: 5685601-8 YBS-LAD001 | L31: 5688011-3 YBS-LAH001 | M31: 5686790-7 YBS-LAY001 | N31: 3683158-2 YBS-LAY002 | O31: 5688000-8 YBS-LAZ001 | P31: 5688001-6 YBS-LAB001
D32: 5684410-9 | E32: 5685602-6 | F32: 5685080-0 | G32: 5684330-7 | H32: 5685210-1 | I32: 5683345-0 | J32: 5685600-0 | K32: 5685601-8 | L32: 5688011-3 | M32: 5686790-7 | N32: 3683158-2 | O32: 5688000-8
D33: ﾊﾝｿｳﾌﾞ YBS-LAA001 | E33: 5000ｴﾝﾌﾞ YBS-LAF001 | F33: ﾂﾘｼﾍｲ ﾎﾘﾕｳﾌﾞ YBS-LAG001 | G33: ｿｳﾆﾕｳｺｳﾌﾞ YBS-LAE001 | H33: ﾎｷﾕｳﾌﾞ,ｺｳﾎｳ YBS-LAL001 | I33: ｶｲｼﾕｳﾌﾞ YBS-LAN001 | J33: 10000ｴﾝﾌﾞ YBS-LAC001 | K33: 1000ｴﾝ ｶｾﾂﾄﾌﾞ YBS-LAD001 | L33: ﾚ-ﾙﾌﾞ YBS-LAH001 | M33: ﾌﾚ-ﾑﾌﾞ YBS-LAY001 | N33: ﾌﾚ-ﾑﾌﾞ YBS-LAY002 | O33: ｷﾎﾝﾌﾞYBS-LAZ001
D34: TRANCEPOTER | E34: 5000YEN unit | F34: OUTLET unit | G34: INLET unit | H34: SUPPLY unit | I34: RECOVERY unit | J34: 10000YEN unit | K34: 1000YEN unit

Sheet 光真稼働日早見表
A1: 光真ss 稼働計算マスター
B2: 1 | C2: 2 | D2: 3 | E2: 4 | F2: 5 | G2: 6 | H2: 7 | I2: 8 | J2: 9 | K2: 10 | L2: 11 | M2: 12 | N2: 13 | O2: 14 | P2: 15 | Q2: 16 | R2: 17 | S2: 18 | T2: 19
A3: 年度 | B3: 当日 | C3: 曜 | D3: ｎ-13 | E3: ｎ-12 | F3: ｎ-11 | G3: ｎ-10 | H3: ｎ-9 | I3: ｎ-8 | J3: ｎ-7 | K3: ｎ-6 | L3: ｎ-5 | M3: ｎ-4 | N3: ｎ-3 | O3: ｎ-2 | P3: ｎ-1 | Q3: 当日 | R3: ｎ+1 | S3: ｎ+2 | T3: ｎ+3
A4: =TEXT(B4,"yy") -> 16 | B4: 42464 | C4: 月 | H4: 42451 | I4: 42452 | J4: 42453 | K4: 42454 | L4: 42457 | M4: 42458 | N4: 42459 | O4: 42460 | P4: 42461 | Q4: 42464 | R4: 42465 | S4: 42466 | T4: 42467
A5: =TEXT(B5,"yy") -> 16 | B5: 42465 | C5: 火 | G5: 42451 | H5: 42452 | I5: 42453 | J5: 42454 | K5: 42457 | L5: 42458 | M5: 42459 | N5: 42460 | O5: 42461 | P5: 42464 | Q5: 42465 | R5: 42466 | S5: 42467 | T5: 42468
A6: =TEXT(B6,"yy") -> 16 | B6: 42466 | C6: 水 | F6: 42451 | G6: 42452 | H6: 42453 | I6: 42454 | J6: 42457 | K6: 42458 | L6: 42459 | M6: 42460 | N6: 42461 | O6: 42464 | P6: 42465 | Q6: 42466 | R6: 42467 | S6: 42468 | T6: 42471
A7: =TEXT(B7,"yy") -> 16 | B7: 42467 | C7: 木 | E7: 42451 | F7: 42452 | G7: 42453 | H7: 42454 | I7: 42457 | J7: 42458 | K7: 42459 | L7: 42460 | M7: 42461 | N7: 42464 | O7: 42465 | P7: 42466 | Q7: 42467 | R7: 42468 | S7: 42471 | T7: 42472
A8: =TEXT(B8,"yy") -> 16 | B8: 42468 | C8: 金 | D8: 42451 | E8: 42452 | F8: 42453 | G8: 42454 | H8: 42457 | I8: 42458 | J8: 42459 | K8: 42460 | L8: 42461 | M8: 42464 | N8: 42465 | O8: 42466 | P8: 42467 | Q8: 42468 | R8: 42471 | S8: 42472 | T8: 42473
A9: =TEXT(B9,"yy") -> 16 | B9: 42471 | C9: 月 | D9: 42452 | E9: 42453 | F9: 42454 | G9: 42457 | H9: 42458 | I9: 42459 | J9: 42460 | K9: 42461 | L9: 42464 | M9: 42465 | N9: 42466 | O9: 42467 | P9: 42468 | Q9: 42471 | R9: 42472 | S9: 42473 | T9: 42474
A10: =TEXT(B10,"yy") -> 16 | B10: 42472 | C10: 火 | D10: 42453 | E10: 42454 | F10: 42457 | G10: 42458 | H10: 42459 | I10: 42460 | J10: 42461 | K10: 42464 | L10: 42465 | M10: 42466 | N10: 42467 | O10: 42468 | P10: 42471 | Q10: 42472 | R10: 42473 | S10: 42474 | T10: 42475
A11: =TEXT(B11,"yy") -> 16 | B11: 42473 | C11: 水 | D11: 42454 | E11: 42457 | F11: 42458 | G11: 42459 | H11: 42460 | I11: 42461 | J11: 42464 | K11: 42465 | L11: 42466 | M11: 42467 | N11: 42468 | O11: 42471 | P11: 42472 | Q11: 42473 | R11: 42474 | S11: 42475 | T11: 42478
A12: =TEXT(B12,"yy") -> 16 | B12: 42474 | C12: 木 | D12: 42457 | E12: 42458 | F12: 42459 | G12: 42460 | H12: 42461 | I12: 42464 | J12: 42465 | K12: 42466 | L12: 42467 | M12: 42468 | N12: 42471 | O12: 42472 | P12: 42473 | Q12: 42474 | R12: 42475 | S12: 42478 | T12: 42479
A13: =TEXT(B13,"yy") -> 16 | B13: 42475 | C13: 金 | D13: 42458 | E13: 42459 | F13: 42460 | G13: 42461 | H13: 42464 | I13: 42465 | J13: 42466 | K13: 42467 | L13: 42468 | M13: 42471 | N13: 42472 | O13: 42473 | P13: 42474 | Q13: 42475 | R13: 42478 | S13: 42479 | T13: 42480
A14: =TEXT(B14,"yy") -> 16 | B14: 42478 | C14: 月 | D14: 42459 | E14: 42460 | F14: 42461 | G14: 42464 | H14: 42465 | I14: 42466 | J14: 42467 | K14: 42468 | L14: 42471 | M14: 42472 | N14: 42473 | O14: 42474 | P14: 42475 | Q14: 42478 | R14: 42479 | S14: 42480 | T14: 42481
A15: =TEXT(B15,"yy") -> 16 | B15: 42479 | C15: 火 | D15: 42460 | E15: 42461 | F15: 42464 | G15: 42465 | H15: 42466 | I15: 42467 | J15: 42468 | K15: 42471 | L15: 42472 | M15: 42473 | N15: 42474 | O15: 42475 | P15: 42478 | Q15: 42479 | R15: 42480 | S15: 42481 | T15: 42482
A16: =TEXT(B16,"yy") -> 16 | B16: 42480 | C16: 水 | D16: 42461 | E16: 42464 | F16: 42465 | G16: 42466 | H16: 42467 | I16: 42468 | J16: 42471 | K16: 42472 | L16: 42473 | M16: 42474 | N16: 42475 | O16: 42478 | P16: 42479 | Q16: 42480 | R16: 42481 | S16: 42482 | T16: 42485
A17: =TEXT(B17,"yy") -> 16 | B17: 42481 | C17: 木 | D17: 42464 | E17: 42465 | F17: 42466 | G17: 42467 | H17: 42468 | I17: 42471 | J17: 42472 | K17: 42473 | L17: 42474 | M17: 42475 | N17: 42478 | O17: 42479 | P17: 42480 | Q17: 42481 | R17: 42482 | S17: 42485 | T17: 42486
A18: =TEXT(B18,"yy") -> 16 | B18: 42482 | C18: 金 | D18: 42465 | E18: 42466 | F18: 42467 | G18: 42468 | H18: 42471 | I18: 42472 | J18: 42473 | K18: 42474 | L18: 42475 | M18: 42478 | N18: 42479 | O18: 42480 | P18: 42481 | Q18: 42482 | R18: 42485 | S18: 42486 | T18: 42487
A19: =TEXT(B19,"yy") -> 16 | B19: 42485 | C19: 月 | D19: 42466 | E19: 42467 | F19: 42468 | G19: 42471 | H19: 42472 | I19: 42473 | J19: 42474 | K19: 42475 | L19: 42478 | M19: 42479 | N19: 42480 | O19: 42481 | P19: 42482 | Q19: 42485 | R19: 42486 | S19: 42487 | T19: 42488
... A1208: =TEXT(B1208,"yy") -> 21 | B1208: 44285 | C1208: 火 | D1208: 44266 | E1208: 44267 | F1208: 44270 | G1208: 44271 | H1208: 44272 | I1208: 44273 | J1208: 44274 | K1208: 44277 | L1208: 44278 | M1208: 44279 | N1208: 44280 | O1208: 44281 | P1208: 44284 | Q1208: 44285 | R1208: 44286 | S1208: 44287 | T1208: 44288
A1209: =TEXT(B1209,"yy") -> 21 | B1209: 44286 | C1209: =TEXT(B1209,"aaa") -> 水 | D1209: 44267 | E1209: 44270 | F1209: 44271 | G1209: 44272 | H1209: 44273 | I1209: 44274 | J1209: 44277 | K1209: 44278 | L1209: 44279 | M1209: 44280 | N1209: 44281 | O1209: 44284 | P1209: 44285 | Q1209: 44286 | R1209: 44287 | S1209: 44288 | T1209: 44291
A1210: =TEXT(B1210,"yy") -> 21 | B1210: 44287 | C1210: =TEXT(B1210,"aaa") -> 木 | D1210: 44270 | E1210: 44271 | F1210: 44272 | G1210: 44273 | H1210: 44274 | I1210: 44277 | J1210: 44278 | K1210: 44279 | L1210: 44280 | M1210: 44281 | N1210: 44284 | O1210: 44285 | P1210: 44286 | Q1210: 44287 | R1210: 44288 | S1210: 44291 | T1210: 44292
A1211: =TEXT(B1211,"yy") -> 21 | B1211: 44288 | C1211: =TEXT(B1211,"aaa") -> 金 | D1211: 44271 | E1211: 44272 | F1211: 44273 | G1211: 44274 | H1211: 44277 | I1211: 44278 | J1211: 44279 | K1211: 44280 | L1211: 44281 | M1211: 44284 | N1211: 44285 | O1211: 44286 | P1211: 44287 | Q1211: 44288 | R1211: 44291 | S1211: 44292 | T1211: 44293
A1212: =TEXT(B1212,"yy") -> 21 | B1212: 44291 | C1212: =TEXT(B1212,"aaa") -> 月 | D1212: 44272 | E1212: 44273 | F1212: 44274 | G1212: 44277 | H1212: 44278 | I1212: 44279 | J1212: 44280 | K1212: 44281 | L1212: 44284 | M1212: 44285 | N1212: 44286 | O1212: 44287 | P1212: 44288 | Q1212: 44291 | R1212: 44292 | S1212: 44293 | T1212: 44294
A1213: =TEXT(B1213,"yy") -> 21 | B1213: 44292 | C1213: =TEXT(B1213,"aaa") -> 火 | D1213: 44273 | E1213: 44274 | F1213: 44277 | G1213: 44278 | H1213: 44279 | I1213: 44280 | J1213: 44281 | K1213: 44284 | L1213: 44285 | M1213: 44286 | N1213: 44287 | O1213: 44288 | P1213: 44291 | Q1213: 44292 | R1213: 44293 | S1213: 44294 | T1213: 44295
A1214: =TEXT(B1214,"yy") -> 21 | B1214: 44293 | C1214: =TEXT(B1214,"aaa") -> 水 | D1214: 44274 | E1214: 44277 | F1214: 44278 | G1214: 44279 | H1214: 44280 | I1214: 44281 | J1214: 44284 | K1214: 44285 | L1214: 44286 | M1214: 44287 | N1214: 44288 | O1214: 44291 | P1214: 44292 | Q1214: 44293 | R1214: 44294 | S1214: 44295 | T1214: 44298
A1215: =TEXT(B1215,"yy") -> 21 | B1215: 44294 | C1215: =TEXT(B1215,"aaa") -> 木 | D1215: 44277 | E1215: 44278 | F1215: 44279 | G1215: 44280 | H1215: 44281 | I1215: 44284 | J1215: 44285 | K1215: 44286 | L1215: 44287 | M1215: 44288 | N1215: 44291 | O1215: 44292 | P1215: 44293 | Q1215: 44294 | R1215: 44295 | S1215: 44298 | T1215: 44299
A1216: =TEXT(B1216,"yy") -> 21 | B1216: 44295 | C1216: =TEXT(B1216,"aaa") -> 金 | D1216: 44278 | E1216: 44279 | F1216: 44280 | G1216: 44281 | H1216: 44284 | I1216: 44285 | J1216: 44286 | K1216: 44287 | L1216: 44288 | M1216: 44291 | N1216: 44292 | O1216: 44293 | P1216: 44294 | Q1216: 44295 | R1216: 44298 | S1216: 44299 | T1216: 44300
A1217: =TEXT(B1217,"yy") -> 21 | B1217: 44298 | C1217: =TEXT(B1217,"aaa") -> 月 | D1217: 44279 | E1217: 44280 | F1217: 44281 | G1217: 44284 | H1217: 44285 | I1217: 44286 | J1217: 44287 | K1217: 44288 | L1217: 44291 | M1217: 44292 | N1217: 44293 | O1217: 44294 | P1217: 44295 | Q1217: 44298 | R1217: 44299 | S1217: 44300 | T1217: 44301
A1218: =TEXT(B1218,"yy") -> 21 | B1218: 44299 | C1218: =TEXT(B1218,"aaa") -> 火 | D1218: 44280 | E1218: 44281 | F1218: 44284 | G1218: 44285 | H1218: 44286 | I1218: 44287 | J1218: 44288 | K1218: 44291 | L1218: 44292 | M1218: 44293 | N1218: 44294 | O1218: 44295 | P1218: 44298 | Q1218: 44299 | R1218: 44300 | S1218: 44301 | T1218: 44302
A1219: =TEXT(B1219,"yy") -> 21 | B1219: 44300 | C1219: =TEXT(B1219,"aaa") -> 水 | D1219: 44281 | E1219: 44284 | F1219: 44285 | G1219: 44286 | H1219: 44287 | I1219: 44288 | J1219: 44291 | K1219: 44292 | L1219: 44293 | M1219: 44294 | N1219: 44295 | O1219: 44298 | P1219: 44299 | Q1219: 44300 | R1219: 44301 | S1219: 44302 | T1219: 44305
A1220: =TEXT(B1220,"yy") -> 21 | B1220: 44301 | C1220: =TEXT(B1220,"aaa") -> 木 | D1220: 44284 | E1220: 44285 | F1220: 44286 | G1220: 44287 | H1220: 44288 | I1220: 44291 | J1220: 44292 | K1220: 44293 | L1220: 44294 | M1220: 44295 | N1220: 44298 | O1220: 44299 | P1220: 44300 | Q1220: 44301 | R1220: 44302 | S1220: 44305 | T1220: 44306
... A2180: =TEXT(B2180,"yy") -> 25 | B2180: 45747 | C2180: =TEXT(B2180,"aaa") -> 月 | D2180: 45726 | E2180: 45727 | F2180: 45728 | G2180: 45729 | H2180: 45730 | I2180: 45733 | J2180: 45734 | K2180: 45735 | L2180: 45740 | M2180: 45741 | N2180: 45742 | O2180: 45743 | P2180: 45744 | Q2180: 45747 | R2180: 45748 | S2180: 45749 | T2180: 45750
A2181: 25 | B2181: 45748 | C2181: 火 | D2181: 45727 | E2181: 45728 | F2181: 45729 | G2181: 45730 | H2181: 45733 | I2181: 45734 | J2181: 45735 | K2181: 45740 | L2181: 45741 | M2181: 45742 | N2181: 45743 | O2181: 45744 | P2181: 45747 | Q2181: 45748 | R2181: 45749 | S2181: 45750 | T2181: 45751
A2182: 25 | B2182: 45749 | C2182: 水 | D2182: 45728 | E2182: 45729 | F2182: 45730 | G2182: 45733 | H2182: 45734 | I2182: 45735 | J2182: 45740 | K2182: 45741 | L2182: 45742 | M2182: 45743 | N2182: 45744 | O2182: 45747 | P2182: 45748 | Q2182: 45749 | R2182: 45750 | S2182: 45751 | T2182: 45754
A2183: 25 | B2183: 45750 | C2183: 木 | D2183: 45729 | E2183: 45730 | F2183: 45733 | G2183: 45734 | H2183: 45735 | I2183: 45740 | J2183: 45741 | K2183: 45742 | L2183: 45743 | M2183: 45744 | N2183: 45747 | O2183: 45748 | P2183: 45749 | Q2183: 45750 | R2183: 45751 | S2183: 45754 | T2183: 45755
A2184: 25 | B2184: 45751 | C2184: 金 | D2184: 45730 | E2184: 45733 | F2184: 45734 | G2184: 45735 | H2184: 45740 | I2184: 45741 | J2184: 45742 | K2184: 45743 | L2184: 45744 | M2184: 45747 | N2184: 45748 | O2184: 45749 | P2184: 45750 | Q2184: 45751 | R2184: 45754 | S2184: 45755 | T2184: 45756
A2185: 25 | B2185: 45754 | C2185: 月 | D2185: 45733 | E2185: 45734 | F2185: 45735 | G2185: 45740 | H2185: 45741 | I2185: 45742 | J2185: 45743 | K2185: 45744 | L2185: 45747 | M2185: 45748 | N2185: 45749 | O2185: 45750 | P2185: 45751 | Q2185: 45754 | R2185: 45755 | S2185: 45756 | T2185: 45757
A2186: 25 | B2186: 45755 | C2186: 火 | D2186: 45734 | E2186: 45735 | F2186: 45740 | G2186: 45741 | H2186: 45742 | I2186: 45743 | J2186: 45744 | K2186: 45747 | L2186: 45748 | M2186: 45749 | N2186: 45750 | O2186: 45751 | P2186: 45754 | Q2186: 45755 | R2186: 45756 | S2186: 45757 | T2186: 45758
A2187: 25 | B2187: 45756 | C2187: 水 | D2187: 45735 | E2187: 45740 | F2187: 45741 | G2187: 45742 | H2187: 45743 | I2187: 45744 | J2187: 45747 | K2187: 45748 | L2187: 45749 | M2187: 45750 | N2187: 45751 | O2187: 45754 | P2187: 45755 | Q2187: 45756 | R2187: 45757 | S2187: 45758 | T2187: 45761
A2188: 25 | B2188: 45757 | C2188: 木 | D2188: 45740 | E2188: 45741 | F2188: 45742 | G2188: 45743 | H2188: 45744 | I2188: 45747 | J2188: 45748 | K2188: 45749 | L2188: 45750 | M2188: 45751 | N2188: 45754 | O2188: 45755 | P2188: 45756 | Q2188: 45757 | R2188: 45758 | S2188: 45761 | T2188: 45762
A2189: 25 | B2189: 45758 | C2189: 金 | D2189: 45741 | E2189: 45742 | F2189: 45743 | G2189: 45744 | H2189: 45747 | I2189: 45748 | J2189: 45749 | K2189: 45750 | L2189: 45751 | M2189: 45754 | N2189: 45755 | O2189: 45756 | P2189: 45757 | Q2189: 45758 | R2189: 45761 | S2189: 45762 | T2189: 45763
A2190: 25 | B2190: 45761 | C2190: 月 | D2190: 45742 | E2190: 45743 | F2190: 45744 | G2190: 45747 | H2190: 45748 | I2190: 45749 | J2190: 45750 | K2190: 45751 | L2190: 45754 | M2190: 45755 | N2190: 45756 | O2190: 45757 | P2190: 45758 | Q2190: 45761 | R2190: 45762 | S2190: 45763 | T2190: 45764
A2191: 25 | B2191: 45762 | C2191: 火 | D2191: 45743 | E2191: 45744 | F2191: 45747 | G2191: 45748 | H2191: 45749 | I2191: 45750 | J2191: 45751 | K2191: 45754 | L2191: 45755 | M2191: 45756 | N2191: 45757 | O2191: 45758 | P2191: 45761 | Q2191: 45762 | R2191: 45763 | S2191: 45764 | T2191: 45765
A2192: 25 | B2192: 45763 | C2192: 水 | D2192: 45744 | E2192: 45747 | F2192: 45748 | G2192: 45749 | H2192: 45750 | I2192: 45751 | J2192: 45754 | K2192: 45755 | L2192: 45756 | M2192: 45757 | N2192: 45758 | O2192: 45761 | P2192: 45762 | Q2192: 45763 | R2192: 45764 | S2192: 45765 | T2192: 45768
... A2432: 26 | B2432: 46122 | C2432: 金 | D2432: 46105 | E2432: 46106 | F2432: 46107 | G2432: 46108 | H2432: 46111 | I2432: 46112 | J2432: 46113 | K2432: 46114 | L2432: 46115 | M2432: 46118 | N2432: 46119 | O2432: 46120 | P2432: 46121 | Q2432: 46122 | R2432: 46125 | S2432: 46126 | T2432: 46127
A2433: 26 | B2433: 46125 | C2433: 月 | D2433: 46106 | E2433: 46107 | F2433: 46108 | G2433: 46111 | H2433: 46112 | I2433: 46113 | J2433: 46114 | K2433: 46115 | L2433: 46118 | M2433: 46119 | N2433: 46120 | O2433: 46121 | P2433: 46122 | Q2433: 46125 | R2433: 46126 | S2433: 46127
A2434: 26 | B2434: 46126 | C2434: 火 | D2434: 46107 | E2434: 46108 | F2434: 46111 | G2434: 46112 | H2434: 46113 | I2434: 46114 | J2434: 46115 | K2434: 46118 | L2434: 46119 | M2434: 46120 | N2434: 46121 | O2434: 46122 | P2434: 46125 | Q2434: 46126 | R2434: 46127
A2435: 26 | B2435: 46127 | C2435: 水 | D2435: 46108 | E2435: 46111 | F2435: 46112 | G2435: 46113 | H2435: 46114 | I2435: 46115 | J2435: 46118 | K2435: 46119 | L2435: 46120 | M2435: 46121 | N2435: 46122 | O2435: 46125 | P2435: 46126 | Q2435: 46127
A2436: 26 | B2436: 46128 | C2436: 木 | D2436: 46111 | E2436: 46112 | F2436: 46113 | G2436: 46114 | H2436: 46115 | I2436: 46118 | J2436: 46119 | K2436: 46120 | L2436: 46121 | M2436: 46122 | N2436: 46125 | O2436: 46126 | P2436: 46127

Sheet OSS稼働日早見表
A1: (OSS) 稼働計算マスター
B2: 1 | C2: 2 | D2: 3 | E2: 4 | F2: 5 | G2: 6 | H2: 7 | I2: 8 | J2: 9 | K2: 10 | L2: 11 | M2: 12 | N2: 13 | O2: 14 | P2: 15 | Q2: 16 | R2: 17 | S2: 18 | T2: 19 | U2: 20 | V2: 21 | W2: 22 | X2: 23 | Y2: 24 | Z2: 25
A3: 年 | B3: 当日 | C3: 曜 | D3: ｎ-9 | E3: ｎ-8 | F3: ｎ-7 | G3: ｎ-6 | H3: ｎ-5 | I3: ｎ-4 | J3: ｎ-3 | K3: ｎ-2 | L3: ｎ-1 | M3: 当日 | N3: ｎ+1 | O3: ｎ+2 | P3: ｎ+3 | Q3: ｎ+4 | R3: ｎ+5 | S3: ｎ+6 | T3: ｎ+7 | U3: ｎ+8 | V3: ｎ+9 | W3: ｎ+10 | X3: 光真稼働日 | Y3: 光真年度 | Z3: ｎ+50
A4: =TEXT(B4,"yy") -> 16 | B4: 42461 | C4: 金 | D4: 42810 | E4: 42811 | F4: 42815 | G4: 42816 | H4: 42817 | I4: 42818 | J4: 42821 | K4: 42822 | L4: 42825 | M4: 42461 | N4: 42464 | O4: 42465 | P4: 42466 | Q4: 42467 | R4: 42468 | S4: 42471 | T4: 42472 | U4: 42473 | V4: 42474 | W4: 42475 | Z4: 42542
A5: =TEXT(B5,"yy") -> 16 | B5: 42464 | C5: 月 | D5: 42811 | E5: 42815 | F5: 42816 | G5: 42817 | H5: 42818 | I5: 42821 | J5: 42822 | K5: 42825 | L5: 42461 | M5: 42464 | N5: 42465 | O5: 42466 | P5: 42467 | Q5: 42468 | R5: 42471 | S5: 42472 | T5: 42473 | U5: 42474 | V5: 42475 | W5: 42478 | Z5: 42543
A6: =TEXT(B6,"yy") -> 16 | B6: 42465 | C6: 火 | D6: 42815 | E6: 42816 | F6: 42817 | G6: 42818 | H6: 42821 | I6: 42822 | J6: 42825 | K6: 42461 | L6: 42464 | M6: 42465 | N6: 42466 | O6: 42467 | P6: 42468 | Q6: 42471 | R6: 42472 | S6: 42473 | T6: 42474 | U6: 42475 | V6: 42478 | W6: 42479 | Z6: 42544
A7: =TEXT(B7,"yy") -> 16 | B7: 42466 | C7: 水 | D7: 42816 | E7: 42817 | F7: 42818 | G7: 42821 | H7: 42822 | I7: 42825 | J7: 42461 | K7: 42464 | L7: 42465 | M7: 42466 | N7: 42467 | O7: 42468 | P7: 42471 | Q7: 42472 | R7: 42473 | S7: 42474 | T7: 42475 | U7: 42478 | V7: 42479 | W7: 42480 | Z7: 42545
A8: =TEXT(B8,"yy") -> 16 | B8: 42467 | C8: 木 | D8: 42817 | E8: 42818 | F8: 42821 | G8: 42822 | H8: 42825 | I8: 42461 | J8: 42464 | K8: 42465 | L8: 42466 | M8: 42467 | N8: 42468 | O8: 42471 | P8: 42472 | Q8: 42473 | R8: 42474 | S8: 42475 | T8: 42478 | U8: 42479 | V8: 42480 | W8: 42481 | Z8: 42548
A9: =TEXT(B9,"yy") -> 16 | B9: 42468 | C9: 金 | D9: 42818 | E9: 42821 | F9: 42822 | G9: 42825 | H9: 42461 | I9: 42464 | J9: 42465 | K9: 42466 | L9: 42467 | M9: 42468 | N9: 42471 | O9: 42472 | P9: 42473 | Q9: 42474 | R9: 42475 | S9: 42478 | T9: 42479 | U9: 42480 | V9: 42481 | W9: 42482 | Z9: 42549
A10: =TEXT(B10,"yy") -> 16 | B10: 42471 | C10: 月 | D10: 42821 | E10: 42822 | F10: 42825 | G10: 42461 | H10: 42464 | I10: 42465 | J10: 42466 | K10: 42467 | L10: 42468 | M10: 42471 | N10: 42472 | O10: 42473 | P10: 42474 | Q10: 42475 | R10: 42478 | S10: 42479 | T10: 元22/12/26出荷 | U10: 42481 | V10: 42482 | W10: 42485 | Z10: 42550
A11: =TEXT(B11,"yy") -> 16 | B11: 42472 | C11: 火 | D11: 42822 | E11: 42825 | F11: 42461 | G11: 42464 | H11: 42465 | I11: 42466 | J11: 42467 | K11: 42468 | L11: 42471 | M11: 42472 | N11: 42473 | O11: 42474 | P11: 42475 | Q11: 42478 | R11: 42479 | S11: 42480 | T11: 42481 | U11: 42482 | V11: 42485 | W11: 42486 | Z11: 42551
A12: =TEXT(B12,"yy") -> 16 | B12: 42473 | C12: 水 | D12: 42825 | E12: 42461 | F12: 42464 | G12: 42465 | H12: 42466 | I12: 42467 | J12: 42468 | K12: 42471 | L12: 42472 | M12: 42473 | N12: 42474 | O12: 42475 | P12: 42478 | Q12: 42479 | R12: 42480 | S12: 42481 | T12: 42482 | U12: 42485 | V12: 42486 | W12: 42487 | Z12: 42552
A13: =TEXT(B13,"yy") -> 16 | B13: 42474 | C13: 木 | D13: 42461 | E13: 42464 | F13: 42465 | G13: 42466 | H13: 42467 | I13: 42468 | J13: 42471 | K13: 42472 | L13: 42473 | M13: 42474 | N13: 42475 | O13: 42478 | P13: 42479 | Q13: 42480 | R13: 42481 | S13: 42482 | T13: 42485 | U13: 42486 | V13: 42487 | W13: 42499 | Z13: 42555
A14: =TEXT(B14,"yy") -> 16 | B14: 42475 | C14: 金 | D14: 42464 | E14: 42465 | F14: 42466 | G14: 42467 | H14: 42468 | I14: 42471 | J14: 42472 | K14: 42473 | L14: 42474 | M14: 42475 | N14: 42478 | O14: 42479 | P14: 42480 | Q14: 42481 | R14: 42482 | S14: 42485 | T14: 42486 | U14: 42487 | V14: 42499 | W14: 42500 | Z14: 42556
A15: =TEXT(B15,"yy") -> 16 | B15: 42478 | C15: 月 | D15: 42465 | E15: 42466 | F15: 42467 | G15: 42468 | H15: 42471 | I15: 42472 | J15: 42473 | K15: 42474 | L15: 42475 | M15: 42478 | N15: 42479 | O15: 42480 | P15: 42481 | Q15: 42482 | R15: 42485 | S15: 42486 | T15: 42487 | U15: 42499 | V15: 42500 | W15: 42501 | Z15: 42557
A16: =TEXT(B16,"yy") -> 16 | B16: 42479 | C16: 火 | D16: 42466 | E16: 42467 | F16: 42468 | G16: 42471 | H16: 42472 | I16: 42473 | J16: 42474 | K16: 42475 | L16: 42478 | M16: 42479 | N16: 42480 | O16: 42481 | P16: 42482 | Q16: 42485 | R16: 42486 | S16: 42487 | T16: 42499 | U16: 42500 | V16: 42501 | W16: 42502 | Z16: 42558
A17: =TEXT(B17,"yy") -> 16 | B17: 42480 | C17: 水 | D17: 42467 | E17: 42468 | F17: 42471 | G17: 42472 | H17: 42473 | I17: 42474 | J17: 42475 | K17: 42478 | L17: 42479 | M17: 42480 | N17: 42481 | O17: 42482 | P17: 42485 | Q17: 42486 | R17: 42487 | S17: 42499 | T17: 42500 | U17: 42501 | V17: 42502 | W17: 42503 | Z17: 42559
A18: =TEXT(B18,"yy") -> 16 | B18: 42481 | C18: 木 | D18: 42468 | E18: 42471 | F18: 42472 | G18: 42473 | H18: 42474 | I18: 42475 | J18: 42478 | K18: 42479 | L18: 42480 | M18: 42481 | N18: 42482 | O18: 42485 | P18: 42486 | Q18: 42487 | R18: 42499 | S18: 42500 | T18: 42501 | U18: 42502 | V18: 42503 | W18: 42506 | Z18: 42562
A19: =TEXT(B19,"yy") -> 16 | B19: 42482 | C19: 金 | D19: 42471 | E19: 42472 | F19: 42473 | G19: 42474 | H19: 42475 | I19: 42478 | J19: 42479 | K19: 42480 | L19: 42481 | M19: 42482 | N19: 42485 | O19: 42486 | P19: 42487 | Q19: 42499 | R19: 42500 | S19: 42501 | T19: 42502 | U19: 42503 | V19: 42506 | W19: 42507 | Z19: 42563
A20: =TEXT(B20,"yy") -> 16 | B20: 42485 | C20: 月 | D20: 42472 | E20: 42473 | F20: 42474 | G20: 42475 | H20: 42478 | I20: 42479 | J20: 42480 | K20: 42481 | L20: 42482 | M20: 42485 | N20: 42486 | O20: 42487 | P20: 42499 | Q20: 42500 | R20: 42501 | S20: 42502 | T20: 42503 | U20: 42506 | V20: 42507 | W20: 42508 | Z20: 42564
A21: =TEXT(B21,"yy") -> 16 | B21: 42486 | C21: 火 | D21: 42473 | E21: 42474 | F21: 42475 | G21: 42478 | H21: 42479 | I21: 42480 | J21: 42481 | K21: 42482 | L21: 42485 | M21: 42486 | N21: 42487 | O21: 42499 | P21: 42500 | Q21: 42501 | R21: 42502 | S21: 42503 | T21: 42506 | U21: 42507 | V21: 42508 | W21: 42509 | Z21: 42565
A22: =TEXT(B22,"yy") -> 16 | B22: 42487 | C22: 水 | D22: 42474 | E22: 42475 | F22: 42478 | G22: 42479 | H22: 42480 | I22: 42481 | J22: 42482 | K22: 42485 | L22: 42486 | M22: 42487 | N22: 42499 | O22: 42500 | P22: 42501 | Q22: 42502 | R22: 42503 | S22: 42506 | T22: 42507 | U22: 42508 | V22: 42509 | W22: 42510 | Z22: 42566
... A1121: =TEXT(B1121,"yy") -> 21 | B1121: 44286 | C1121: 水 | D1121: 44271 | E1121: 44272 | F1121: 44273 | G1121: 44274 | H1121: 44277 | I1121: 44278 | J1121: 44279 | K1121: 44280 | L1121: 44281 | M1121: 44286 | N1121: 44287 | O1121: 44288 | P1121: 44291 | Q1121: 44292 | R1121: 44293 | S1121: 44294 | T1121: 44295 | U1121: 44298 | V1121: 44299 | W1121: 44300 | Z1121: 44365
A1122: =TEXT(B1122,"yy") -> 21 | B1122: 44287 | C1122: =TEXT(B1122,"aaa") -> 木 | D1122: 44272 | E1122: 44273 | F1122: 44274 | G1122: 44277 | H1122: 44278 | I1122: 44279 | J1122: 44280 | K1122: 44281 | L1122: 44286 | M1122: 44287 | N1122: 44288 | O1122: 44291 | P1122: 44292 | Q1122: 44293 | R1122: 44294 | S1122: 44295 | T1122: 44298 | U1122: 44299 | V1122: 44300 | W1122: 44301 | Z1122: 44368
A1123: =TEXT(B1123,"yy") -> 21 | B1123: 44288 | C1123: =TEXT(B1123,"aaa") -> 金 | D1123: 44273 | E1123: 44274 | F1123: 44277 | G1123: 44278 | H1123: 44279 | I1123: 44280 | J1123: 44281 | K1123: 44286 | L1123: 44287 | M1123: 44288 | N1123: 44291 | O1123: 44292 | P1123: 44293 | Q1123: 44294 | R1123: 44295 | S1123: 44298 | T1123: 44299 | U1123: 44300 | V1123: 44301 | W1123: 44302 | Z1123: 44369
A1124: =TEXT(B1124,"yy") -> 21 | B1124: 44291 | C1124: =TEXT(B1124,"aaa") -> 月 | D1124: 44274 | E1124: 44277 | F1124: 44278 | G1124: 44279 | H1124: 44280 | I1124: 44281 | J1124: 44286 | K1124: 44287 | L1124: 44288 | M1124: 44291 | N1124: 44292 | O1124: 44293 | P1124: 44294 | Q1124: 44295 | R1124: 44298 | S1124: 44299 | T1124: 44300 | U1124: 44301 | V1124: 44302 | W1124: 44305 | Z1124: 44370
A1125: =TEXT(B1125,"yy") -> 21 | B1125: 44292 | C1125: =TEXT(B1125,"aaa") -> 火 | D1125: 44277 | E1125: 44278 | F1125: 44279 | G1125: 44280 | H1125: 44281 | I1125: 44286 | J1125: 44287 | K1125: 44288 | L1125: 44291 | M1125: 44292 | N1125: 44293 | O1125: 44294 | P1125: 44295 | Q1125: 44298 | R1125: 44299 | S1125: 44300 | T1125: 44301 | U1125: 44302 | V1125: 44305 | W1125: 44306 | Z1125: 44371
A1126: =TEXT(B1126,"yy") -> 21 | B1126: 44293 | C1126: =TEXT(B1126,"aaa") -> 水 | D1126: 44278 | E1126: 44279 | F1126: 44280 | G1126: 44281 | H1126: 44286 | I1126: 44287 | J1126: 44288 | K1126: 44291 | L1126: 44292 | M1126: 44293 | N1126: 44294 | O1126: 44295 | P1126: 44298 | Q1126: 44299 | R1126: 44300 | S1126: 44301 | T1126: 44302 | U1126: 44305 | V1126: 44306 | W1126: 44307 | Z1126: 44372
A1127: =TEXT(B1127,"yy") -> 21 | B1127: 44294 | C1127: =TEXT(B1127,"aaa") -> 木 | D1127: 44279 | E1127: 44280 | F1127: 44281 | G1127: 44286 | H1127: 44287 | I1127: 44288 | J1127: 44291 | K1127: 44292 | L1127: 44293 | M1127: 44294 | N1127: 44295 | O1127: 44298 | P1127: 44299 | Q1127: 44300 | R1127: 44301 | S1127: 44302 | T1127: 44305 | U1127: 44306 | V1127: 44307 | W1127: 44308 | Z1127: 44375
A1128: =TEXT(B1128,"yy") -> 21 | B1128: 44295 | C1128: =TEXT(B1128,"aaa") -> 金 | D1128: 44280 | E1128: 44281 | F1128: 44286 | G1128: 44287 | H1128: 44288 | I1128: 44291 | J1128: 44292 | K1128: 44293 | L1128: 44294 | M1128: 44295 | N1128: 44298 | O1128: 44299 | P1128: 44300 | Q1128: 44301 | R1128: 44302 | S1128: 44305 | T1128: 44306 | U1128: 44307 | V1128: 44308 | W1128: 44309 | Z1128: 44376
A1129: =TEXT(B1129,"yy") -> 21 | B1129: 44298 | C1129: =TEXT(B1129,"aaa") -> 月 | D1129: 44281 | E1129: 44286 | F1129: 44287 | G1129: 44288 | H1129: 44291 | I1129: 44292 | J1129: 44293 | K1129: 44294 | L1129: 44295 | M1129: 44298 | N1129: 44299 | O1129: 44300 | P1129: 44301 | Q1129: 44302 | R1129: 44305 | S1129: 44306 | T1129: 44307 | U1129: 44308 | V1129: 44309 | W1129: 44312 | Z1129: 44377
A1130: =TEXT(B1130,"yy") -> 21 | B1130: 44299 | C1130: =TEXT(B1130,"aaa") -> 火 | D1130: 44286 | E1130: 44287 | F1130: 44288 | G1130: 44291 | H1130: 44292 | I1130: 44293 | J1130: 44294 | K1130: 44295 | L1130: 44298 | M1130: 44299 | N1130: 44300 | O1130: 44301 | P1130: 44302 | Q1130: 44305 | R1130: 44306 | S1130: 44307 | T1130: 44308 | U1130: 44309 | V1130: 44312 | W1130: 44313 | Z1130: 44378
A1131: =TEXT(B1131,"yy") -> 21 | B1131: 44300 | C1131: =TEXT(B1131,"aaa") -> 水 | D1131: 44287 | E1131: 44288 | F1131: 44291 | G1131: 44292 | H1131: 44293 | I1131: 44294 | J1131: 44295 | K1131: 44298 | L1131: 44299 | M1131: 44300 | N1131: 44301 | O1131: 44302 | P1131: 44305 | Q1131: 44306 | R1131: 44307 | S1131: 44308 | T1131: 44309 | U1131: 44312 | V1131: 44313 | W1131: 44323 | Z1131: 44379
A1132: =TEXT(B1132,"yy") -> 21 | B1132: 44301 | C1132: =TEXT(B1132,"aaa") -> 木 | D1132: 44288 | E1132: 44291 | F1132: 44292 | G1132: 44293 | H1132: 44294 | I1132: 44295 | J1132: 44298 | K1132: 44299 | L1132: 44300 | M1132: 44301 | N1132: 44302 | O1132: 44305 | P1132: 44306 | Q1132: 44307 | R1132: 44308 | S1132: 44309 | T1132: 44312 | U1132: 44313 | V1132: 44323 | W1132: 44326 | Z1132: 44382
A1133: =TEXT(B1133,"yy") -> 21 | B1133: 44302 | C1133: =TEXT(B1133,"aaa") -> 金 | D1133: 44291 | E1133: 44292 | F1133: 44293 | G1133: 44294 | H1133: 44295 | I1133: 44298 | J1133: 44299 | K1133: 44300 | L1133: 44301 | M1133: 44302 | N1133: 44305 | O1133: 44306 | P1133: 44307 | Q1133: 44308 | R1133: 44309 | S1133: 44312 | T1133: 44313 | U1133: 44323 | V1133: 44326 | W1133: 44327 | Z1133: 44383
... A1533: =TEXT(B1533,"yy") -> 23 | B1533: 44944 | C1533: =TEXT(B1533,"aaa") -> 水 | D1533: 44923 | E1533: 44931 | F1533: 44932 | G1533: 44936 | H1533: 44937 | I1533: 44938 | J1533: 44939 | K1533: 44942 | L1533: 44943 | M1533: 44944 | N1533: 44945 | O1533: 44946 | P1533: 44949 | Q1533: 44950 | R1533: 44951 | S1533: 44952 | T1533: 44953 | U1533: 44956 | V1533: 44957 | W1533: 44958 | Z1533: 45016
A1534: =TEXT(B1534,"yy") -> 23 | B1534: 44945 | C1534: =TEXT(B1534,"aaa") -> 木 | D1534: 44931 | E1534: 44932 | F1534: 44936 | G1534: 44937 | H1534: 44938 | I1534: 44939 | J1534: 44942 | K1534: 44943 | L1534: 44944 | M1534: 44945 | N1534: 44946 | O1534: 44949 | P1534: 44950 | Q1534: 44951 | R1534: 44952 | S1534: 44953 | T1534: 44956 | U1534: 44957 | V1534: 44958 | W1534: 44959
A1535: =TEXT(B1535,"yy") -> 23 | B1535: 44946 | C1535: =TEXT(B1535,"aaa") -> 金 | D1535: 44932 | E1535: 44936 | F1535: 44937 | G1535: 44938 | H1535: 44939 | I1535: 44942 | J1535: 44943 | K1535: 44944 | L1535: 44945 | M1535: 44946 | N1535: 44949 | O1535: 44950 | P1535: 44951 | Q1535: 44952 | R1535: 44953 | S1535: 44956 | T1535: 44957 | U1535: 44958 | V1535: 44959 | W1535: 44960
A1536: =TEXT(B1536,"yy") -> 23 | B1536: 44949 | C1536: =TEXT(B1536,"aaa") -> 月 | D1536: 44936 | E1536: 44937 | F1536: 44938 | G1536: 44939 | H1536: 44942 | I1536: 44943 | J1536: 44944 | K1536: 44945 | L1536: 44946 | M1536: 44949 | N1536: 44950 | O1536: 44951 | P1536: 44952 | Q1536: 44953 | R1536: 44956 | S1536: 44957 | T1536: 44958 | U1536: 44959 | V1536: 44960 | W1536: 44963
A1537: =TEXT(B1537,"yy") -> 23 | B1537: 44950 | C1537: =TEXT(B1537,"aaa") -> 火 | D1537: 44937 | E1537: 44938 | F1537: 44939 | G1537: 44942 | H1537: 44943 | I1537: 44944 | J1537: 44945 | K1537: 44946 | L1537: 44949 | M1537: 44950 | N1537: 44951 | O1537: 44952 | P1537: 44953 | Q1537: 44956 | R1537: 44957 | S1537: 44958 | T1537: 44959 | U1537: 44960 | V1537: 44963 | W1537: 44964
A1538: =TEXT(B1538,"yy") -> 23 | B1538: 44951 | C1538: =TEXT(B1538,"aaa") -> 水 | D1538: 44938 | E1538: 44939 | F1538: 44942 | G1538: 44943 | H1538: 44944 | I1538: 44945 | J1538: 44946 | K1538: 44949 | L1538: 44950 | M1538: 44951 | N1538: 44952 | O1538: 44953 | P1538: 44956 | Q1538: 44957 | R1538: 44958 | S1538: 44959 | T1538: 44960 | U1538: 44963 | V1538: 44964 | W1538: 44965
A1539: =TEXT(B1539,"yy") -> 23 | B1539: 44952 | C1539: =TEXT(B1539,"aaa") -> 木 | D1539: 44939 | E1539: 44942 | F1539: 44943 | G1539: 44944 | H1539: 44945 | I1539: 44946 | J1539: 44949 | K1539: 44950 | L1539: 44951 | M1539: 44952 | N1539: 44953 | O1539: 44956 | P1539: 44957 | Q1539: 44958 | R1539: 44959 | S1539: 44960 | T1539: 44963 | U1539: 44964 | V1539: 44965 | W1539: 44966
A1540: =TEXT(B1540,"yy") -> 23 | B1540: 44953 | C1540: =TEXT(B1540,"aaa") -> 金 | D1540: 44942 | E1540: 44943 | F1540: 44944 | G1540: 44945 | H1540: 44946 | I1540: 44949 | J1540: 44950 | K1540: 44951 | L1540: 44952 | M1540: 44953 | N1540: 44956 | O1540: 44957 | P1540: 44958 | Q1540: 44959 | R1540: 44960 | S1540: 44963 | T1540: 44964 | U1540: 44965 | V1540: 44966 | W1540: 44967
A1541: =TEXT(B1541,"yy") -> 23 | B1541: 44956 | C1541: =TEXT(B1541,"aaa") -> 月 | D1541: 44943 | E1541: 44944 | F1541: 44945 | G1541: 44946 | H1541: 44949 | I1541: 44950 | J1541: 44951 | K1541: 44952 | L1541: 44953 | M1541: 44956 | N1541: 44957 | O1541: 44958 | P1541: 44959 | Q1541: 44960 | R1541: 44963 | S1541: 44964 | T1541: 44965 | U1541: 44966 | V1541: 44967 | W1541: 44970
A1542: =TEXT(B1542,"yy") -> 23 | B1542: 44957 | C1542: =TEXT(B1542,"aaa") -> 火 | D1542: 44944 | E1542: 44945 | F1542: 44946 | G1542: 44949 | H1542: 44950 | I1542: 44951 | J1542: 44952 | K1542: 44953 | L1542: 44956 | M1542: 44957 | N1542: 44958 | O1542: 44959 | P1542: 44960 | Q1542: 44963 | R1542: 44964 | S1542: 44965 | T1542: 44966 | U1542: 44967 | V1542: 44970 | W1542: 44971
A1543: =TEXT(B1543,"yy") -> 23 | B1543: 44958 | C1543: =TEXT(B1543,"aaa") -> 水 | D1543: 44945 | E1543: 44946 | F1543: 44949 | G1543: 44950 | H1543: 44951 | I1543: 44952 | J1543: 44953 | K1543: 44956 | L1543: 44957 | M1543: 44958 | N1543: 44959 | O1543: 44960 | P1543: 44963 | Q1543: 44964 | R1543: 44965 | S1543: 44966 | T1543: 44967 | U1543: 44970 | V1543: 44971 | W1543: 44972
A1544: =TEXT(B1544,"yy") -> 23 | B1544: 44959 | C1544: =TEXT(B1544,"aaa") -> 木 | D1544: 44946 | E1544: 44949 | F1544: 44950 | G1544: 44951 | H1544: 44952 | I1544: 44953 | J1544: 44956 | K1544: 44957 | L1544: 44958 | M1544: 44959 | N1544: 44960 | O1544: 44963 | P1544: 44964 | Q1544: 44965 | R1544: 44966 | S1544: 44967 | T1544: 44970 | U1544: 44971 | V1544: 44972 | W1544: 44973
A1545: =TEXT(B1545,"yy") -> 23 | B1545: 44960 | C1545: =TEXT(B1545,"aaa") -> 金 | D1545: 44949 | E1545: 44950 | F1545: 44951 | G1545: 44952 | H1545: 44953 | I1545: 44956 | J1545: 44957 | K1545: 44958 | L1545: 44959 | M1545: 44960 | N1545: 44963 | O1545: 44964 | P1545: 44965 | Q1545: 44966 | R1545: 44967 | S1545: 44970 | T1545: 44971 | U1545: 44972 | V1545: 44973 | W1545: 44974
... A1844: =TEXT(B1844,"yy") -> 24 | B1844: 45429 | C1844: =TEXT(B1844,"aaa") -> 金 | D1844: 45408 | E1844: 45419 | F1844: 45420 | G1844: 45421 | H1844: 45422 | I1844: 45425 | J1844: 45426 | K1844: 45427 | L1844: 45428 | M1844: 45429 | N1844: 45432 | O1844: 45433 | P1844: 45434 | Q1844: 45435 | R1844: 45436 | S1844: 45439 | T1844: 45440 | U1844: 45441 | V1844: 45442 | W1844: 45443
A1845: =TEXT(B1845,"yy") -> 24 | B1845: 45432 | C1845: =TEXT(B1845,"aaa") -> 月 | D1845: 45419 | E1845: 45420 | F1845: 45421 | G1845: 45422 | H1845: 45425 | I1845: 45426 | J1845: 45427 | K1845: 45428 | L1845: 45429 | M1845: 45432 | N1845: 45433 | O1845: 45434 | P1845: 45435 | Q1845: 45436 | R1845: 45439 | S1845: 45440 | T1845: 45441 | U1845: 45442 | V1845: 45443
A1846: =TEXT(B1846,"yy") -> 24 | B1846: 45433 | C1846: =TEXT(B1846,"aaa") -> 火 | D1846: 45420 | E1846: 45421 | F1846: 45422 | G1846: 45425 | H1846: 45426 | I1846: 45427 | J1846: 45428 | K1846: 45429 | L1846: 45432 | M1846: 45433 | N1846: 45434 | O1846: 45435 | P1846: 45436 | Q1846: 45439 | R1846: 45440 | S1846: 45441 | T1846: 45442 | U1846: 45443
A1847: =TEXT(B1847,"yy") -> 24 | B1847: 45434 | C1847: =TEXT(B1847,"aaa") -> 水 | D1847: 45421 | E1847: 45422 | F1847: 45425 | G1847: 45426 | H1847: 45427 | I1847: 45428 | J1847: 45429 | K1847: 45432 | L1847: 45433 | M1847: 45434 | N1847: 45435 | O1847: 45436 | P1847: 45439 | Q1847: 45440 | R1847: 45441 | S1847: 45442 | T1847: 45443
A1848: =TEXT(B1848,"yy") -> 24 | B1848: 45435 | C1848: =TEXT(B1848,"aaa") -> 木 | D1848: 45422 | E1848: 45425 | F1848: 45426 | G1848: 45427 | H1848: 45428 | I1848: 45429 | J1848: 45432 | K1848: 45433 | L1848: 45434 | M1848: 45435 | N1848: 45436 | O1848: 45439 | P1848: 45440 | Q1848: 45441 | R1848: 45442 | S1848: 45443
A1849: =TEXT(B1849,"yy") -> 24 | B1849: 45436 | C1849: =TEXT(B1849,"aaa") -> 金 | D1849: 45425 | E1849: 45426 | F1849: 45427 | G1849: 45428 | H1849: 45429 | I1849: 45432 | J1849: 45433 | K1849: 45434 | L1849: 45435 | M1849: 45436 | N1849: 45439 | O1849: 45440 | P1849: 45441 | Q1849: 45442 | R1849: 45443
A1850: =TEXT(B1850,"yy") -> 24 | B1850: 45439 | C1850: =TEXT(B1850,"aaa") -> 月 | D1850: 45426 | E1850: 45427 | F1850: 45428 | G1850: 45429 | H1850: 45432 | I1850: 45433 | J1850: 45434 | K1850: 45435 | L1850: 45436 | M1850: 45439 | N1850: 45440 | O1850: 45441 | P1850: 45442 | Q1850: 45443
A1851: =TEXT(B1851,"yy") -> 24 | B1851: 45440 | C1851: =TEXT(B1851,"aaa") -> 火 | D1851: 45427 | E1851: 45428 | F1851: 45429 | G1851: 45432 | H1851: 45433 | I1851: 45434 | J1851: 45435 | K1851: 45436 | L1851: 45439 | M1851: 45440 | N1851: 45441 | O1851: 45442 | P1851: 45443
A1852: =TEXT(B1852,"yy") -> 24 | B1852: 45441 | C1852: =TEXT(B1852,"aaa") -> 水 | D1852: 45428 | E1852: 45429 | F1852: 45432 | G1852: 45433 | H1852: 45434 | I1852: 45435 | J1852: 45436 | K1852: 45439 | L1852: 45440 | M1852: 45441 | N1852: 45442 | O1852: 45443
A1853: =TEXT(B1853,"yy") -> 24 | B1853: 45442 | C1853: =TEXT(B1853,"aaa") -> 木 | D1853: 45429 | E1853: 45432 | F1853: 45433 | G1853: 45434 | H1853: 45435 | I1853: 45436 | J1853: 45439 | K1853: 45440 | L1853: 45441 | M1853: 45442 | N1853: 45443
A1854: =TEXT(B1854,"yy") -> 24 | B1854: 45443 | C1854: =TEXT(B1854,"aaa") -> 金 | D1854: 45432 | E1854: 45433 | F1854: 45434 | G1854: 45435 | H1854: 45436 | I1854: 45439 | J1854: 45440 | K1854: 45441 | L1854: 45442 | M1854: 45443
A1855: =TEXT(B1855,"yy") -> 00 | C1855: =TEXT(B1855,"aaa") -> 土 | D1855: 45433 | E1855: 45434 | F1855: 45435 | G1855: 45436 | H1855: 45439 | I1855: 45440 | J1855: 45441 | K1855: 45442 | L1855: 45443
A1856: =TEXT(B1856,"yy") -> 00 | C1856: =TEXT(B1856,"aaa") -> 土 | D1856: 45434 | E1856: 45435 | F1856: 45436 | G1856: 45439 | H1856: 45440 | I1856: 45441 | J1856: 45442 | K1856: 45443
A1857: =TEXT(B1857,"yy") -> 00 | C1857: =TEXT(B1857,"aaa") -> 土 | D1857: 45435 | E1857: 45436 | F1857: 45439 | G1857: 45440 | H1857: 45441 | I1857: 45442 | J1857: 45443
A1858: =TEXT(B1858,"yy") -> 00 | C1858: =TEXT(B1858,"aaa") -> 土 | D1858: 45436 | E1858: 45439 | F1858: 45440 | G1858: 45441 | H1858: 45442 | I1858: 45443
A1859: =TEXT(B1859,"yy") -> 00 | C1859: =TEXT(B1859,"aaa") -> 土 | D1859: 45439 | E1859: 45440 | F1859: 45441 | G1859: 45442 | H1859: 45443
A1860: =TEXT(B1860,"yy") -> 00 | C1860: =TEXT(B1860,"aaa") -> 土 | D1860: 45440 | E1860: 45441 | F1860: 45442 | G1860: 45443
A1861: =TEXT(B1861,"yy") -> 00 | C1861: =TEXT(B1861,"aaa") -> 土 | D1861: 45441 | E1861: 45442 | F1861: 45443
A1862: =TEXT(B1862,"yy") -> 00 | C1862: =TEXT(B1862,"aaa") -> 土 | D1862: 45442 | E1862: 45443
A1863: =TEXT(B1863,"yy") -> 00 | C1863: =TEXT(B1863,"aaa") -> 土 | D1863: 45443
