Workbook
Name __DAT1: #REF!
Name __DAT10: #REF!
Name __DAT11: #REF!
Name __DAT12: #REF!
Name __DAT2: #REF!
Name __DAT3: #REF!
Name __DAT4: #REF!
Name __DAT5: #REF!
Name __DAT6: #REF!
Name __DAT7: #REF!
Name __DAT8: #REF!
Name __DAT9: #REF!
Name _DAT1: #REF!
Name _DAT10: #REF!
Name _DAT11: #REF!
Name _DAT12: #REF!
Name _DAT2: #REF!
Name _DAT3: #REF!
Name _DAT4: #REF!
Name _DAT5: #REF!
Name _DAT6: #REF!
Name _DAT7: #REF!
Name _DAT8: #REF!
Name _DAT9: #REF!
Name KEN_ALL: #REF!
Name PS: '[1]DCH-PS'!$A$1:$BA$906
Name Sheet1_クエリ: #REF!
Name TEST1: #REF!
Name TESTHKEY: #REF!
Name TESTKEYS: #REF!
Name TESTVKEY: #REF!
Name V8structure2: #REF!
Name Ｖ８構成: #REF!
Name クエリ1: '[2]06下期協定'!$A$13:$BZ$2217
Name クエリ5: #REF!
Name ダイフクＰ１計: #REF!
Name ダイフクＰ２計: #REF!
Name 委託先ﾁｬｰｼﾞ間: #REF!
Name 委託先ﾁｬｰｼﾞ計: #REF!
Name 委託先ﾁｬｰｼﾞ直: #REF!
Name 委託先外加工費: #REF!
Name 委託先外間: #REF!
Name 委託先間接費: #REF!
Name 委託先工費: #REF!
Name 委託先直労費: #REF!
Name 委託先内間: #REF!
Name 運賃: #REF!
Name 外間ＳＴ: #REF!
Name 管販費: [3]光真!#REF!
Name 希望ﾁｬｰｼﾞ: #REF!
Name 希望加工費: #REF!
Name 希望外加工費: #REF!
Name 希望外間: #REF!
Name 希望管理費: #REF!
Name 希望間ﾁｬｰｼﾞ: #REF!
Name 希望仕切値: #REF!
Name 希望総合ﾁｬｰｼﾞ: #REF!
Name 希望直ﾁｬｰｼﾞ: #REF!
Name 希望直労費: #REF!
Name 希望内間: #REF!

Sheet Ｖ８星取表
M1: 1 | N1: 2 | O1: 3 | P1: 4 | Q1: 5 | R1: 6 | S1: 7 | T1: 8 | U1: 9 | V1: 10 | W1: 11 | X1: 12 | Y1: 13 | Z1: 14 | AA1: 15 | AB1: 16 | AC1: 17 | AD1: 18 | AE1: 19 | AF1: 20 | AG1: 21 | AH1: 22 | AI1: 23 | AJ1: 24 | AK1: 25 | AL1: 26 | AM1: 27 | AN1: 28 | AO1: 29 | AP1: 30 | AQ1: 31 | AR1: 32 | AS1: 33 | AT1: 34 | AU1: 35 | AV1: 36 | AW1: 37 | AX1: 38 | AY1: 39 | AZ1: 40 | BA1: 41 | BB1: 42 | BC1: 43 | BD1: 44 | BE1: 45 | BF1: 46 | BG1: 47 | BH1: 48 | BI1: 49 | BJ1: 50
S2: KMP UNITS | AP2: KOUSHIN JAPAN UNITS
P3: =COUNTIF(#REF!,"・") -> #REF! | R3: ・→ | S3: =COUNTIF(#REF!,"・") -> #REF! | T3: =COUNTIF(#REF!,"・") -> #REF! | U3: =COUNTIF(#REF!,"・") -> #REF! | V3: =COUNTIF(#REF!,"・") -> #REF! | W3: =COUNTIF(#REF!,"・") -> #REF! | X3: =COUNTIF(#REF!,"・") -> #REF! | Y3: =COUNTIF(#REF!,"・") -> #REF! | Z3: =COUNTIF(#REF!,"・") -> #REF! | ... AY3: =COUNTIF(#REF!,"・") -> #REF!
P4: =COUNTIF(#REF!,"1/13") -> #REF! | S4: 0184429-0 | T4: 1876212-3 | U4: 3249850-1 | V4: 3139386-2 | W4: 1876278-6 | X4: 3729591-9 | Y4: 0184763-0 | Z4: 9064355-4 | AA4: 9912506-8 | AB4: 1876267-0 | AC4: 3729668-0 | AD4: 1876265-4 | AE4: 1876242-5 | AF4: 3139392-7 | AG4: 1876244-1 | AH4: 1868741-5 | AI4: 3139382-0 | AJ4: 1868739-3 | AK4: 5343350-7 | AL4: 1868742-3 | AM4: 3139404-4 | AN4: 1868740-7 | AO4: 5343349-3 | AP4: 1892440-9 | AQ4: 3729514-5 | AR4: 3247289-8 | AS4: 0184427-4 | AT4: 9066030-0 | AU4: 3139406-0 | AV4: 9912561-0 | AW4: 1876275-1 | AX4: 1892439-5 | AY4: 1876277-8
A5: ＊5/17生産計画 | K5: ａ (OCｶﾚ） | N5: b (光真ｶﾚ） | O5: b-4日 (光真ｶﾚ） | P5: ａ-3日 (光真ｶﾚ） | Q5: ａ (OCｶﾚ） | S5: ﾊﾝｿｳﾌﾞ | T5: 5000ｴﾝﾌﾞ | U5: 5000ｴﾝﾌﾞ | V5: 5000ｴﾝﾌﾞ | W5: ﾂﾘｼﾍｲ ﾎﾘﾕｳﾌﾞ | X5: ﾂﾘｼﾍｲ ﾎﾘﾕｳﾌﾞ | Y5: ｿｳﾆﾕｳｳﾌﾞ | Z5: ｿｳﾆﾕｳｳﾌﾞ | AA5: ｿｳﾆﾕｳｳﾌﾞ | AB5: ﾎｷﾕｳﾌﾞ ｺｳﾎｳ | AC5: ﾎｷﾕｳﾌﾞ ｺｳﾎｳ | AD5: ﾀｲﾋﾌﾞ | AE5: ｶｲｼﾕｳﾌﾞ （固定式） | AF5: ｶｲｼﾕｳﾌﾞ （固定式） | AG5: ｶｲｼﾕｳﾌﾞ （可搬式） | AH5: 10000ｴﾝﾌﾞ （固定式） | AI5: 10000ｴﾝﾌﾞ （固定式） | AJ5: 10000ｴﾝﾌﾞ （可搬式） | AK5: 10000ｴﾝﾌﾞ （可搬式） | AL5: 1000ｴﾝ ｶｾﾂﾄﾌﾞ （固定式） | AM5: 1000ｴﾝ ｶｾﾂﾄﾌﾞ （固定式） | AN5: 1000ｴﾝ ｶｾﾂﾄﾌﾞ （可搬式） | AO5: 1000ｴﾝ ｶｾﾂﾄﾌﾞ （可搬式） | AP5: ｷﾎﾝﾌﾞ BH | AQ5: ｷﾎﾝﾌﾞ BH | AR5: ｷﾎﾝﾌﾞ BH | AS5: ｷﾎﾝﾌﾞ BH | AT5: ｷﾎﾝﾌﾞ BH | AU5: ｷﾎﾝﾌﾞ BH | AV5: ｷﾎﾝﾌﾞ BH | AW5: ﾌﾚ-ﾑﾌﾞ | AX5: ﾌﾚ-ﾑﾌﾞ | AY5: ﾚ-ﾙﾌﾞ
A6: T-No （LAY） | B6: Z002 号機 | C6: Z003 号機 | D6: Z004 号機 | E6: Z101 号機 | F6: Z102 号機 | G6: Z103 号機 | H6: Z201 号機 | I6: ＢＨ型式 | J6: 順序 確定日 | K6: 光真 順序 出荷日 | L6: 実出荷 | M6: KP-No | N6: LAZ 完了 計画 | O6: KMP ユニット 日本着日 | P6: KMP ユニット 日本着日 | Q6: LAZ/ｶｾｯﾄ LAL/LBL J-光真 出荷計画 | R6: メンテ | S6: LAA101 | T6: LAF001 | U6: LAF002 | V6: LAF003 | W6: LAG001 | X6: LAG002 | Y6: LAE101 | Z6: LAE102 | AA6: LAE201 | AB6: LBL001 | AC6: LBL002 | AD6: LAL001 | AE6: LAN001 | AF6: LAN002 | AG6: LCN001 | AH6: LAC001 | AI6: LAC002 | AJ6: LCC001 | AK6: LCC002 | AL6: LAD001 | AM6: LAD002 | AN6: LCD001 | AO6: LCD002 | AP6: LAZ002 | AQ6: LAZ003 | AR6: LAZ004 | AS6: LAZ101 | AT6: LAZ102 | AU6: LAZ103 | AV6: LAZ201 | AW6: LAY001 | AX6: LAY002 | AY6: LAH001 | AZ6: 生産 計画 No | BA6: 客先名 | BB6: 駅名 ﾒﾝﾃﾕﾆｯﾄ型式（個/ﾛｯﾄ） | BC6: コーナー メンテ：情報提供者 （情報入手日） | BD6: ﾕﾆｯﾄ 種類数 | BE6: BH型式 | BF6: 出荷日 | BG6: T-No （LAY） | BH6: LAZ ﾕﾆｯﾄ | BI6: 1F 出荷 | BJ6: ﾒﾝﾃﾕﾆｯﾄ 型式
J7: 45750 | K7: 45785 | L7: 45785 | M7: MB-07688 | O7: 45771 | Q7: 45785 | R7: M | S7: 45742 | AZ7: 000367644 | BA7: OFET | BB7: LAA101（1/1） | BC7: （10/18平嶌様情報） | BD7: =COUNTA(S7:AY7) -> 1 | BE7: =I7 -> 0 | BF7: =K7 -> 45785 | BG7: =A7 -> 0 | BH7: =COUNTA(S7:AA7) -> 1 | BI7: =COUNTA(AB7:AO7) -> 0 | BJ7: LAA101
J8: 45754 | K8: 45789 | L8: 45789 | M8: MB-07691 | O8: 45784 | Q8: 45789 | R8: M | S8: 45772 | AZ8: 000369841 | BA8: OFET | BB8: LAA101（1/2） | BC8: （24/12/07DB公開） | BD8: =COUNTA(S8:AY8) -> 1 | BE8: =I8 -> 0 | BF8: =K8 -> 45789 | BG8: =A8 -> 0 | BH8: =COUNTA(S8:AA8) -> 1 | BI8: =COUNTA(AB8:AO8) -> 0 | BJ8: LAA101
J9: 45754 | K9: 45789 | L9: 45789 | M9: MB-07691 | O9: 45784 | Q9: 45789 | R9: M | S9: 45772 | AZ9: 000369841 | BA9: OFET | BB9: LAA101（2/2） | BC9: （24/12/07DB公開） | BD9: =COUNTA(S9:AY9) -> 1 | BE9: =I9 -> 0 | BF9: =K9 -> 45789 | BG9: =A9 -> 0 | BH9: =COUNTA(S9:AA9) -> 1 | BI9: =COUNTA(AB9:AO9) -> 0 | BJ9: LAA101
A10: 21115 | B10: 3131 | I10: VU-LA007 | J10: 45770 | K10: 45790 | L10: 45790 | M10: MC-50218 | N10: 45789 | O10: 45784 | P10: 45786 | Q10: 45790 | S10: 45772 | T10: 45772 | W10: 45772 | Y10: 45772 | AD10: 45772 | AE10: 45772 | AH10: 45772 | AL10: 45772 | AP10: ・ | AX10: ・ | AY10: ・ | AZ10: 000373824 | BA10: N社（Ｎ） | BC10: VU-LA007 | BD10: 11 | BE10: =I10 -> VU-LA007 | BF10: =K10 -> 45790 | BG10: =A10 -> 21115 | BH10: =COUNTA(S10:AA10) -> 4 | BI10: =COUNTA(AB10:AO10) -> 4
A11: 21116 | B11: 3132 | I11: VU-LA007 | J11: 45770 | K11: 45790 | L11: 45790 | M11: MC-50219 | N11: 45789 | O11: 45784 | P11: 45786 | Q11: 45790 | S11: 45772 | T11: 45772 | W11: 45772 | Y11: 45772 | AD11: 45772 | AE11: 45772 | AH11: 45772 | AL11: 45772 | AP11: ・ | AX11: ・ | AY11: ・ | AZ11: 000377304 | BA11: N社（Ｎ） | BC11: VU-LA007 | BD11: 11 | BE11: =I11 -> VU-LA007 | BF11: =K11 -> 45790 | BG11: =A11 -> 21116 | BH11: =COUNTA(S11:AA11) -> 4 | BI11: =COUNTA(AB11:AO11) -> 4
A12: 21117 | B12: 3133 | I12: VU-LA007 | J12: 45771 | K12: 45791 | L12: 45791 | M12: MC-50223 | N12: 45790 | O12: 45785 | P12: 45787 | Q12: 45791 | S12: 45772 | T12: 45772 | W12: 45772 | Y12: 45772 | AD12: 45772 | AE12: 45772 | AH12: 45772 | AL12: 45772 | AP12: ・ | AX12: ・ | AY12: ・ | AZ12: 000377306 | BA12: N社（Ｎ） | BC12: VU-LA007 | BD12: 11 | BE12: =I12 -> VU-LA007 | BF12: =K12 -> 45791 | BG12: =A12 -> 21117 | BH12: =COUNTA(S12:AA12) -> 4 | BI12: =COUNTA(AB12:AO12) -> 4
A13: 21118 | B13: 3134 | I13: VU-LA007 | J13: 45771 | K13: 45791 | L13: 45791 | M13: MC-50224 | N13: 45790 | O13: 45785 | P13: 45787 | Q13: 45791 | S13: 45772 | T13: 45772 | W13: 45772 | Y13: 45772 | AD13: 45772 | AE13: 45772 | AH13: 45772 | AL13: 45772 | AP13: ・ | AX13: ・ | AY13: ・ | AZ13: 000377308 | BA13: N社（Ｎ） | BC13: VU-LA007 | BD13: 11 | BE13: =I13 -> VU-LA007 | BF13: =K13 -> 45791 | BG13: =A13 -> 21118 | BH13: =COUNTA(S13:AA13) -> 4 | BI13: =COUNTA(AB13:AO13) -> 4
A14: 21119 | B14: 3135 | I14: VU-LA007 | J14: 45772 | K14: 45792 | L14: 45792 | M14: MC-50227 | N14: 45791 | O14: 45786 | P14: 45789 | Q14: 45792 | S14: 45772 | T14: 45772 | W14: 45772 | Y14: 45772 | AD14: 45772 | AE14: 45772 | AH14: 45772 | AL14: 45772 | AP14: ・ | AX14: ・ | AY14: ・ | AZ14: 000377305 | BA14: N社（Ｎ） | BC14: VU-LA007 | BD14: 11 | BE14: =I14 -> VU-LA007 | BF14: =K14 -> 45792 | BG14: =A14 -> 21119 | BH14: =COUNTA(S14:AA14) -> 4 | BI14: =COUNTA(AB14:AO14) -> 4
A15: 21120 | B15: 3136 | I15: VU-LA007 | J15: 45772 | K15: 45792 | L15: 45792 | M15: MC-50228 | N15: 45791 | O15: 45786 | P15: 45789 | Q15: 45792 | S15: 45772 | T15: 45772 | W15: 45772 | Y15: 45772 | AD15: 45772 | AE15: 45772 | AH15: 45772 | AL15: 45772 | AP15: ・ | AX15: ・ | AY15: ・ | AZ15: 000377307 | BA15: N社（Ｎ） | BC15: VU-LA007 | BD15: 11 | BE15: =I15 -> VU-LA007 | BF15: =K15 -> 45792 | BG15: =A15 -> 21120 | BH15: =COUNTA(S15:AA15) -> 4 | BI15: =COUNTA(AB15:AO15) -> 4
A16: 21121 | B16: 3137 | I16: VU-LA007 | J16: 45775 | K16: 45793 | L16: 45793 | M16: MC-50231 | N16: 45792 | O16: 45787 | P16: 45790 | Q16: 45793 | S16: 45772 | T16: 45772 | W16: 45772 | Y16: 45772 | AD16: 45772 | AE16: 45772 | AH16: 45772 | AL16: 45772 | AP16: ・ | AX16: ・ | AY16: ・ | AZ16: 000366813 | BA16: N社（Ｎ） | BC16: VU-LA007 | BD16: 11 | BE16: =I16 -> VU-LA007 | BF16: =K16 -> 45793 | BG16: =A16 -> 21121 | BH16: =COUNTA(S16:AA16) -> 4 | BI16: =COUNTA(AB16:AO16) -> 4
A17: 21122 | B17: 3138 | I17: VU-LA007 | J17: 45775 | K17: 45793 | L17: 45793 | M17: MC-50232 | N17: 45792 | O17: 45787 | P17: 45790 | Q17: 45793 | S17: 45772 | T17: 45772 | W17: 45772 | Y17: 45772 | AD17: 45772 | AE17: 45772 | AH17: 45772 | AL17: 45772 | AP17: ・ | AX17: ・ | AY17: ・ | AZ17: 000377315 | BA17: N社（Ｎ） | BC17: VU-LA007 | BD17: 11 | BE17: =I17 -> VU-LA007 | BF17: =K17 -> 45793 | BG17: =A17 -> 21122 | BH17: =COUNTA(S17:AA17) -> 4 | BI17: =COUNTA(AB17:AO17) -> 4
J18: 45758 | K18: 45793 | L18: 45793 | M18: MB-07702 | O18: 45789 | Q18: 45793 | R18: M | T18: 45772 | AZ18: 000368748 | BA18: OFET | BB18: LAF001（1/5） | BC18: （11/7平嶌様情報） | BD18: =COUNTA(S18:AY18) -> 1 | BE18: =I18 -> 0 | BF18: =K18 -> 45793 | BG18: =A18 -> 0 | BH18: =COUNTA(S18:AA18) -> 1 | BI18: =COUNTA(AB18:AO18) -> 0 | BJ18: LAF001
J19: 45758 | K19: 45793 | L19: 45793 | M19: MB-07702 | O19: 45789 | Q19: 45793 | R19: M | T19: 45772 | AZ19: 000368748 | BA19: OFET | BB19: LAF001（2/5） | BC19: （11/7平嶌様情報） | BD19: =COUNTA(S19:AY19) -> 1 | BE19: =I19 -> 0 | BF19: =K19 -> 45793 | BG19: =A19 -> 0 | BH19: =COUNTA(S19:AA19) -> 1 | BI19: =COUNTA(AB19:AO19) -> 0 | BJ19: LAF001
J20: 45758 | K20: 45793 | L20: 45793 | M20: MB-07702 | O20: 45789 | Q20: 45793 | R20: M | T20: 45772 | AZ20: 000368748 | BA20: OFET | BB20: LAF001（3/5） | BC20: （11/7平嶌様情報） | BD20: =COUNTA(S20:AY20) -> 1 | BE20: =I20 -> 0 | BF20: =K20 -> 45793 | BG20: =A20 -> 0 | BH20: =COUNTA(S20:AA20) -> 1 | BI20: =COUNTA(AB20:AO20) -> 0 | BJ20: LAF001
J21: 45758 | K21: 45793 | L21: 45793 | M21: MB-07702 | O21: 45789 | Q21: 45793 | R21: M | T21: 45772 | AZ21: 000368748 | BA21: OFET | BB21: LAF001（4/5） | BC21: （11/7平嶌様情報） | BD21: =COUNTA(S21:AY21) -> 1 | BE21: =I21 -> 0 | BF21: =K21 -> 45793 | BG21: =A21 -> 0 | BH21: =COUNTA(S21:AA21) -> 1 | BI21: =COUNTA(AB21:AO21) -> 0 | BJ21: LAF001
J22: 45758 | K22: 45793 | L22: 45793 | M22: MB-07702 | O22: 45789 | Q22: 45793 | R22: M | T22: 45772 | AZ22: 000368748 | BA22: OFET | BB22: LAF001（5/5） | BC22: （11/7平嶌様情報） | BD22: =COUNTA(S22:AY22) -> 1 | BE22: =I22 -> 0 | BF22: =K22 -> 45793 | BG22: =A22 -> 0 | BH22: =COUNTA(S22:AA22) -> 1 | BI22: =COUNTA(AB22:AO22) -> 0 | BJ22: LAF001
J23: 45758 | K23: 45793 | L23: 45793 | M23: MB-07700 | P23: 45790 | Q23: 45793 | R23: M | AH23: 45772 | AZ23: 000368747 | BA23: OFET | BB23: LAC001（1/5） | BC23: （11/7平嶌様情報） | BD23: =COUNTA(S23:AY23) -> 1 | BE23: =I23 -> 0 | BF23: =K23 -> 45793 | BG23: =A23 -> 0 | BH23: =COUNTA(S23:AA23) -> 0 | BI23: =COUNTA(AB23:AO23) -> 1 | BJ23: LAC001
J24: 45758 | K24: 45793 | L24: 45793 | M24: MB-07700 | P24: 45790 | Q24: 45793 | R24: M | AH24: 45772 | AZ24: 000368747 | BA24: OFET | BB24: LAC001（2/5） | BC24: （11/7平嶌様情報） | BD24: =COUNTA(S24:AY24) -> 1 | BE24: =I24 -> 0 | BF24: =K24 -> 45793 | BG24: =A24 -> 0 | BH24: =COUNTA(S24:AA24) -> 0 | BI24: =COUNTA(AB24:AO24) -> 1 | BJ24: LAC001
J25: 45758 | K25: 45793 | L25: 45793 | M25: MB-07700 | P25: 45790 | Q25: 45793 | R25: M | AH25: 45772 | AZ25: 000368747 | BA25: OFET | BB25: LAC001（3/5） | BC25: （11/7平嶌様情報） | BD25: =COUNTA(S25:AY25) -> 1 | BE25: =I25 -> 0 | BF25: =K25 -> 45793 | BG25: =A25 -> 0 | BH25: =COUNTA(S25:AA25) -> 0 | BI25: =COUNTA(AB25:AO25) -> 1 | BJ25: LAC001
J26: 45758 | K26: 45793 | L26: 45793 | M26: MB-07700 | P26: 45790 | Q26: 45793 | R26: M | AH26: 45772 | AZ26: 000368747 | BA26: OFET | BB26: LAC001（4/5） | BC26: （11/7平嶌様情報） | BD26: =COUNTA(S26:AY26) -> 1 | BE26: =I26 -> 0 | BF26: =K26 -> 45793 | BG26: =A26 -> 0 | BH26: =COUNTA(S26:AA26) -> 0 | BI26: =COUNTA(AB26:AO26) -> 1 | BJ26: LAC001
J27: 45758 | K27: 45793 | L27: 45793 | M27: MB-07700 | P27: 45790 | Q27: 45793 | R27: M | AH27: 45772 | AZ27: 000368747 | BA27: OFET | BB27: LAC001（5/5） | BC27: （11/7平嶌様情報） | BD27: =COUNTA(S27:AY27) -> 1 | BE27: =I27 -> 0 | BF27: =K27 -> 45793 | BG27: =A27 -> 0 | BH27: =COUNTA(S27:AA27) -> 0 | BI27: =COUNTA(AB27:AO27) -> 1 | BJ27: LAC001
J28: 45758 | K28: 45793 | L28: 45793 | M28: MB-07701 | P28: 45790 | Q28: 45793 | R28: M | AL28: 45772 | AZ28: 000368746 | BA28: OFET | BB28: LAD001（1/5） | BC28: （11/7平嶌様情報） | BD28: =COUNTA(S28:AY28) -> 1 | BE28: =I28 -> 0 | BF28: =K28 -> 45793 | BG28: =A28 -> 0 | BH28: =COUNTA(S28:AA28) -> 0 | BI28: =COUNTA(AB28:AO28) -> 1 | BJ28: LAD001
J29: 45758 | K29: 45793 | L29: 45793 | M29: MB-07701 | P29: 45790 | Q29: 45793 | R29: M | AL29: 45772 | AZ29: 000368746 | BA29: OFET | BB29: LAD001（2/5） | BC29: （11/7平嶌様情報） | BD29: =COUNTA(S29:AY29) -> 1 | BE29: =I29 -> 0 | BF29: =K29 -> 45793 | BG29: =A29 -> 0 | BH29: =COUNTA(S29:AA29) -> 0 | BI29: =COUNTA(AB29:AO29) -> 1 | BJ29: LAD001
J30: 45758 | K30: 45793 | L30: 45793 | M30: MB-07701 | P30: 45790 | Q30: 45793 | R30: M | AL30: 45772 | AZ30: 000368746 | BA30: OFET | BB30: LAD001（3/5） | BC30: （11/7平嶌様情報） | BD30: =COUNTA(S30:AY30) -> 1 | BE30: =I30 -> 0 | BF30: =K30 -> 45793 | BG30: =A30 -> 0 | BH30: =COUNTA(S30:AA30) -> 0 | BI30: =COUNTA(AB30:AO30) -> 1 | BJ30: LAD001
J31: 45758 | K31: 45793 | L31: 45793 | M31: MB-07701 | P31: 45790 | Q31: 45793 | R31: M | AL31: 45772 | AZ31: 000368746 | BA31: OFET | BB31: LAD001（4/5） | BC31: （11/7平嶌様情報） | BD31: =COUNTA(S31:AY31) -> 1 | BE31: =I31 -> 0 | BF31: =K31 -> 45793 | BG31: =A31 -> 0 | BH31: =COUNTA(S31:AA31) -> 0 | BI31: =COUNTA(AB31:AO31) -> 1 | BJ31: LAD001
J32: 45758 | K32: 45793 | L32: 45793 | M32: MB-07701 | P32: 45790 | Q32: 45793 | R32: M | AL32: 45772 | AZ32: 000368746 | BA32: OFET | BB32: LAD001（5/5） | BC32: （11/7平嶌様情報） | BD32: =COUNTA(S32:AY32) -> 1 | BE32: =I32 -> 0 | BF32: =K32 -> 45793 | BG32: =A32 -> 0 | BH32: =COUNTA(S32:AA32) -> 0 | BI32: =COUNTA(AB32:AO32) -> 1 | BJ32: LAD001
A33: 21123 | B33: 3139 | I33: VU-LA007 | J33: 45784 | K33: 45796 | L33: 45796 | M33: MC-50283 | N33: 45793 | O33: 45789 | P33: 45791 | Q33: 45796 | S33: 45772 | T33: 45772 | W33: 45772 | Y33: 45772 | AD33: 45772 | AE33: 45772 | AH33: 45772 | AL33: 45772 | AP33: ・ | AX33: ・ | AY33: ・ | AZ33: 000377313 | BA33: N社（Ｎ） | BC33: VU-LA007 | BD33: 11 | BE33: =I33 -> VU-LA007 | BF33: =K33 -> 45796 | BG33: =A33 -> 21123 | BH33: =COUNTA(S33:AA33) -> 4 | BI33: =COUNTA(AB33:AO33) -> 4
A34: 21124 | B34: 3140 | I34: VU-LA007 | J34: 45784 | K34: 45796 | L34: 45796 | M34: MC-50284 | N34: 45793 | O34: 45789 | P34: 45791 | Q34: 45796 | S34: 45772 | T34: 45772 | W34: 45772 | Y34: 45772 | AD34: 45772 | AE34: 45772 | AH34: 45772 | AL34: 45772 | AP34: ・ | AX34: ・ | AY34: ・ | AZ34: 000377316 | BA34: N社（Ｎ） | BC34: VU-LA007 | BD34: 11 | BE34: =I34 -> VU-LA007 | BF34: =K34 -> 45796 | BG34: =A34 -> 21124 | BH34: =COUNTA(S34:AA34) -> 4 | BI34: =COUNTA(AB34:AO34) -> 4
A35: 21125 | B35: 3141 | I35: VU-LA007 | J35: 45785 | K35: 45797 | L35: 45797 | M35: MC-50287 | N35: 45796 | O35: 45790 | P35: 45792 | Q35: 45797 | S35: 45772 | T35: 45772 | W35: 45772 | Y35: 45772 | AD35: 45772 | AE35: 45772 | AH35: 45772 | AL35: 45772 | AP35: ・ | AX35: ・ | AY35: ・ | AZ35: 000377314 | BA35: N社（Ｎ） | BC35: VU-LA007 | BD35: 11 | BE35: =I35 -> VU-LA007 | BF35: =K35 -> 45797 | BG35: =A35 -> 21125 | BH35: =COUNTA(S35:AA35) -> 4 | BI35: =COUNTA(AB35:AO35) -> 4
A36: 21126 | B36: 3142 | I36: VU-LA007 | J36: 45786 | K36: 45798 | L36: 45798 | M36: MC-50289 | N36: 45797 | O36: 45791 | P36: 45793 | Q36: 45798 | S36: 45772 | T36: 45772 | W36: 45772 | Y36: 45772 | AD36: 45772 | AE36: 45772 | AH36: 45772 | AL36: 45772 | AP36: ・ | AX36: ・ | AY36: ・ | AZ36: 000377311 | BA36: N社（Ｎ） | BC36: VU-LA007 | BD36: 11 | BE36: =I36 -> VU-LA007 | BF36: =K36 -> 45798 | BG36: =A36 -> 21126 | BH36: =COUNTA(S36:AA36) -> 4 | BI36: =COUNTA(AB36:AO36) -> 4
J37: 45763 | K37: 45798 | L37: 45798 | M37: MB-07703 | P37: 45793 | Q37: 45798 | R37: M | AC37: 45772 | AZ37: 000369708 | BA37: 高見沢サービス | BB37: LBL002（1/3） | BC37: （11/7平嶌様情報） | BD37: =COUNTA(S37:AY37) -> 1 | BE37: =I37 -> 0 | BF37: =K37 -> 45798 | BG37: =A37 -> 0 | BH37: =COUNTA(S37:AA37) -> 0 | BI37: =COUNTA(AB37:AO37) -> 1 | BJ37: LBL002
J38: 45763 | K38: 45798 | L38: 45798 | M38: MB-07703 | P38: 45793 | Q38: 45798 | R38: M | AC38: 45772 | AZ38: 000369708 | BA38: 高見沢サービス | BB38: LBL002（2/3） | BC38: （11/7平嶌様情報） | BD38: =COUNTA(S38:AY38) -> 1 | BE38: =I38 -> 0 | BF38: =K38 -> 45798 | BG38: =A38 -> 0 | BH38: =COUNTA(S38:AA38) -> 0 | BI38: =COUNTA(AB38:AO38) -> 1 | BJ38: LBL002
J39: 45763 | K39: 45798 | L39: 45798 | M39: MB-07703 | P39: 45793 | Q39: 45798 | R39: M | AC39: 45772 | AZ39: 000369708 | BA39: 高見沢サービス | BB39: LBL002（3/3） | BC39: （11/7平嶌様情報） | BD39: =COUNTA(S39:AY39) -> 1 | BE39: =I39 -> 0 | BF39: =K39 -> 45798 | BG39: =A39 -> 0 | BH39: =COUNTA(S39:AA39) -> 0 | BI39: =COUNTA(AB39:AO39) -> 1 | BJ39: LBL002
A40: 21127 | B40: 3143 | I40: VU-LA007 | J40: 45789 | K40: 45799 | L40: 45799 | M40: MC-50291 | N40: 45798 | O40: 45792 | P40: 45796 | Q40: 45799 | S40: 45772 | T40: 45772 | W40: 45772 | Y40: 45772 | AD40: 45772 | AE40: 45772 | AH40: 45772 | AL40: 45772 | AP40: ・ | AX40: ・ | AY40: ・ | AZ40: 000373826 | BA40: N社（Ｎ） | BC40: VU-LA007 | BD40: 11 | BE40: =I40 -> VU-LA007 | BF40: =K40 -> 45799 | BG40: =A40 -> 21127 | BH40: =COUNTA(S40:AA40) -> 4 | BI40: =COUNTA(AB40:AO40) -> 4
A41: 21128 | B41: 3144 | I41: VU-LA007 | J41: 45789 | K41: 45799 | L41: 45799 | M41: MC-50292 | N41: 45798 | O41: 45792 | P41: 45796 | Q41: 45799 | S41: 45772 | T41: 45772 | W41: 45772 | Y41: 45772 | AD41: 45772 | AE41: 45772 | AH41: 45772 | AL41: 45772 | AP41: ・ | AX41: ・ | AY41: ・ | AZ41: 000377312 | BA41: N社（Ｎ） | BC41: VU-LA007 | BD41: 11 | BE41: =I41 -> VU-LA007 | BF41: =K41 -> 45799 | BG41: =A41 -> 21128 | BH41: =COUNTA(S41:AA41) -> 4 | BI41: =COUNTA(AB41:AO41) -> 4
A42: 21129 | B42: 3145 | I42: VU-LA007 | J42: 45790 | K42: 45800 | L42: 45800 | M42: MC-50315 | N42: 45799 | O42: 45793 | P42: 45797 | Q42: 45800 | S42: 45772 | T42: 45772 | W42: 45772 | Y42: 45772 | AD42: 45772 | AE42: 45772 | AH42: 45772 | AL42: 45772 | AP42: ・ | AX42: ・ | AY42: ・ | AZ42: 000377309 | BA42: N社（Ｎ） | BC42: VU-LA007 | BD42: 11 | BE42: =I42 -> VU-LA007 | BF42: =K42 -> 45800 | BG42: =A42 -> 21129 | BH42: =COUNTA(S42:AA42) -> 4 | BI42: =COUNTA(AB42:AO42) -> 4
A43: 21130 | B43: 3146 | I43: VU-LA007 | J43: 45790 | K43: 45800 | L43: 45800 | M43: MC-50316 | N43: 45799 | O43: 45793 | P43: 45797 | Q43: 45800 | S43: 45772 | T43: 45772 | W43: 45772 | Y43: 45772 | AD43: 45772 | AE43: 45772 | AH43: 45772 | AL43: 45772 | AP43: ・ | AX43: ・ | AY43: ・ | AZ43: 000377310 | BA43: N社（Ｎ） | BC43: VU-LA007 | BD43: 11 | BE43: =I43 -> VU-LA007 | BF43: =K43 -> 45800 | BG43: =A43 -> 21130 | BH43: =COUNTA(S43:AA43) -> 4 | BI43: =COUNTA(AB43:AO43) -> 4
J44: 45785 | K44: 45810 | L44: 45810 | M44: MB-07732 | O44: 45804 | Q44: 45810 | R44: M | S44: 45772 | AZ44: 000370190 | BA44: OFET | BB44: LAA101（1/2） | BC44: （24/12/07DB公開） | BD44: 1 | BE44: =I44 -> 0 | BF44: =K44 -> 45810 | BG44: =A44 -> 0 | BH44: =COUNTA(S44:AA44) -> 1 | BI44: =COUNTA(AB44:AO44) -> 0 | BJ44: LAA101
J45: 45785 | K45: 45810 | L45: 45810 | M45: MB-07732 | O45: 45804 | Q45: 45810 | R45: M | S45: 45772 | AZ45: 000370190 | BA45: OFET | BB45: LAA101（2/2） | BC45: （24/12/07DB公開） | BD45: 1 | BE45: =I45 -> 0 | BF45: =K45 -> 45810 | BG45: =A45 -> 0 | BH45: =COUNTA(S45:AA45) -> 1 | BI45: =COUNTA(AB45:AO45) -> 0 | BJ45: LAA101
A46: 21131 | B46: 3147 | I46: VU-LA007 | J46: 45799 | K46: 45811 | L46: 45811 | M46: MC-50339 | N46: 45807 | O46: 45803 | P46: 45806 | Q46: 45811 | S46: 45772 | T46: 45772 | W46: 45772 | Y46: 45772 | AD46: 45800 | AE46: 45800 | AH46: 45800 | AL46: 45800 | AP46: ・ | AX46: ・ | AY46: ・ | AZ46: 000377320 | BA46: N社（Ｎ） | BC46: VU-LA007 | BD46: 11 | BE46: =I46 -> VU-LA007 | BF46: =K46 -> 45811 | BG46: =A46 -> 21131 | BH46: =COUNTA(S46:AA46) -> 4 | BI46: =COUNTA(AB46:AO46) -> 4
A47: 21132 | B47: 3148 | I47: VU-LA007 | J47: 45799 | K47: 45811 | L47: 45811 | M47: MC-50340 | N47: 45810 | O47: 45804 | P47: 45806 | Q47: 45811 | S47: 45772 | T47: 45772 | W47: 45772 | Y47: 45772 | AD47: 45800 | AE47: 45800 | AH47: 45800 | AL47: 45800 | AP47: ・ | AX47: ・ | AY47: ・ | AZ47: 000377321 | BA47: N社（Ｎ） | BC47: VU-LA007 | BD47: 11 | BE47: =I47 -> VU-LA007 | BF47: =K47 -> 45811 | BG47: =A47 -> 21132 | BH47: =COUNTA(S47:AA47) -> 4 | BI47: =COUNTA(AB47:AO47) -> 4
A48: 21133 | B48: 3149 | I48: VU-LA007 | J48: 45800 | K48: 45812 | L48: 45812 | M48: MC-50344 | N48: 45810 | O48: 45804 | P48: 45807 | Q48: 45812 | S48: 45772 | T48: 45772 | W48: 45772 | Y48: 45772 | AD48: 45800 | AE48: 45800 | AH48: 45800 | AL48: 45800 | AP48: ・ | AX48: ・ | AY48: ・ | AZ48: 000373825 | BA48: N社（Ｎ） | BC48: VU-LA007 | BD48: 11 | BE48: =I48 -> VU-LA007 | BF48: =K48 -> 45812 | BG48: =A48 -> 21133 | BH48: =COUNTA(S48:AA48) -> 4 | BI48: =COUNTA(AB48:AO48) -> 4
A49: 21134 | B49: 3150 | I49: VU-LA007 | J49: 45800 | K49: 45812 | L49: 45812 | M49: MC-50345 | N49: 45811 | O49: 45805 | P49: 45807 | Q49: 45812 | S49: 45800 | T49: 45800 | W49: 45800 | Y49: 45800 | AD49: 45800 | AE49: 45800 | AH49: 45800 | AL49: 45800 | AP49: ・ | AX49: ・ | AY49: ・ | AZ49: 000377319 | BA49: N社（Ｎ） | BC49: VU-LA007 | BD49: 11 | BE49: =I49 -> VU-LA007 | BF49: =K49 -> 45812 | BG49: =A49 -> 21134 | BH49: =COUNTA(S49:AA49) -> 4 | BI49: =COUNTA(AB49:AO49) -> 4
A50: 21135 | E50: 8141 | I50: VU-LB101 | J50: 45800 | K50: 45812 | L50: 45812 | M50: VV-26515 | N50: 45811 | O50: 45805 | P50: 45807 | Q50: 45812 | S50: 45800 | T50: 45800 | W50: 45800 | Y50: 45800 | AC50: 45800 | AE50: 45800 | AH50: 45800 | AL50: 45800 | AS50: ・ | AW50: ・ | AY50: ・ | AZ50: 000367205 | BA50: 相鉄 | BB50: 海老名 | BC50: 2F | BD50: 11 | BE50: =I50 -> VU-LB101 | BF50: =K50 -> 45812 | BG50: =A50 -> 21135 | BH50: =COUNTA(S50:AA50) -> 4 | BI50: =COUNTA(AB50:AO50) -> 4
A51: 21136 | B51: 3151 | I51: VU-LA007 | J51: 45803 | K51: 45813 | L51: 45813 | M51: MC-50351 | N51: 45812 | O51: 45806 | P51: 45810 | Q51: 45813 | S51: 45800 | T51: 45800 | W51: 45800 | Y51: 45800 | AD51: 45800 | AE51: 45800 | AH51: 45800 | AL51: 45800 | AP51: ・ | AX51: ・ | AY51: ・ | AZ51: 000377317 | BA51: N社（Ｎ） | BC51: VU-LA007 | BD51: 11 | BE51: =I51 -> VU-LA007 | BF51: =K51 -> 45813 | BG51: =A51 -> 21136 | BH51: =COUNTA(S51:AA51) -> 4 | BI51: =COUNTA(AB51:AO51) -> 4
A52: 21137 | B52: 3152 | I52: VU-LA007 | J52: 45803 | K52: 45813 | L52: 45813 | M52: MC-50352 | N52: 45812 | O52: 45806 | P52: 45810 | Q52: 45813 | S52: 45800 | T52: 45800 | W52: 45800 | Y52: 45800 | AD52: 45800 | AE52: 45800 | AH52: 45800 | AL52: 45800 | AP52: ・ | AX52: ・ | AY52: ・ | AZ52: 000377318 | BA52: N社（Ｎ） | BC52: VU-LA007 | BD52: 11 | BE52: =I52 -> VU-LA007 | BF52: =K52 -> 45813 | BG52: =A52 -> 21137 | BH52: =COUNTA(S52:AA52) -> 4 | BI52: =COUNTA(AB52:AO52) -> 4
A53: 21138 | F53: 1213 | I53: VU-LB112 | J53: 45804 | K53: 45814 | L53: 45814 | M53: MC-50375 | N53: 45813 | O53: 45807 | P53: 45811 | Q53: 45814 | S53: 45800 | T53: 45800 | W53: 45800 | Z53: 45800 | AC53: 45800 | AE53: 45800 | AH53: 45800 | AL53: 45800 | AT53: ・ | AW53: ・ | AY53: ・ | AZ53: 000373153 | BA53: JR西 | BB53: 北信太（西口） | BC53: VU-LB112 | BD53: 11 | BE53: =I53 -> VU-LB112 | BF53: =K53 -> 45814 | BG53: =A53 -> 21138 | BH53: =COUNTA(S53:AA53) -> 4 | BI53: =COUNTA(AB53:AO53) -> 4
A54: 21139 | F54: 1214 | I54: VU-LB112 | J54: 45804 | K54: 45814 | L54: 45814 | M54: MC-50376 | N54: 45813 | O54: 45807 | P54: 45811 | Q54: 45814 | S54: 45800 | T54: 45800 | W54: 45800 | Z54: 45800 | AC54: 45800 | AE54: 45800 | AH54: 45800 | AL54: 45800 | AT54: ・ | AW54: ・ | AY54: ・ | AZ54: 000373155 | BA54: JR西 | BB54: 北信太（東口） | BC54: VU-LB112 | BD54: 11 | BE54: =I54 -> VU-LB112 | BF54: =K54 -> 45814 | BG54: =A54 -> 21139 | BH54: =COUNTA(S54:AA54) -> 4 | BI54: =COUNTA(AB54:AO54) -> 4
A55: 21140 | F55: 1215 | I55: VU-LB112 | J55: 45805 | K55: 45817 | L55: 45817 | M55: MC-50380 | N55: 45814 | O55: 45810 | P55: 45812 | Q55: 45817 | S55: 45800 | T55: 45800 | W55: 45800 | Z55: 45800 | AC55: 45800 | AE55: 45800 | AH55: 45800 | AL55: 45800 | AT55: ・ | AW55: ・ | AY55: ・ | AZ55: 000373152 | BA55: JR西 | BB55: 久米田 | BC55: VU-LB112 | BD55: 11 | BE55: =I55 -> VU-LB112 | BF55: =K55 -> 45817 | BG55: =A55 -> 21140 | BH55: =COUNTA(S55:AA55) -> 4 | BI55: =COUNTA(AB55:AO55) -> 4
A56: 21141 | F56: 1216 | I56: VU-LB112 | J56: 45805 | K56: 45817 | L56: 45817 | M56: MC-50381 | N56: 45814 | O56: 45810 | P56: 45812 | Q56: 45817 | S56: 45800 | T56: 45800 | W56: 45800 | Z56: 45800 | AC56: 45800 | AE56: 45800 | AH56: 45800 | AL56: 45800 | AT56: ・ | AW56: ・ | AY56: ・ | AZ56: 000373154 | BA56: JR西 | BB56: 信太山 | BC56: VU-LB112 | BD56: 11 | BE56: =I56 -> VU-LB112 | BF56: =K56 -> 45817 | BG56: =A56 -> 21141 | BH56: =COUNTA(S56:AA56) -> 4 | BI56: =COUNTA(AB56:AO56) -> 4
A57: 21142 | F57: 1217 | I57: VU-LB112 | J57: 45806 | K57: 45818 | L57: 45818 | M57: MC-50385 | N57: 45817 | O57: 45811 | P57: 45813 | Q57: 45818 | S57: 45800 | T57: 45800 | W57: 45800 | Z57: 45800 | AC57: 45800 | AE57: 45800 | AH57: 45800 | AL57: 45800 | AT57: ・ | AW57: ・ | AY57: ・ | AZ57: 000371337 | BA57: JR西 | BB57: 下松 | BC57: VU-LB112 | BD57: 11 | BE57: =I57 -> VU-LB112 | BF57: =K57 -> 45818 | BG57: =A57 -> 21142 | BH57: =COUNTA(S57:AA57) -> 4 | BI57: =COUNTA(AB57:AO57) -> 4
A58: 21143 | F58: 1218 | I58: VU-LB112 | J58: 45806 | K58: 45818 | L58: 45818 | M58: MC-50386 | N58: 45817 | O58: 45811 | P58: 45813 | Q58: 45818 | S58: 45800 | T58: 45800 | W58: 45800 | Z58: 45800 | AC58: 45800 | AE58: 45800 | AH58: 45800 | AL58: 45800 | AT58: ・ | AW58: ・ | AY58: ・ | AZ58: 000373151 | BA58: JR西 | BB58: 東貝塚 | BC58: VU-LB112 | BD58: 11 | BE58: =I58 -> VU-LB112 | BF58: =K58 -> 45818 | BG58: =A58 -> 21143 | BH58: =COUNTA(S58:AA58) -> 4 | BI58: =COUNTA(AB58:AO58) -> 4
J59: 45793 | K59: 45818 | L59: 45818 | M59: MB-07740 | O59: 45812 | Q59: 45818 | R59: M | U59: 45800 | AZ59: 000378723 | BA59: 沖電気 | BB59: LAF002（1/1） | BC59: （4/24平嶌様情報） | BD59: 1 | BE59: 0 | BF59: 45818 | BG59: 0 | BH59: 1 | BI59: 0 | BJ59: LAF002
J60: 45793 | K60: 45818 | L60: 45818 | M60: MB-07741 | P60: 45813 | Q60: 45818 | R60: M | AG60: 45800 | AZ60: 000378722 | BA60: 沖電気 | BB60: LCN001（1/1） | BC60: （4/24平嶌様情報） | BD60: 1 | BE60: 0 | BF60: 45818 | BG60: 0 | BH60: 0 | BI60: 1 | BJ60: LCN001
J61: 45793 | K61: 45818 | L61: 45818 | M61: MB-07738 | P61: 45813 | Q61: 45818 | R61: M | AJ61: 45800 | AZ61: 000378721 | BA61: 沖電気 | BB61: LCC001（1/2） | BC61: （4/24平嶌様情報） | BD61: 1 | BE61: 0 | BF61: 45818 | BG61: 0 | BH61: 0 | BI61: 1 | BJ61: LCC001
J62: 45793 | K62: 45818 | L62: 45818 | M62: MB-07738 | P62: 45813 | Q62: 45818 | R62: M | AJ62: 45800 | AZ62: 000378721 | BA62: 沖電気 | BB62: LCC001（2/2） | BC62: （4/24平嶌様情報） | BD62: 1 | BE62: 0 | BF62: 45818 | BG62: 0 | BH62: 0 | BI62: 1 | BJ62: LCC001
J63: 45793 | K63: 45818 | L63: 45818 | M63: MB-07739 | P63: 45813 | Q63: 45818 | R63: M | AN63: 45800 | AZ63: 000378720 | BA63: 沖電気 | BB63: LCD001（1/1） | BC63: （4/24平嶌様情報） | BD63: 1 | BE63: 0 | BF63: 45818 | BG63: 0 | BH63: 0 | BI63: 1 | BJ63: LCD001
J64: 45797 | K64: 45821 | L64: 45821 | M64: MB-07745 | P64: 45818 | Q64: 45821 | R64: M | AD64: 45800 | AZ64: 000375255 | BA64: 高見沢サービス | BB64: LAL001（1/1） | BC64: （2/4平嶌様情報） | BD64: 1 | BE64: =I64 -> 0 | BF64: =K64 -> 45821 | BG64: =A64 -> 0 | BH64: =COUNTA(S64:AA64) -> 0 | BI64: =COUNTA(AB64:AO64) -> 1 | BJ64: LAL001
A65: 21144 | F65: 1219 | I65: VU-LB112 | J65: 45838 | K65: 45848 | L65: 45848 | M65: MC-50489 | N65: 45840 | O65: 45834 | P65: 45845 | Q65: 45848 | S65: 45800 | T65: 45800 | W65: 45800 | Z65: 45800 | AC65: 45833 | AE65: 45833 | AH65: 45833 | AL65: 45833 | AT65: ・ | AW65: ・ | AY65: ・ | AZ65: 000376537 | BA65: JR西 | BB65: 甲南山手 | BC65: VU-LB112 | BD65: 11 | BE65: =I65 -> VU-LB112 | BF65: =K65 -> 45848 | BG65: =A65 -> 21144 | BH65: =COUNTA(S65:AA65) -> 4 | BI65: =COUNTA(AB65:AO65) -> 4
A66: 21145 | F66: 1220 | I66: VU-LB112 | J66: 45838 | K66: 45848 | L66: 45848 | M66: MC-50490 | N66: 45841 | O66: 45835 | P66: 45845 | Q66: 45848 | S66: 45800 | T66: 45800 | W66: 45800 | Z66: 45800 | AC66: 45833 | AE66: 45833 | AH66: 45833 | AL66: 45833 | AT66: ・ | AW66: ・ | AY66: ・ | AZ66: 000376547 | BA66: JR西 | BB66: 上野芝 | BC66: VU-LB112 | BD66: 11 | BE66: =I66 -> VU-LB112 | BF66: =K66 -> 45848 | BG66: =A66 -> 21145 | BH66: =COUNTA(S66:AA66) -> 4 | BI66: =COUNTA(AB66:AO66) -> 4
A67: 21146 | F67: 1221 | I67: VU-LB112 | J67: 45839 | K67: 45849 | L67: 45849 | M67: MC-50494 | N67: 45842 | O67: 45838 | P67: 45846 | Q67: 45849 | S67: 45833 | T67: 45833 | W67: 45833 | Z67: 45833 | AC67: 45833 | AE67: 45833 | AH67: 45833 | AL67: 45833 | AT67: ・ | AW67: ・ | AY67: ・ | AZ67: 000376542 | BA67: JR西 | BB67: 生瀬 | BC67: VU-LB112 | BD67: 11 | BE67: =I67 -> VU-LB112 | BF67: =K67 -> 45849 | BG67: =A67 -> 21146 | BH67: =COUNTA(S67:AA67) -> 4 | BI67: =COUNTA(AB67:AO67) -> 4
A68: 21147 | F68: 1222 | I68: VU-LB112 | J68: 45839 | K68: 45849 | L68: 45849 | M68: MC-50495 | N68: 45845 | O68: 45839 | P68: 45846 | Q68: 45849 | S68: 45833 | T68: 45833 | W68: 45833 | Z68: 45833 | AC68: 45833 | AE68: 45833 | AH68: 45833 | AL68: 45833 | AT68: ・ | AW68: ・ | AY68: ・ | AZ68: 000376543 | BA68: JR西 | BB68: 杉本町（東口） | BC68: VU-LB112 | BD68: 11 | BE68: =I68 -> VU-LB112 | BF68: =K68 -> 45849 | BG68: =A68 -> 21147 | BH68: =COUNTA(S68:AA68) -> 4 | BI68: =COUNTA(AB68:AO68) -> 4
J69: 45826 | K69: 45852 | L69: 45852 | M69: MB-07797 | O69: 45838 | Q69: 45852 | R69: M | S69: 45833 | AZ69: 000379789 | BA69: OFET | BB69: LAA101（1/2） | BC69: （4/22平嶌様情報） | BD69: 1 | BE69: =I69 -> 0 | BF69: =K69 -> 45852 | BG69: =A69 -> 0 | BH69: =COUNTA(S69:AA69) -> 1 | BI69: =COUNTA(AB69:AO69) -> 0 | BJ69: LAA101
J70: 45826 | K70: 45852 | L70: 45852 | M70: MB-07797 | O70: 45838 | Q70: 45852 | R70: M | S70: 45833 | AZ70: 000379789 | BA70: OFET | BB70: LAA101（2/2） | BC70: （4/22平嶌様情報） | BD70: 1 | BE70: =I70 -> 0 | BF70: =K70 -> 45852 | BG70: =A70 -> 0 | BH70: =COUNTA(S70:AA70) -> 1 | BI70: =COUNTA(AB70:AO70) -> 0 | BJ70: LAA101
J71: 45826 | K71: 45852 | L71: 45852 | M71: MB-07798 | O71: 45838 | Q71: 45852 | R71: M | S71: 45833 | AZ71: 000379790 | BA71: OFET | BB71: LAA101（1/3） | BC71: （4/22平嶌様情報） | BD71: 1 | BE71: =I71 -> 0 | BF71: =K71 -> 45852 | BG71: =A71 -> 0 | BH71: =COUNTA(S71:AA71) -> 1 | BI71: =COUNTA(AB71:AO71) -> 0 | BJ71: LAA101
J72: 45826 | K72: 45852 | L72: 45852 | M72: MB-07798 | O72: 45838 | Q72: 45852 | R72: M | S72: 45833 | AZ72: 000379790 | BA72: OFET | BB72: LAA101（2/3） | BC72: （4/22平嶌様情報） | BD72: 1 | BE72: =I72 -> 0 | BF72: =K72 -> 45852 | BG72: =A72 -> 0 | BH72: =COUNTA(S72:AA72) -> 1 | BI72: =COUNTA(AB72:AO72) -> 0 | BJ72: LAA101
J73: 45826 | K73: 45852 | L73: 45852 | M73: MB-07798 | O73: 45838 | Q73: 45852 | R73: M | S73: 45833 | AZ73: 000379790 | BA73: OFET | BB73: LAA101（3/3） | BC73: （4/22平嶌様情報） | BD73: 1 | BE73: =I73 -> 0 | BF73: =K73 -> 45852 | BG73: =A73 -> 0 | BH73: =COUNTA(S73:AA73) -> 1 | BI73: =COUNTA(AB73:AO73) -> 0 | BJ73: LAA101
J74: 45826 | K74: 45852 | L74: 45852 | M74: MB-07796 | O74: 45846 | Q74: 45852 | R74: M | W74: 45833 | AZ74: 000379791 | BA74: OFET | BB74: LAG001（1/10） | BC74: （4/22平嶌様情報） | BD74: =COUNTA(S74:AY74) -> 1 | BE74: =I74 -> 0 | BF74: =K74 -> 45852 | BG74: =A74 -> 0 | BH74: =COUNTA(S74:AA74) -> 1 | BI74: =COUNTA(AB74:AO74) -> 0 | BJ74: LAG001
J75: 45826 | K75: 45852 | L75: 45852 | M75: MB-07796 | O75: 45846 | Q75: 45852 | R75: M | W75: 45833 | AZ75: 000379791 | BA75: OFET | BB75: LAG001（2/10） | BC75: （4/22平嶌様情報） | BD75: =COUNTA(S75:AY75) -> 1 | BE75: =I75 -> 0 | BF75: =K75 -> 45852 | BG75: =A75 -> 0 | BH75: =COUNTA(S75:AA75) -> 1 | BI75: =COUNTA(AB75:AO75) -> 0 | BJ75: LAG001
J76: 45826 | K76: 45852 | L76: 45852 | M76: MB-07796 | O76: 45846 | Q76: 45852 | R76: M | W76: 45833 | AZ76: 000379791 | BA76: OFET | BB76: LAG001（3/10） | BC76: （4/22平嶌様情報） | BD76: =COUNTA(S76:AY76) -> 1 | BE76: =I76 -> 0 | BF76: =K76 -> 45852 | BG76: =A76 -> 0 | BH76: =COUNTA(S76:AA76) -> 1 | BI76: =COUNTA(AB76:AO76) -> 0 | BJ76: LAG001
J77: 45826 | K77: 45852 | L77: 45852 | M77: MB-07796 | O77: 45846 | Q77: 45852 | R77: M | W77: 45833 | AZ77: 000379791 | BA77: OFET | BB77: LAG001（4/10） | BC77: （4/22平嶌様情報） | BD77: =COUNTA(S77:AY77) -> 1 | BE77: =I77 -> 0 | BF77: =K77 -> 45852 | BG77: =A77 -> 0 | BH77: =COUNTA(S77:AA77) -> 1 | BI77: =COUNTA(AB77:AO77) -> 0 | BJ77: LAG001
J78: 45826 | K78: 45852 | L78: 45852 | M78: MB-07796 | O78: 45846 | Q78: 45852 | R78: M | W78: 45833 | AZ78: 000379791 | BA78: OFET | BB78: LAG001（5/10） | BC78: （4/22平嶌様情報） | BD78: =COUNTA(S78:AY78) -> 1 | BE78: =I78 -> 0 | BF78: =K78 -> 45852 | BG78: =A78 -> 0 | BH78: =COUNTA(S78:AA78) -> 1 | BI78: =COUNTA(AB78:AO78) -> 0 | BJ78: LAG001
J79: 45826 | K79: 45852 | L79: 45852 | M79: MB-07796 | O79: 45846 | Q79: 45852 | R79: M | W79: 45833 | AZ79: 000379791 | BA79: OFET | BB79: LAG001（6/10） | BC79: （4/22平嶌様情報） | BD79: =COUNTA(S79:AY79) -> 1 | BE79: =I79 -> 0 | BF79: =K79 -> 45852 | BG79: =A79 -> 0 | BH79: =COUNTA(S79:AA79) -> 1 | BI79: =COUNTA(AB79:AO79) -> 0 | BJ79: LAG001
J80: 45826 | K80: 45852 | L80: 45852 | M80: MB-07796 | O80: 45846 | Q80: 45852 | R80: M | W80: 45833 | AZ80: 000379791 | BA80: OFET | BB80: LAG001（7/10） | BC80: （4/22平嶌様情報） | BD80: =COUNTA(S80:AY80) -> 1 | BE80: =I80 -> 0 | BF80: =K80 -> 45852 | BG80: =A80 -> 0 | BH80: =COUNTA(S80:AA80) -> 1 | BI80: =COUNTA(AB80:AO80) -> 0 | BJ80: LAG001
J81: 45826 | K81: 45852 | L81: 45852 | M81: MB-07796 | O81: 45846 | Q81: 45852 | R81: M | W81: 45833 | AZ81: 000379791 | BA81: OFET | BB81: LAG001（8/10） | BC81: （4/22平嶌様情報） | BD81: =COUNTA(S81:AY81) -> 1 | BE81: =I81 -> 0 | BF81: =K81 -> 45852 | BG81: =A81 -> 0 | BH81: =COUNTA(S81:AA81) -> 1 | BI81: =COUNTA(AB81:AO81) -> 0 | BJ81: LAG001
J82: 45826 | K82: 45852 | L82: 45852 | M82: MB-07796 | O82: 45846 | Q82: 45852 | R82: M | W82: 45833 | AZ82: 000379791 | BA82: OFET | BB82: LAG001（9/10） | BC82: （4/22平嶌様情報） | BD82: =COUNTA(S82:AY82) -> 1 | BE82: =I82 -> 0 | BF82: =K82 -> 45852 | BG82: =A82 -> 0 | BH82: =COUNTA(S82:AA82) -> 1 | BI82: =COUNTA(AB82:AO82) -> 0 | BJ82: LAG001
J83: 45826 | K83: 45852 | L83: 45852 | M83: MB-07796 | O83: 45846 | Q83: 45852 | R83: M | W83: 45833 | AZ83: 000379791 | BA83: OFET | BB83: LAG001（10/10） | BC83: （4/22平嶌様情報） | BD83: =COUNTA(S83:AY83) -> 1 | BE83: =I83 -> 0 | BF83: =K83 -> 45852 | BG83: =A83 -> 0 | BH83: =COUNTA(S83:AA83) -> 1 | BI83: =COUNTA(AB83:AO83) -> 0 | BJ83: LAG001
A84: 21148 | F84: 1223 | I84: VU-LB112 | J84: 45841 | K84: 45853 | L84: 45853 | M84: MC-50504 | N84: 45846 | O84: 45840 | P84: 45848 | Q84: 45853 | S84: 45833 | T84: 45833 | W84: 45833 | Z84: 45833 | AC84: 45833 | AE84: 45833 | AH84: 45833 | AL84: 45833 | AT84: ・ | AW84: ・ | AY84: ・ | AZ84: 000376546 | BA84: JR西 | BB84: 西宮名塩 | BC84: VU-LB112 | BD84: 11 | BE84: =I84 -> VU-LB112 | BF84: =K84 -> 45853 | BG84: =A84 -> 21148 | BH84: =COUNTA(S84:AA84) -> 4 | BI84: =COUNTA(AB84:AO84) -> 4
A85: 21149 | F85: 1224 | I85: VU-LB112 | J85: 45841 | K85: 45853 | L85: 45853 | M85: MC-50505 | N85: 45847 | O85: 45841 | P85: 45848 | Q85: 45853 | S85: 45833 | T85: 45833 | W85: 45833 | Z85: 45833 | AC85: 45833 | AE85: 45833 | AH85: 45833 | AL85: 45833 | AT85: ・ | AW85: ・ | AY85: ・ | AZ85: 000376548 | BA85: JR西 | BB85: 中山寺 | BC85: VU-LB112 | BD85: 11 | BE85: =I85 -> VU-LB112 | BF85: =K85 -> 45853 | BG85: =A85 -> 21149 | BH85: =COUNTA(S85:AA85) -> 4 | BI85: =COUNTA(AB85:AO85) -> 4
A86: 21150 | F86: 1225 | I86: VU-LB112 | J86: 45842 | K86: 45854 | L86: 45854 | M86: MC-50529 | N86: 45848 | O86: 45842 | P86: 45849 | Q86: 45854 | S86: 45833 | T86: 45833 | W86: 45833 | Z86: 45833 | AC86: 45833 | AE86: 45833 | AH86: 45833 | AL86: 45833 | AT86: ・ | AW86: ・ | AY86: ・ | AZ86: 000376540 | BA86: JR西 | BB86: 猪名寺 | BC86: VU-LB112 | BD86: 11 | BE86: =I86 -> VU-LB112 | BF86: =K86 -> 45854 | BG86: =A86 -> 21150 | BH86: =COUNTA(S86:AA86) -> 4 | BI86: =COUNTA(AB86:AO86) -> 4
A87: 21151 | F87: 1226 | I87: VU-LB112 | J87: 45842 | K87: 45854 | L87: 45854 | M87: MC-50530 | N87: 45849 | O87: 45845 | P87: 45849 | Q87: 45854 | S87: 45833 | T87: 45833 | W87: 45833 | Z87: 45833 | AC87: 45833 | AE87: 45833 | AH87: 45833 | AL87: 45833 | AT87: ・ | AW87: ・ | AY87: ・ | AZ87: 000376541 | BA87: JR西 | BB87: 津久野 | BC87: VU-LB112 | BD87: 11 | BE87: =I87 -> VU-LB112 | BF87: =K87 -> 45854 | BG87: =A87 -> 21151 | BH87: =COUNTA(S87:AA87) -> 4 | BI87: =COUNTA(AB87:AO87) -> 4
A88: 21152 | F88: 1227 | I88: VU-LB112 | J88: 45845 | K88: 45855 | L88: 45855 | M88: MC-50535 | N88: 45852 | O88: 45846 | P88: 45852 | Q88: 45855 | S88: 45833 | T88: 45833 | W88: 45833 | Z88: 45833 | AC88: 45833 | AE88: 45833 | AH88: 45833 | AL88: 45833 | AT88: ・ | AW88: ・ | AY88: ・ | AZ88: 000376539 | BA88: JR西 | BB88: 和泉橋本 | BC88: VU-LB112 | BD88: 11 | BE88: =I88 -> VU-LB112 | BF88: =K88 -> 45855 | BG88: =A88 -> 21152 | BH88: =COUNTA(S88:AA88) -> 4 | BI88: =COUNTA(AB88:AO88) -> 4
A89: 21153 | F89: 1228 | I89: VU-LB112 | J89: 45845 | K89: 45855 | L89: 45855 | M89: MC-50536 | N89: 45853 | O89: 45847 | P89: 45852 | Q89: 45855 | S89: 45833 | T89: 45833 | W89: 45833 | Z89: 45833 | AC89: 45833 | AE89: 45833 | AH89: 45833 | AL89: 45833 | AT89: ・ | AW89: ・ | AY89: ・ | AZ89: 000376544 | BA89: JR西 | BB89: 北伊丹 | BC89: VU-LB112 | BD89: 11 | BE89: =I89 -> VU-LB112 | BF89: =K89 -> 45855 | BG89: =A89 -> 21153 | BH89: =COUNTA(S89:AA89) -> 4 | BI89: =COUNTA(AB89:AO89) -> 4
A90: 21154 | E90: 8142 | I90: VU-LA004 | J90: 45846 | K90: 45856 | L90: 45856 | M90: MC-50541 | N90: 45854 | O90: 45848 | P90: 45853 | Q90: 45856 | S90: 45833 | T90: 45833 | W90: 45833 | Y90: 45833 | AD90: 45833 | AE90: 45833 | AH90: 45833 | AL90: 45833 | AS90: ・ | AW90: ・ | AY90: ・ | AZ90: 000375054 | BA90: M社（Ｎ） | BC90: VU-LA004 | BD90: 11 | BE90: =I90 -> VU-LA004 | BF90: =K90 -> 45856 | BG90: =A90 -> 21154 | BH90: =COUNTA(S90:AA90) -> 4 | BI90: =COUNTA(AB90:AO90) -> 4
A91: 21155 | E91: 8143 | I91: VU-LA004 | J91: 45846 | K91: 45856 | L91: 45856 | M91: MC-50542 | N91: 45855 | O91: 45849 | P91: 45853 | Q91: 45856 | S91: 45833 | T91: 45833 | W91: 45833 | Y91: 45833 | AD91: 45833 | AE91: 45833 | AH91: 45833 | AL91: 45833 | AS91: ・ | AW91: ・ | AY91: ・ | AZ91: 000378774 | BA91: M社（Ｎ） | BC91: VU-LA004 | BD91: 11 | BE91: =I91 -> VU-LA004 | BF91: =K91 -> 45856 | BG91: =A91 -> 21155 | BH91: =COUNTA(S91:AA91) -> 4 | BI91: =COUNTA(AB91:AO91) -> 4
J92: 45832 | K92: 45856 | L92: 45856 | M92: MB-07801 | O92: 45852 | Q92: 45856 | R92: M | W92: 45833 | AZ92: 000381633 | BA92: OFET | BB92: LAG001（1/96） | BC92: （4/22平嶌様情報） | BD92: =COUNTA(S92:AY92) -> 1 | BE92: =I92 -> 0 | BF92: =K92 -> 45856 | BG92: =A92 -> 0 | BH92: =COUNTA(S92:AA92) -> 1 | BI92: =COUNTA(AB92:AO92) -> 0 | BJ92: LAG001
J93: 45832 | K93: 45856 | L93: 45856 | M93: MB-07801 | O93: 45852 | Q93: 45856 | R93: M | W93: 45833 | AZ93: 000381633 | BA93: OFET | BB93: LAG001（2/96） | BC93: （4/22平嶌様情報） | BD93: =COUNTA(S93:AY93) -> 1 | BE93: =I93 -> 0 | BF93: =K93 -> 45856 | BG93: =A93 -> 0 | BH93: =COUNTA(S93:AA93) -> 1 | BI93: =COUNTA(AB93:AO93) -> 0 | BJ93: LAG001
J94: 45832 | K94: 45856 | L94: 45856 | M94: MB-07801 | O94: 45852 | Q94: 45856 | R94: M | W94: 45833 | AZ94: 000381633 | BA94: OFET | BB94: LAG001（3/96） | BC94: （4/22平嶌様情報） | BD94: =COUNTA(S94:AY94) -> 1 | BE94: =I94 -> 0 | BF94: =K94 -> 45856 | BG94: =A94 -> 0 | BH94: =COUNTA(S94:AA94) -> 1 | BI94: =COUNTA(AB94:AO94) -> 0 | BJ94: LAG001
J95: 45832 | K95: 45856 | L95: 45856 | M95: MB-07801 | O95: 45852 | Q95: 45856 | R95: M | W95: 45833 | AZ95: 000381633 | BA95: OFET | BB95: LAG001（4/96） | BC95: （4/22平嶌様情報） | BD95: =COUNTA(S95:AY95) -> 1 | BE95: =I95 -> 0 | BF95: =K95 -> 45856 | BG95: =A95 -> 0 | BH95: =COUNTA(S95:AA95) -> 1 | BI95: =COUNTA(AB95:AO95) -> 0 | BJ95: LAG001
J96: 45832 | K96: 45856 | L96: 45856 | M96: MB-07801 | O96: 45852 | Q96: 45856 | R96: M | W96: 45833 | AZ96: 000381633 | BA96: OFET | BB96: LAG001（5/96） | BC96: （4/22平嶌様情報） | BD96: =COUNTA(S96:AY96) -> 1 | BE96: =I96 -> 0 | BF96: =K96 -> 45856 | BG96: =A96 -> 0 | BH96: =COUNTA(S96:AA96) -> 1 | BI96: =COUNTA(AB96:AO96) -> 0 | BJ96: LAG001
J97: 45833 | K97: 45860 | L97: 45860 | M97: MB-07802 | O97: 45853 | Q97: 45860 | R97: M | W97: 45833 | AZ97: 000381637 | BA97: OFET | BB97: LAG001（6/96） | BC97: （4/22平嶌様情報） | BD97: =COUNTA(S97:AY97) -> 1 | BE97: =I97 -> 0 | BF97: =K97 -> 45860 | BG97: =A97 -> 0 | BH97: =COUNTA(S97:AA97) -> 1 | BI97: =COUNTA(AB97:AO97) -> 0 | BJ97: LAG001
J98: 45833 | K98: 45860 | L98: 45860 | M98: MB-07802 | O98: 45853 | Q98: 45860 | R98: M | W98: 45833 | AZ98: 000381637 | BA98: OFET | BB98: LAG001（7/96） | BC98: （4/22平嶌様情報） | BD98: =COUNTA(S98:AY98) -> 1 | BE98: =I98 -> 0 | BF98: =K98 -> 45860 | BG98: =A98 -> 0 | BH98: =COUNTA(S98:AA98) -> 1 | BI98: =COUNTA(AB98:AO98) -> 0 | BJ98: LAG001
J99: 45833 | K99: 45860 | L99: 45860 | M99: MB-07802 | O99: 45853 | Q99: 45860 | R99: M | W99: 45833 | AZ99: 000381637 | BA99: OFET | BB99: LAG001（8/96） | BC99: （4/22平嶌様情報） | BD99: =COUNTA(S99:AY99) -> 1 | BE99: =I99 -> 0 | BF99: =K99 -> 45860 | BG99: =A99 -> 0 | BH99: =COUNTA(S99:AA99) -> 1 | BI99: =COUNTA(AB99:AO99) -> 0 | BJ99: LAG001
J100: 45833 | K100: 45860 | L100: 45860 | M100: MB-07802 | O100: 45853 | Q100: 45860 | R100: M | W100: 45833 | AZ100: 000381637 | BA100: OFET | BB100: LAG001（9/96） | BC100: （4/22平嶌様情報） | BD100: =COUNTA(S100:AY100) -> 1 | BE100: =I100 -> 0 | BF100: =K100 -> 45860 | BG100: =A100 -> 0 | BH100: =COUNTA(S100:AA100) -> 1 | BI100: =COUNTA(AB100:AO100) -> 0 | BJ100: LAG001
...
