Workbook
Name __DAT1: #REF!
Name __DAT1: #REF!
Name __DAT1: #REF!
Name __DAT10: #REF!
Name __DAT10: #REF!
Name __DAT10: #REF!
Name __DAT11: #REF!
Name __DAT11: #REF!
Name __DAT11: #REF!
Name __DAT12: #REF!
Name __DAT12: #REF!
Name __DAT12: #REF!
Name __DAT2: #REF!
Name __DAT2: #REF!
Name __DAT2: #REF!
Name __DAT3: #REF!
Name __DAT3: #REF!
Name __DAT3: #REF!
Name __DAT4: #REF!
Name __DAT4: #REF!
Name __DAT4: #REF!
Name __DAT5: #REF!
Name __DAT5: #REF!
Name __DAT5: #REF!
Name __DAT6: #REF!
Name __DAT6: #REF!
Name __DAT6: #REF!
Name __DAT7: #REF!
Name __DAT7: #REF!
Name __DAT7: #REF!
Name __DAT8: #REF!
Name __DAT8: #REF!
Name __DAT8: #REF!
Name __DAT9: #REF!
Name __DAT9: #REF!
Name __DAT9: #REF!
Name _DAT1: #REF!
Name _DAT1: #REF!
Name _DAT1: #REF!
Name _DAT10: #REF!
Name _DAT10: #REF!
Name _DAT10: #REF!
Name _DAT11: #REF!
Name _DAT11: #REF!
Name _DAT11: #REF!
Name _DAT12: #REF!
Name _DAT12: #REF!
Name _DAT12: #REF!
Name _DAT2: #REF!
Name _DAT2: #REF!
Name _DAT2: #REF!
Name _DAT3: #REF!
Name _DAT3: #REF!
Name _DAT3: #REF!
Name _DAT4: #REF!
Name _DAT4: #REF!
Name _DAT4: #REF!
Name _DAT5: #REF!
Name _DAT5: #REF!
Name _DAT5: #REF!

Sheet 0110集計
A1: 1/10集計 ＯＳＳ様 ＢＨ出荷計画情報（25年度ボギー集計） | N1: 注：T-No＝V8累計台数+ 13台（破損機）
H2: Ｖ８(VUS-) | P2: V９（ | Q2: YBS-）
B3: 光真ss 出荷月 | C3: LAZ901 LA001～4 LC001 | D3: LAZ001 LB001 LB003～5 LD001 | E3: LAZ002 LA007,9,10 LB002,6 LB105 LC002 LD003 | F3: LAZ003 LD002 LD002(H) | G3: LAZ004 LD004 | H3: LAZ101 LA001～6､8 LA011,012 LB001,3～5 LB101,3,4,6～9 LB112 LC001,LD001 | I3: LAZ102 LB102 LB112 | J3: LAZ103 ＬＢ110 ＬＢ111 | K3: LAZ201 LC091 LD091 LD092 | L3: Ｖ８ 合計 | M3: Ｖ８ 累計 | N3: LAY 001 | O3: LAY 002 | P3: LAZ001 LAZ002 | Q3: Ｖ９ 累計 | R3: ＢＨ合計 | S3: VU-LA004 | T3: VU-LA007 | U3: VU-LA012 | V3: VU-LB002 | W3: VU-LB006 | X3: VU-LB101 | Y3: VU-LB102 | Z3: VU-LB106 | AA3: VU-LB112 | AB3: VU-LC002 | AC3: VU-LD091 | AD3: YB-LA001 | AE3: YB-LA002
A4: 10年度 | B4: ５月 | C4: 3 | D4: 3 | L4: 6 | M4: 6 | N4: 6 | O4: 0 | R4: =L4+P4 -> 6
B5: ６月 | C5: 0 | D5: 51 | L5: 51 | M5: 57 | N5: 51 | O5: 0 | R5: =L5+P5 -> 51
B6: ７月 | C6: 7 | D6: 65 | L6: 72 | M6: 129 | N6: 72 | O6: 0 | R6: =L6+P6 -> 72
B7: ８月 | C7: 2 | D7: 69 | L7: 71 | M7: 200 | N7: 71 | O7: 0 | R7: =L7+P7 -> 71
A8: 【Ｖ８】 | B8: ９月 | C8: 76 | D8: 18 | L8: 94 | M8: 294 | N8: 94 | O8: 0 | R8: =L8+P8 -> 94
A9: =SUM(L4:L15) -> 838 | B9: １０月 | C9: 86 | D9: 40 | L9: 126 | M9: 420 | N9: 126 | O9: 0 | R9: =L9+P9 -> 126
B10: １１月 | C10: 101 | D10: 29 | L10: 130 | M10: 550 | N10: 130 | O10: 0 | R10: =L10+P10 -> 130
A11: 【合計】 | B11: １２月 | C11: 106 | D11: 6 | L11: 112 | M11: 662 | N11: 112 | O11: 0 | R11: =L11+P11 -> 112
A12: =A6+A9 -> 838 | B12: 11/１月 | C12: 45 | D12: 42 | L12: 87 | M12: 749 | N12: 87 | O12: 0 | R12: =L12+P12 -> 87
B13: ２月 | C13: 3 | D13: 73 | L13: 76 | M13: 825 | N13: 76 | O13: 0 | R13: =L13+P13 -> 76
B14: ３月 | C14: 0 | D14: 3 | L14: 3 | M14: 828 | N14: 3 | O14: 0 | R14: =L14+P14 -> 3
B15: ４月 | C15: 10 | D15: 0 | L15: 10 | M15: 838 | N15: 10 | O15: 0 | R15: =L15+P15 -> 10
A16: 11年度 | B16: ５月 | C16: 5 | D16: 1 | E16: 0 | L16: 6 | M16: 844 | N16: 6 | O16: 0 | R16: =L16+P16 -> 6
B17: ６月 | C17: 12 | D17: 0 | E17: 0 | L17: 12 | M17: 856 | N17: 12 | O17: 0 | R17: =L17+P17 -> 12
B18: ７月 | C18: 25 | D18: 0 | E18: 0 | L18: 25 | M18: 881 | N18: 25 | O18: 0 | R18: =L18+P18 -> 25
B19: ８月 | C19: 16 | D19: 0 | E19: 0 | L19: 16 | M19: 897 | N19: 16 | O19: 0 | R19: =L19+P19 -> 16
A20: 【Ｖ８】 | B20: ９月 | C20: 31 | D20: 0 | E20: 1 | L20: 32 | M20: 929 | N20: 31 | O20: 1 | R20: =L20+P20 -> 32
A21: =SUM(L16:L27) -> 422 | B21: １０月 | C21: 28 | D21: 8 | E21: 0 | L21: 36 | M21: 965 | N21: 36 | O21: 0 | R21: =L21+P21 -> 36
B22: １１月 | C22: 19 | D22: 46 | E22: 9 | L22: 74 | M22: 1039 | N22: 65 | O22: 9 | R22: =L22+P22 -> 74
A23: 【合計】 | B23: １２月 | C23: 17 | D23: 25 | E23: 15 | L23: 57 | M23: 1096 | N23: 42 | O23: 15 | R23: =L23+P23 -> 57
A24: =A18+A21 -> 422 | B24: 12/１月 | C24: 23 | D24: 40 | E24: 0 | L24: 63 | M24: 1159 | N24: 63 | O24: 0 | R24: =L24+P24 -> 63
B25: ２月 | C25: 7 | D25: 22 | E25: 0 | L25: 29 | M25: 1188 | N25: 29 | O25: 0 | R25: =L25+P25 -> 29
B26: ３月 | C26: 14 | D26: 7 | E26: 0 | L26: 21 | M26: 1209 | N26: 21 | O26: 0 | R26: =L26+P26 -> 21
B27: ４月 | C27: 39 | D27: 12 | E27: 0 | L27: 51 | M27: 1260 | N27: 51 | O27: 0 | R27: =L27+P27 -> 51
A28: １２年度 | B28: ５月 | C28: 23 | D28: 11 | E28: 0 | F28: 0 | H28: 0 | L28: 34 | M28: 1294 | N28: 34 | O28: 0 | R28: =L28+P28 -> 34
B29: ６月 | C29: 46 | D29: 28 | E29: 3 | F29: 0 | H29: 0 | L29: 77 | M29: 1371 | N29: 74 | O29: 3 | R29: =L29+P29 -> 77
B30: ７月 | C30: 15 | D30: 24 | E30: 14 | F30: 0 | H30: 0 | L30: 53 | M30: 1424 | N30: 39 | O30: 14 | R30: =L30+P30 -> 53
B31: ８月 | C31: 0 | D31: 5 | E31: 2 | F31: 0 | H31: 0 | L31: 7 | M31: 1431 | N31: 5 | O31: 2 | R31: =L31+P31 -> 7
A32: 【Ｖ８】 | B32: ９月 | C32: 0 | D32: 4 | E32: 0 | F32: 0 | H32: 0 | L32: 4 | M32: 1435 | N32: 4 | O32: 0 | R32: =L32+P32 -> 4
A33: =SUM(L28:L39) -> 362 | B33: １０月 | C33: 0 | D33: 41 | E33: 3 | F33: 0 | H33: 0 | L33: 44 | M33: 1479 | N33: 41 | O33: 3 | R33: =L33+P33 -> 44
B34: １１月 | C34: 19 | D34: 17 | E34: 4 | F34: 13 | H34: 0 | L34: 53 | M34: 1532 | N34: 49 | O34: 4 | R34: =L34+P34 -> 53
A35: 【合計】 | B35: １２月 | C35: 10 | D35: 20 | E35: 0 | F35: 0 | H35: 27 | L35: 57 | M35: 1589 | N35: 57 | O35: 0 | R35: =L35+P35 -> 57
A36: =A30+A33 -> 362 | B36: 13/1月 | C36: 5 | D36: 22 | E36: 0 | F36: 0 | H36: 0 | L36: 27 | M36: 1616 | N36: 27 | O36: 0 | R36: =L36+P36 -> 27
B37: ２月 | C37: 0 | D37: 0 | E37: 0 | F37: 0 | H37: 0 | L37: 0 | M37: 1616 | N37: 0 | O37: 0 | R37: =L37+P37 -> 0
B38: ３月 | C38: 1 | D38: 4 | E38: 0 | F38: 0 | H38: 1 | L38: 6 | M38: 1622 | N38: 6 | O38: 0 | R38: =L38+P38 -> 6
B39: ４月 | C39: 0 | D39: 0 | E39: 0 | F39: 0 | H39: 0 | I39: 0 | L39: 0 | M39: 1622 | N39: 0 | O39: 0 | R39: =L39+P39 -> 0
A40: １３年度 | B40: ５月 | C40: 0 | D40: 0 | E40: 0 | F40: 34 | H40: 39 | I40: 0 | L40: 73 | M40: 1695 | N40: 73 | O40: 0 | R40: =L40+P40 -> 73
B41: ６月 | C41: 0 | D41: 0 | E41: 0 | F41: 10 | H41: 35 | I41: 0 | L41: 45 | M41: 1740 | N41: 45 | O41: 0 | R41: =L41+P41 -> 45
B42: ７月 | C42: 0 | D42: 0 | E42: 7 | F42: 26 | H42: 26 | I42: 0 | L42: 59 | M42: 1799 | N42: 52 | O42: 7 | R42: =L42+P42 -> 59
B43: ８月 | C43: 0 | D43: 0 | E43: 0 | F43: 9 | H43: 48 | I43: 0 | L43: 57 | M43: 1856 | N43: 57 | O43: 0 | R43: =L43+P43 -> 57
A44: 【Ｖ８】 | B44: ９月 | C44: 0 | D44: 0 | E44: 0 | F44: 25 | H44: 52 | I44: 0 | L44: 77 | M44: 1933 | N44: 77 | O44: 0 | R44: =L44+P44 -> 77
A45: =SUM(L40:L51) -> 628 | B45: １０月 | C45: 0 | D45: 0 | E45: 0 | F45: 20 | H45: 24 | I45: 0 | L45: 44 | M45: 1977 | N45: 44 | O45: 0 | R45: =L45+P45 -> 44
B46: １１月 | C46: 0 | D46: 0 | E46: 0 | F46: 0 | H46: 50 | I46: 2 | L46: 52 | M46: 2029 | N46: 52 | O46: 0 | R46: =L46+P46 -> 52
A47: 【合計】 | B47: １２月 | C47: 0 | D47: 0 | E47: 0 | F47: 0 | H47: 24 | I47: 6 | L47: 30 | M47: 2059 | N47: 30 | O47: 0 | R47: =L47+P47 -> 30
A48: =A42+A45 -> 628 | B48: 14/１月 | C48: 0 | D48: 0 | E48: 2 | F48: 0 | H48: 22 | I48: 39 | L48: 63 | M48: 2122 | N48: 61 | O48: 2 | R48: =L48+P48 -> 63
B49: ２月 | C49: 0 | D49: 0 | E49: 2 | F49: 0 | H49: 16 | I49: 30 | L49: 48 | M49: 2170 | N49: 46 | O49: 2 | R49: =L49+P49 -> 48
B50: ３月 | C50: 0 | D50: 0 | E50: 0 | F50: 10 | H50: 18 | I50: 0 | L50: 28 | M50: 2198 | N50: 28 | O50: 0 | R50: =L50+P50 -> 28
B51: ４月 | C51: 0 | D51: 0 | E51: 0 | F51: 0 | H51: 36 | I51: 16 | L51: 52 | M51: 2250 | N51: 52 | O51: 0 | R51: =L51+P51 -> 52
A52: １4年度 | B52: ５月 | C52: 0 | D52: 0 | E52: 8 | F52: 12 | G52: 0 | H52: 13 | I52: 0 | K52: 0 | L52: =SUM(C52:K52) -> 33 | M52: =M51+L52 -> 2283 | N52: 25 | O52: 8 | R52: =L52+P52 -> 33
B53: ６月 | C53: 0 | D53: 0 | E53: 0 | F53: 51 | G53: 0 | H53: 26 | I53: 0 | K53: 0 | L53: =SUM(C53:K53) -> 77 | M53: =M52+L53 -> 2360 | N53: 77 | O53: 0 | R53: =L53+P53 -> 77
B54: ７月 | C54: 0 | D54: 0 | E54: 0 | F54: 24 | G54: 0 | H54: 55 | I54: 0 | K54: 0 | L54: =SUM(C54:K54) -> 79 | M54: =M53+L54 -> 2439 | N54: 79 | O54: 0 | R54: =L54+P54 -> 79
B55: ８月 | C55: 0 | D55: 0 | E55: 0 | F55: 39 | G55: 0 | H55: 43 | I55: 31 | K55: 0 | L55: =SUM(C55:K55) -> 113 | M55: =M54+L55 -> 2552 | N55: 113 | O55: 0 | R55: =L55+P55 -> 113
A56: 【Ｖ８】 | B56: ９月 | C56: 0 | D56: 0 | E56: 0 | F56: 47 | G56: 0 | H56: 109 | I56: 4 | K56: 0 | L56: =SUM(C56:K56) -> 160 | M56: =M55+L56 -> 2712 | N56: 160 | O56: 0 | R56: =L56+P56 -> 160
A57: =SUM(L52:L63) -> 1454 | B57: １０月 | C57: 0 | D57: 0 | E57: 0 | F57: 109 | G57: 0 | H57: 50 | I57: 47 | K57: 0 | L57: =SUM(C57:K57) -> 206 | M57: =M56+L57 -> 2918 | N57: 206 | O57: 0 | R57: =L57+P57 -> 206
B58: １１月 | C58: 0 | D58: 0 | E58: 0 | F58: 40 | G58: 0 | H58: 70 | I58: 58 | K58: 0 | L58: =SUM(C58:K58) -> 168 | M58: =M57+L58 -> 3086 | N58: 168 | O58: 0 | R58: =L58+P58 -> 168
A59: 【合計】 | B59: １２月 | C59: 0 | D59: 0 | E59: 2 | F59: 35 | G59: 0 | H59: 63 | I59: 32 | K59: 2 | L59: =SUM(C59:K59) -> 134 | M59: =M58+L59 -> 3220 | N59: 132 | O59: 2 | R59: =L59+P59 -> 134
A60: =A54+A57 -> 1454 | B60: 15/１月 | C60: 0 | D60: 0 | E60: 1 | F60: 30 | G60: 0 | H60: 110 | I60: 11 | K60: 1 | L60: =SUM(C60:K60) -> 153 | M60: =M59+L60 -> 3373 | N60: 152 | O60: 1 | R60: =L60+P60 -> 153
B61: ２月 | C61: 0 | D61: 0 | E61: 0 | F61: 56 | G61: 0 | H61: 20 | I61: 8 | K61: 0 | L61: =SUM(C61:K61) -> 84 | M61: =M60+L61 -> 3457 | N61: 84 | O61: 0 | R61: =L61+P61 -> 84
B62: ３月 | C62: 0 | D62: 0 | E62: 1 | F62: 64 | G62: 0 | H62: 43 | I62: 18 | K62: 0 | L62: =SUM(C62:K62) -> 126 | M62: =M61+L62 -> 3583 | N62: 125 | O62: 1 | R62: =L62+P62 -> 126
B63: ４月 | C63: 0 | D63: 0 | E63: 0 | F63: 0 | G63: 0 | H63: 43 | I63: 78 | K63: 0 | L63: =SUM(C63:K63) -> 121 | M63: =M62+L63 -> 3704 | N63: 121 | O63: 0 | R63: =L63+P63 -> 121
A64: 15年度 | B64: ５月 | C64: 0 | D64: 0 | E64: 0 | F64: 27 | G64: 0 | H64: 42 | I64: 28 | K64: 0 | L64: =SUM(C64:K64) -> 97 | M64: =M63+L64 -> 3801 | N64: 97 | O64: 0 | R64: =L64+P64 -> 97
B65: ６月 | C65: 0 | D65: 0 | E65: 1 | F65: 77 | G65: 0 | H65: 27 | I65: 21 | K65: 0 | L65: =SUM(C65:K65) -> 126 | M65: =M64+L65 -> 3927 | N65: 125 | O65: 1 | R65: =L65+P65 -> 126
B66: ７月 | C66: 0 | D66: 0 | E66: 0 | F66: 65 | G66: 1 | H66: 44 | I66: 39 | K66: 0 | L66: =SUM(C66:K66) -> 149 | M66: =M65+L66 -> 4076 | N66: 148 | O66: 1 | R66: =L66+P66 -> 149
B67: ８月 | C67: 0 | D67: 0 | E67: 0 | F67: 49 | G67: 0 | H67: 65 | I67: 0 | K67: 0 | L67: =SUM(C67:K67) -> 114 | M67: =M66+L67 -> 4190 | N67: 114 | O67: 0 | R67: =L67+P67 -> 114
B68: ９月 | C68: 0 | D68: 0 | E68: 0 | F68: 91 | G68: 0 | H68: 42 | I68: 0 | K68: 1 | L68: =SUM(C68:K68) -> 134 | M68: =M67+L68 -> 4324 | N68: 134 | O68: 0 | R68: =L68+P68 -> 134
A69: 【Ｖ８】 | B69: １０月 | C69: 0 | D69: 0 | E69: 0 | F69: 105 | G69: 0 | H69: 56 | I69: 2 | K69: 0 | L69: =SUM(C69:K69) -> 163 | M69: =M68+L69 -> 4487 | N69: 163 | O69: 0 | R69: =L69+P69 -> 163
A70: =SUM(L64:L75) -> 1878 | B70: １１月 | C70: 0 | D70: 0 | E70: 11 | F70: 33 | G70: 0 | H70: 140 | I70: 6 | K70: 0 | L70: =SUM(C70:K70) -> 190 | M70: =M69+L70 -> 4677 | N70: 179 | O70: 11 | R70: =L70+P70 -> 190
B71: １２月 | C71: 0 | D71: 0 | E71: 23 | F71: 2 | G71: 0 | H71: 167 | I71: 0 | K71: 10 | L71: =SUM(C71:K71) -> 202 | M71: =M70+L71 -> 4879 | N71: 179 | O71: 23 | R71: =L71+P71 -> 202
B72: 16/１月 | C72: 0 | D72: 0 | E72: 7 | F72: 0 | G72: 0 | H72: 149 | I72: 0 | K72: 12 | L72: =SUM(C72:K72) -> 168 | M72: =M71+L72 -> 5047 | N72: 161 | O72: 7 | R72: =L72+P72 -> 168
A73: 【合計】 | B73: ２月 | C73: 0 | D73: 0 | E73: 0 | F73: 0 | G73: 0 | H73: 178 | I73: 0 | K73: 24 | L73: =SUM(C73:K73) -> 202 | M73: =M72+L73 -> 5249 | N73: 202 | O73: 0 | R73: =L73+P73 -> 202
A74: =A66+A70 -> 1878 | B74: ３月 | C74: 0 | D74: 0 | E74: 3 | F74: 13 | G74: 0 | H74: 111 | I74: 0 | K74: 118 | L74: =SUM(C74:K74) -> 245 | M74: =M73+L74 -> 5494 | N74: 242 | O74: 3 | R74: =L74+P74 -> 245
B75: ４月 | C75: 0 | D75: 0 | E75: 0 | F75: 70 | G75: 0 | H75: 17 | I75: 0 | K75: 1 | L75: 88 | M75: =M74+L75 -> 5582 | N75: 88 | O75: 0 | R75: =L75+P75 -> 88
B76: ５月 | C76: 0 | D76: 0 | E76: 1 | F76: 65 | G76: 0 | H76: 20 | I76: 0 | K76: 1 | L76: =SUM(C76:K76) -> 87 | M76: =M75+L76 -> 5669 | N76: 86 | O76: 1 | R76: =L76+P76 -> 87
A77: 16年度 | B77: ６月 | C77: 0 | D77: 0 | E77: 3 | F77: 99 | G77: 0 | H77: 12 | I77: 0 | K77: 2 | L77: =SUM(C77:K77) -> 116 | M77: =M76+L77 -> 5785 | N77: 113 | O77: 3 | R77: =L77+P77 -> 116
B78: ７月 | C78: 0 | D78: 0 | E78: 20 | F78: 50 | G78: 0 | H78: 47 | I78: 0 | K78: 1 | L78: =SUM(C78:K78) -> 118 | M78: =M77+L78 -> 5903 | N78: 98 | O78: 20 | R78: =L78+P78 -> 118
B79: ８月 | C79: 0 | D79: 0 | E79: 6 | F79: 50 | G79: 0 | H79: 21 | I79: 0 | K79: 64 | L79: =SUM(C79:K79) -> 141 | M79: =M78+L79 -> 6044 | N79: 135 | O79: 6 | R79: =L79+P79 -> 141
B80: ９月 | C80: 0 | D80: 0 | E80: 48 | F80: 2 | G80: 0 | H80: 66 | I80: 2 | K80: 53 | L80: =SUM(C80:K80) -> 171 | M80: =M79+L80 -> 6215 | N80: 123 | O80: 48 | R80: =L80+P80 -> 171
A81: 【Ｖ８】 | B81: １０月 | C81: 0 | D81: 0 | E81: 52 | F81: 0 | G81: 0 | H81: 174 | I81: 1 | K81: 6 | L81: =SUM(C81:K81) -> 233 | M81: =M80+L81 -> 6448 | N81: 181 | O81: 52 | R81: =L81+P81 -> 233
A82: =SUM(L76:L87) -> 1993 | B82: １１月 | C82: 0 | D82: 0 | E82: 27 | F82: 0 | G82: 0 | H82: 171 | I82: 8 | K82: 0 | L82: =SUM(C82:K82) -> 206 | M82: =M81+L82 -> 6654 | N82: 179 | O82: 27 | R82: =L82+P82 -> 206
B83: １２月 | C83: 0 | D83: 0 | E83: 61 | F83: 0 | G83: 0 | H83: 115 | I83: 0 | K83: 2 | L83: =SUM(C83:K83) -> 178 | M83: =M82+L83 -> 6832 | N83: =C83+D83+F83+H83+I83+K83 -> 117 | O83: =E83+G83 -> 61 | R83: =L83+P83 -> 178
A84: 【合計】 | B84: 17/１月 | C84: 0 | D84: 0 | E84: 72 | F84: 0 | G84: 0 | H84: 137 | I84: 0 | K84: 0 | L84: 209 | M84: 7041 | N84: =C84+D84+F84+H84+I84+K84 -> 137 | O84: =E84+G84 -> 72 | R84: =L84+P84 -> 209
A85: =A79+A82 -> 1993 | B85: ２月 | C85: 0 | D85: 0 | E85: 92 | F85: 0 | G85: 0 | H85: 125 | I85: 0 | K85: 24 | L85: =SUM(C85:K85) -> 241 | M85: =M84+L85 -> 7282 | N85: =C85+D85+F85+H85+I85+K85 -> 149 | O85: =E85+G85 -> 92 | R85: =L85+P85 -> 241
B86: ３月 | C86: 0 | D86: 0 | E86: 46 | F86: 0 | G86: 0 | H86: 31 | I86: 0 | K86: 101 | L86: =SUM(C86:K86) -> 178 | M86: =M85+L86 -> 7460 | N86: =C86+D86+F86+H86+I86+K86 -> 132 | O86: =E86+G86 -> 46 | R86: =L86+P86 -> 178
B87: ４月 | C87: 0 | D87: 0 | E87: 22 | F87: 26 | G87: 0 | H87: 65 | I87: 2 | K87: 0 | L87: =SUM(C87:K87) -> 115 | M87: =M86+L87 -> 7575 | N87: =C87+D87+F87+H87+I87+K87 -> 93 | O87: =E87+G87 -> 22 | R87: =L87+P87 -> 115
A88: 17年度 | B88: ５月 | C88: 0 | D88: 0 | E88: 3 | F88: 45 | G88: 0 | H88: 46 | I88: 0 | K88: 24 | L88: =SUM(C88:K88) -> 118 | M88: =M87+L88 -> 7693 | N88: =C88+D88+F88+H88+I88+K88 -> 115 | O88: =E88+G88 -> 3 | R88: =L88+P88 -> 118
B89: ６月 | C89: 0 | D89: 0 | E89: 52 | F89: 27 | G89: 0 | H89: 59 | I89: 0 | K89: 64 | L89: =SUM(C89:K89) -> 202 | M89: =M88+L89 -> 7895 | N89: =C89+D89+F89+H89+I89+K89 -> 150 | O89: =E89+G89 -> 52 | R89: =L89+P89 -> 202
B90: ７月 | C90: 0 | D90: 0 | E90: 69 | F90: 50 | G90: 0 | H90: 23 | I90: 0 | K90: 42 | L90: =SUM(C90:K90) -> 184 | M90: =M89+L90 -> 8079 | N90: =C90+D90+F90+H90+I90+K90 -> 115 | O90: =E90+G90 -> 69 | R90: =L90+P90 -> 184
B91: ８月 | C91: 0 | D91: 0 | E91: 60 | F91: 23 | G91: 0 | H91: 26 | I91: 0 | K91: 35 | L91: =SUM(C91:K91) -> 144 | M91: =M90+L91 -> 8223 | N91: =C91+D91+F91+H91+I91+K91 -> 84 | O91: =E91+G91 -> 60 | R91: =L91+P91 -> 144
A92: 【Ｖ８】 | B92: ９月 | C92: 0 | D92: 0 | E92: 33 | F92: 35 | G92: 0 | H92: 90 | I92: 0 | K92: 15 | L92: =SUM(C92:K92) -> 173 | M92: =M91+L92 -> 8396 | N92: =C92+D92+F92+H92+I92+K92 -> 140 | O92: =E92+G92 -> 33 | R92: =L92+P92 -> 173
A93: =SUM(L88:L99) -> 2038 | B93: １０月 | C93: 0 | D93: 0 | E93: 44 | F93: 29 | G93: 0 | H93: 44 | I93: 0 | K93: 32 | L93: =SUM(C93:K93) -> 149 | M93: =M92+L93 -> 8545 | N93: =C93+D93+F93+H93+I93+K93 -> 105 | O93: =E93+G93 -> 44 | R93: =L93+P93 -> 149
B94: １１月 | C94: 0 | D94: 0 | E94: 0 | F94: 33 | G94: 0 | H94: 99 | I94: 2 | K94: 4 | L94: =SUM(C94:K94) -> 138 | M94: =M93+L94 -> 8683 | N94: =C94+D94+F94+H94+I94+K94+J94 -> 138 | O94: =E94+G94 -> 0 | R94: =L94+P94 -> 138
B95: １２月 | C95: 0 | D95: 0 | E95: 42 | F95: 2 | G95: 0 | H95: 88 | I95: 2 | K95: 25 | L95: =SUM(C95:K95) -> 159 | M95: =M94+L95 -> 8842 | N95: =C95+D95+F95+H95+I95+K95+J95 -> 117 | O95: =E95+G95 -> 42 | R95: =L95+P95 -> 159
A96: 【合計】 | B96: 18/１月 | C96: 0 | D96: 0 | E96: 11 | F96: 0 | G96: 0 | H96: 103 | I96: 1 | J96: 0 | K96: 67 | L96: =SUM(C96:K96) -> 182 | M96: =M95+L96 -> 9024 | N96: =C96+D96+F96+H96+I96+K96+J96 -> 171 | O96: =E96+G96 -> 11 | R96: =L96+P96 -> 182
A97: =A90+A93 -> 2038 | B97: ２月 | C97: 0 | D97: 0 | E97: 2 | F97: 5 | G97: 0 | H97: 195 | I97: 3 | J97: 0 | K97: 35 | L97: =SUM(C97:K97) -> 240 | M97: =M96+L97 -> 9264 | N97: =C97+D97+F97+H97+I97+K97+J97 -> 238 | O97: =E97+G97 -> 2 | R97: =L97+P97 -> 240
B98: ３月 | C98: 0 | D98: 0 | E98: 0 | F98: 5 | G98: 0 | H98: 71 | I98: 18 | J98: 0 | K98: 61 | L98: =SUM(C98:K98) -> 155 | M98: =M97+L98 -> 9419 | N98: =C98+D98+F98+H98+I98+K98+J98 -> 155 | O98: =E98+G98 -> 0 | R98: =L98+P98 -> 155
B99: ４月 | C99: 0 | D99: 0 | E99: 0 | F99: 87 | G99: 0 | H99: 65 | I99: 7 | J99: 35 | K99: 0 | L99: =SUM(C99:K99) -> 194 | M99: =M98+L99 -> 9613 | N99: =C99+D99+F99+H99+I99+K99+J99 -> 194 | O99: =E99+G99 -> 0 | R99: =L99+P99 -> 194
A100: 18年度 | B100: ５月 | C100: 0 | D100: 0 | E100: 2 | F100: 33 | G100: 0 | H100: 23 | I100: 30 | J100: 123 | K100: 9 | L100: =SUM(C100:K100) -> 220 | M100: =M99+L100 -> 9833 | N100: =C100+D100+F100+H100+I100+K100+J100 -> 218 | O100: =E100+G100 -> 2 | R100: =L100+P100 -> 220
...

Sheet Ｖ８星取表
M1: 1 | N1: 2 | O1: 3 | P1: 4 | Q1: 5 | R1: 6 | S1: 7 | T1: 8 | U1: 9 | V1: 10 | W1: 11 | X1: 12 | Y1: 13 | Z1: 14 | AA1: 15 | AB1: 16 | AC1: 17 | AD1: 18 | AE1: 19 | AF1: 20 | AG1: 21 | AH1: 22 | AI1: 23 | AJ1: 24 | AK1: 25 | AL1: 26 | AM1: 27 | AN1: 28 | AO1: 29 | AP1: 30 | AQ1: 31 | AR1: 32 | AS1: 33 | AT1: 34 | AU1: 35 | AV1: 36 | AW1: 37 | AX1: 38 | AY1: 39 | AZ1: 40 | BA1: 41 | BB1: 42 | BC1: 43 | BD1: 44 | BE1: 45 | BF1: 46 | BG1: 47 | BH1: 48 | BI1: 49 | BJ1: 50
S2: KMP UNITS | AP2: KOUSHIN JAPAN UNITS
P3: =COUNTIF(#REF!,"・") -> #REF! | R3: ・→ | S3: =COUNTIF(S7:S241,"・") -> 31 | T3: =COUNTIF(T7:T241,"・") -> 29 | U3: =COUNTIF(U7:U241,"・") -> 0 | V3: =COUNTIF(V7:V241,"・") -> 0 | W3: =COUNTIF(W7:W241,"・") -> 35 | X3: =COUNTIF(X7:X241,"・") -> 0 | Y3: =COUNTIF(Y7:Y241,"・") -> 8 | Z3: =COUNTIF(Z7:Z241,"・") -> 12 | ... AY3: =COUNTIF(AY7:AY241,"・") -> 79
P4: =COUNTIF(#REF!,"1/13") -> #REF! | S4: 0184429-0 | T4: 1876212-3 | U4: 3249850-1 | V4: 3139386-2 | W4: 1876278-6 | X4: 3729591-9 | Y4: 0184763-0 | Z4: 9064355-4 | AA4: 9912506-8 | AB4: 1876267-0 | AC4: 3729668-0 | AD4: 1876265-4 | AE4: 1876242-5 | AF4: 3139392-7 | AG4: 1876244-1 | AH4: 1868741-5 | AI4: 3139382-0 | AJ4: 1868739-3 | AK4: 5343350-7 | AL4: 1868742-3 | AM4: 3139404-4 | AN4: 1868740-7 | AO4: 5343349-3 | AP4: 1892440-9 | AQ4: 3729514-5 | AR4: 3247289-8 | AS4: 0184427-4 | AT4: 9066030-0 | AU4: 3139406-0 | AV4: 9912561-0 | AW4: 1876275-1 | AX4: 1892439-5 | AY4: 1876277-8
A5: ＊1/10生産計画 | K5: ａ (OCｶﾚ） | N5: b (光真ｶﾚ） | O5: b-4日 (光真ｶﾚ） | P5: ａ-3日 (光真ｶﾚ） | Q5: ａ (OCｶﾚ） | S5: ﾊﾝｿｳﾌﾞ | T5: 5000ｴﾝﾌﾞ | U5: 5000ｴﾝﾌﾞ | V5: 5000ｴﾝﾌﾞ | W5: ﾂﾘｼﾍｲ ﾎﾘﾕｳﾌﾞ | X5: ﾂﾘｼﾍｲ ﾎﾘﾕｳﾌﾞ | Y5: ｿｳﾆﾕｳｳﾌﾞ | Z5: ｿｳﾆﾕｳｳﾌﾞ | AA5: ｿｳﾆﾕｳｳﾌﾞ | AB5: ﾎｷﾕｳﾌﾞ ｺｳﾎｳ | AC5: ﾎｷﾕｳﾌﾞ ｺｳﾎｳ | AD5: ﾀｲﾋﾌﾞ | AE5: ｶｲｼﾕｳﾌﾞ （固定式） | AF5: ｶｲｼﾕｳﾌﾞ （固定式） | AG5: ｶｲｼﾕｳﾌﾞ （可搬式） | AH5: 10000ｴﾝﾌﾞ （固定式） | AI5: 10000ｴﾝﾌﾞ （固定式） | AJ5: 10000ｴﾝﾌﾞ （可搬式） | AK5: 10000ｴﾝﾌﾞ （可搬式） | AL5: 1000ｴﾝ ｶｾﾂﾄﾌﾞ （固定式） | AM5: 1000ｴﾝ ｶｾﾂﾄﾌﾞ （固定式） | AN5: 1000ｴﾝ ｶｾﾂﾄﾌﾞ （可搬式） | AO5: 1000ｴﾝ ｶｾﾂﾄﾌﾞ （可搬式） | AP5: ｷﾎﾝﾌﾞ BH | AQ5: ｷﾎﾝﾌﾞ BH | AR5: ｷﾎﾝﾌﾞ BH | AS5: ｷﾎﾝﾌﾞ BH | AT5: ｷﾎﾝﾌﾞ BH | AU5: ｷﾎﾝﾌﾞ BH | AV5: ｷﾎﾝﾌﾞ BH | AW5: ﾌﾚ-ﾑﾌﾞ | AX5: ﾌﾚ-ﾑﾌﾞ | AY5: ﾚ-ﾙﾌﾞ
A6: T-No （LAY） | B6: Z002 号機 | C6: Z003 号機 | D6: Z004 号機 | E6: Z101 号機 | F6: Z102 号機 | G6: Z103 号機 | H6: Z201 号機 | I6: ＢＨ型式 | J6: 順序 確定日 | K6: 光真 順序 出荷日 | L6: 実出荷 | M6: KP-No | N6: LAZ 完了 計画 | O6: KMP ユニット 日本着日 | P6: KMP ユニット 日本着日 | Q6: LAZ/ｶｾｯﾄ LAL/LBL J-光真 出荷計画 | R6: メンテ | S6: LAA101 | T6: LAF001 | U6: LAF002 | V6: LAF003 | W6: LAG001 | X6: LAG002 | Y6: LAE101 | Z6: LAE102 | AA6: LAE201 | AB6: LBL001 | AC6: LBL002 | AD6: LAL001 | AE6: LAN001 | AF6: LAN002 | AG6: LCN001 | AH6: LAC001 | AI6: LAC002 | AJ6: LCC001 | AK6: LCC002 | AL6: LAD001 | AM6: LAD002 | AN6: LCD001 | AO6: LCD002 | AP6: LAZ002 | AQ6: LAZ003 | AR6: LAZ004 | AS6: LAZ101 | AT6: LAZ102 | AU6: LAZ103 | AV6: LAZ201 | AW6: LAY001 | AX6: LAY002 | AY6: LAH001 | AZ6: 生産 計画 No | BA6: 客先名 | BB6: 駅名 ﾒﾝﾃﾕﾆｯﾄ型式（個/ﾛｯﾄ） | BC6: コーナー メンテ：情報提供者 （情報入手日） | BD6: ﾕﾆｯﾄ 種類数 | BE6: BH型式 | BF6: 出荷日 | BG6: T-No （LAY） | BH6: LAZ ﾕﾆｯﾄ | BI6: 1F 出荷 | BJ6: ﾒﾝﾃﾕﾆｯﾄ 型式 | BK6: 5311189-5 | BL6: 5311167-4
J7: 46001 | K7: 46051 | L7: 46027 | M7: MB-08144 | O7: =INDEX([5]光真稼働日早見表!$M:$M,MATCH($Q7,[5]光真稼働日早見表!$Q:$Q,0),1) -> 46014 | Q7: 46027 | R7: M | W7: 46013 | AZ7: 000396263 | BA7: OFET | BB7: LAG001(6/39) | BC7: （11/5林ひ様情報） | BD7: =COUNTA(S7:AY7) -> 1 | BE7: =I7 -> 0 | BF7: =K7 -> 46051 | BG7: =A7 -> 0 | BH7: =COUNTA(S7:AA7) -> 1 | BI7: =COUNTA(AB7:AO7) -> 0 | BJ7: LAG001
J8: 46001 | K8: 46051 | L8: 46027 | M8: MB-08144 | O8: =INDEX([5]光真稼働日早見表!$M:$M,MATCH($Q8,[5]光真稼働日早見表!$Q:$Q,0),1) -> 46014 | Q8: 46027 | R8: M | W8: 46013 | AZ8: 000396263 | BA8: OFET | BB8: LAG001(7/39) | BC8: （11/5林ひ様情報） | BD8: =COUNTA(S8:AY8) -> 1 | BE8: =I8 -> 0 | BF8: =K8 -> 46051 | BG8: =A8 -> 0 | BH8: =COUNTA(S8:AA8) -> 1 | BI8: =COUNTA(AB8:AO8) -> 0 | BJ8: LAG001
J9: 46001 | K9: 46051 | L9: 46027 | M9: MB-08144 | O9: =INDEX([5]光真稼働日早見表!$M:$M,MATCH($Q9,[5]光真稼働日早見表!$Q:$Q,0),1) -> 46014 | Q9: 46027 | R9: M | W9: 46013 | AZ9: 000396263 | BA9: OFET | BB9: LAG001(8/39) | BC9: （11/5林ひ様情報） | BD9: =COUNTA(S9:AY9) -> 1 | BE9: =I9 -> 0 | BF9: =K9 -> 46051 | BG9: =A9 -> 0 | BH9: =COUNTA(S9:AA9) -> 1 | BI9: =COUNTA(AB9:AO9) -> 0 | BJ9: LAG001
J10: 46001 | K10: 46051 | L10: 46027 | M10: MB-08144 | O10: =INDEX([5]光真稼働日早見表!$M:$M,MATCH($Q10,[5]光真稼働日早見表!$Q:$Q,0),1) -> 46014 | Q10: 46027 | R10: M | W10: 46013 | AZ10: 000396263 | BA10: OFET | BB10: LAG001(9/39) | BC10: （11/5林ひ様情報） | BD10: =COUNTA(S10:AY10) -> 1 | BE10: =I10 -> 0 | BF10: =K10 -> 46051 | BG10: =A10 -> 0 | BH10: =COUNTA(S10:AA10) -> 1 | BI10: =COUNTA(AB10:AO10) -> 0 | BJ10: LAG001
J11: 46001 | K11: 46051 | L11: 46027 | M11: MB-08144 | O11: =INDEX([5]光真稼働日早見表!$M:$M,MATCH($Q11,[5]光真稼働日早見表!$Q:$Q,0),1) -> 46014 | Q11: 46027 | R11: M | W11: 46013 | AZ11: 000396263 | BA11: OFET | BB11: LAG001(10/39) | BC11: （11/5林ひ様情報） | BD11: =COUNTA(S11:AY11) -> 1 | BE11: =I11 -> 0 | BF11: =K11 -> 46051 | BG11: =A11 -> 0 | BH11: =COUNTA(S11:AA11) -> 1 | BI11: =COUNTA(AB11:AO11) -> 0 | BJ11: LAG001
A12: 21326 | E12: 8201 | I12: VU-LB106 | J12: 45995 | K12: 46007 | L12: 46028 | M12: VV-26749 | N12: 46027 | O12: 46000 | P12: 46002 | Q12: 46028 | S12: 45999 | T12: 45999 | W12: 45999 | Y12: 45999 | AC12: 45999 | AE12: 45999 | AH12: 45999 | AL12: 45999 | AS12: ・ | AW12: ・ | AY12: ・ | AZ12: 000377924 | BA12: 南海 | BB12: 新今宮 | BC12: ４F | BD12: 11 | BE12: =I12 -> VU-LB106 | BF12: =K12 -> 46007 | BG12: =A12 -> 21326 | BH12: =COUNTA(S12:AA12) -> 4 | BI12: =COUNTA(AB12:AO12) -> 4
A13: 21327 | B13: 3216 | I13: VU-LA007 | J13: 45996 | K13: 46008 | L13: 46028 | M13: MC-51684 | N13: 46027 | O13: 46000 | P13: 46003 | Q13: 46028 | S13: 45999 | T13: 45999 | W13: 45999 | Y13: 45999 | AD13: 45999 | AE13: 45999 | AH13: 45999 | AL13: 45999 | AP13: ・ | AX13: ・ | AY13: ・ | AZ13: 000391722 | BA13: N社（Ｎ） | BC13: VU-LA007 | BD13: 11 | BE13: =I13 -> VU-LA007 | BF13: =K13 -> 46008 | BG13: =A13 -> 21327 | BH13: =COUNTA(S13:AA13) -> 4 | BI13: =COUNTA(AB13:AO13) -> 4
A14: 21328 | B14: 3217 | I14: VU-LA007 | J14: 45999 | K14: 46009 | L14: 46028 | M14: MC-51692 | N14: 46027 | O14: 46001 | P14: 46006 | Q14: 46028 | S14: 45999 | T14: 45999 | W14: 45999 | Y14: 45999 | AD14: 45999 | AE14: 45999 | AH14: 45999 | AL14: 45999 | AP14: ・ | AX14: ・ | AY14: ・ | AZ14: 000391729 | BA14: N社（Ｎ） | BC14: VU-LA007 | BD14: 11 | BE14: =I14 -> VU-LA007 | BF14: =K14 -> 46009 | BG14: =A14 -> 21328 | BH14: =COUNTA(S14:AA14) -> 4 | BI14: =COUNTA(AB14:AO14) -> 4
A15: 21329 | B15: 3218 | I15: VU-LA007 | J15: 46000 | K15: 46010 | L15: 46028 | M15: MC-51700 | N15: 46027 | O15: 46001 | P15: 46007 | Q15: 46028 | S15: 45999 | T15: 45999 | W15: 45999 | Y15: 45999 | AD15: 45999 | AE15: 45999 | AH15: 45999 | AL15: 45999 | AP15: ・ | AX15: ・ | AY15: ・ | AZ15: 000391724 | BA15: N社（Ｎ） | BC15: VU-LA007 | BD15: 11 | BE15: =I15 -> VU-LA007 | BF15: =K15 -> 46010 | BG15: =A15 -> 21329 | BH15: =COUNTA(S15:AA15) -> 4 | BI15: =COUNTA(AB15:AO15) -> 4
J16: 46001 | K16: 46052 | L16: 46028 | M16: MB-08170 | O16: =INDEX([5]光真稼働日早見表!$M:$M,MATCH($Q16,[5]光真稼働日早見表!$Q:$Q,0),1) -> 46015 | Q16: 46028 | R16: M | W16: 46013 | AZ16: 000396262 | BA16: OFET | BB16: LAG001(11/39) | BC16: （11/5林ひ様情報） | BD16: =COUNTA(S16:AY16) -> 1 | BE16: =I16 -> 0 | BF16: =K16 -> 46052 | BG16: =A16 -> 0 | BH16: =COUNTA(S16:AA16) -> 1 | BI16: =COUNTA(AB16:AO16) -> 0 | BJ16: LAG001
J17: 46001 | K17: 46052 | L17: 46028 | M17: MB-08170 | O17: =INDEX([5]光真稼働日早見表!$M:$M,MATCH($Q17,[5]光真稼働日早見表!$Q:$Q,0),1) -> 46015 | Q17: 46028 | R17: M | W17: 46013 | AZ17: 000396262 | BA17: OFET | BB17: LAG001(12/39) | BC17: （11/5林ひ様情報） | BD17: =COUNTA(S17:AY17) -> 1 | BE17: =I17 -> 0 | BF17: =K17 -> 46052 | BG17: =A17 -> 0 | BH17: =COUNTA(S17:AA17) -> 1 | BI17: =COUNTA(AB17:AO17) -> 0 | BJ17: LAG001
J18: 46001 | K18: 46052 | L18: 46028 | M18: MB-08170 | O18: =INDEX([5]光真稼働日早見表!$M:$M,MATCH($Q18,[5]光真稼働日早見表!$Q:$Q,0),1) -> 46015 | Q18: 46028 | R18: M | W18: 46013 | AZ18: 000396262 | BA18: OFET | BB18: LAG001(13/39) | BC18: （11/5林ひ様情報） | BD18: =COUNTA(S18:AY18) -> 1 | BE18: =I18 -> 0 | BF18: =K18 -> 46052 | BG18: =A18 -> 0 | BH18: =COUNTA(S18:AA18) -> 1 | BI18: =COUNTA(AB18:AO18) -> 0 | BJ18: LAG001
J19: 46001 | K19: 46052 | L19: 46028 | M19: MB-08170 | O19: =INDEX([5]光真稼働日早見表!$M:$M,MATCH($Q19,[5]光真稼働日早見表!$Q:$Q,0),1) -> 46015 | Q19: 46028 | R19: M | W19: 46013 | AZ19: 000396262 | BA19: OFET | BB19: LAG001(14/39) | BC19: （11/5林ひ様情報） | BD19: =COUNTA(S19:AY19) -> 1 | BE19: =I19 -> 0 | BF19: =K19 -> 46052 | BG19: =A19 -> 0 | BH19: =COUNTA(S19:AA19) -> 1 | BI19: =COUNTA(AB19:AO19) -> 0 | BJ19: LAG001
J20: 46001 | K20: 46052 | L20: 46028 | M20: MB-08170 | O20: =INDEX([5]光真稼働日早見表!$M:$M,MATCH($Q20,[5]光真稼働日早見表!$Q:$Q,0),1) -> 46015 | Q20: 46028 | R20: M | W20: 46013 | AZ20: 000396262 | BA20: OFET | BB20: LAG001(15/39) | BC20: （11/5林ひ様情報） | BD20: =COUNTA(S20:AY20) -> 1 | BE20: =I20 -> 0 | BF20: =K20 -> 46052 | BG20: =A20 -> 0 | BH20: =COUNTA(S20:AA20) -> 1 | BI20: =COUNTA(AB20:AO20) -> 0 | BJ20: LAG001
A21: 21330 | E21: 8202 | I21: VU-LA012 | J21: 46000 | K21: 46010 | L21: 46029 | M21: VV-26755 | N21: 46028 | O21: 46002 | P21: 46007 | Q21: 46029 | S21: 45999 | T21: 45999 | W21: 45999 | Y21: 45999 | AD21: 45999 | AE21: 45999 | AH21: 45999 | AL21: 45999 | AS21: ・ | AW21: ・ | AY21: ・ | AZ21: 000378623 | BA21: 小田急 | BB21: 本鵠沼 | BC21: 西口 | BD21: 11 | BE21: =I21 -> VU-LA012 | BF21: =K21 -> 46010 | BG21: =A21 -> 21330 | BH21: =COUNTA(S21:AA21) -> 4 | BI21: =COUNTA(AB21:AO21) -> 4
A22: 21331 | E22: 8203 | I22: VU-LB106 | J22: 46002 | K22: 46014 | L22: 46029 | M22: VV-26760 | N22: 46028 | O22: 46002 | P22: 46009 | Q22: 46029 | S22: 45999 | T22: 45999 | W22: 45999 | Y22: 45999 | AC22: 45999 | AE22: 45999 | AH22: 45999 | AL22: 45999 | AS22: ・ | AW22: ・ | AY22: ・ | AZ22: 000377925 | BA22: 南海 | BB22: 天下茶屋 | BD22: 11 | BE22: =I22 -> VU-LB106 | BF22: =K22 -> 46014 | BG22: =A22 -> 21331 | BH22: =COUNTA(S22:AA22) -> 4 | BI22: =COUNTA(AB22:AO22) -> 4
A23: 21332 | E23: 8204 | I23: VU-LB106 | J23: 46003 | K23: 46015 | L23: 46029 | M23: VV-26763 | N23: 46028 | O23: 46003 | P23: 46010 | Q23: 46029 | S23: 45999 | T23: 45999 | W23: 45999 | Y23: 45999 | AC23: 45999 | AE23: 45999 | AH23: 45999 | AL23: 45999 | AS23: ・ | AW23: ・ | AY23: ・ | AZ23: 000381123 | BA23: 南海 | BB23: 萩ノ茶屋 | BD23: 11 | BE23: =I23 -> VU-LB106 | BF23: =K23 -> 46015 | BG23: =A23 -> 21332 | BH23: =COUNTA(S23:AA23) -> 4 | BI23: =COUNTA(AB23:AO23) -> 4
A24: 21333 | E24: 8205 | I24: VU-LB106 | J24: 46003 | K24: 46015 | L24: 46029 | M24: VV-26764 | N24: 46028 | O24: 46003 | P24: 46010 | Q24: 46029 | S24: 45999 | T24: 45999 | W24: 45999 | Y24: 45999 | AC24: 45999 | AE24: 45999 | AH24: 45999 | AL24: 45999 | AS24: ・ | AW24: ・ | AY24: ・ | AZ24: 000381124 | BA24: 南海 | BB24: 粉浜 | BD24: 11 | BE24: =I24 -> VU-LB106 | BF24: =K24 -> 46015 | BG24: =A24 -> 21333 | BH24: =COUNTA(S24:AA24) -> 4 | BI24: =COUNTA(AB24:AO24) -> 4
A25: 21334 | H25: 3524 | I25: VU-LD091 | J25: 46008 | K25: 46027 | L25: 46030 | M25: VV-26775 | N25: 46029 | O25: 46006 | P25: 46015 | Q25: 46030 | S25: 45999 | T25: 45999 | W25: 45999 | AA25: 45999 | AC25: 45999 | AG25: 45999 | AK25: 45999 | AO25: 45999 | AV25: ・ | AW25: ・ | AY25: ・ | AZ25: 000385490 | BA25: 設計設備 | BD25: 11 | BE25: =I25 -> VU-LD091 | BF25: =K25 -> 46027 | BG25: =A25 -> 21334 | BH25: =COUNTA(S25:AA25) -> 4 | BI25: =COUNTA(AB25:AO25) -> 4
A26: 21335 | H26: 3525 | I26: VU-LD091 | J26: 46009 | K26: 46028 | L26: 46030 | M26: VV-26777 | N26: 46029 | O26: 46014 | P26: 46016 | Q26: 46030 | S26: 45999 | T26: 45999 | W26: 45999 | AA26: 45999 | AC26: 45999 | AG26: 45999 | AK26: 45999 | AO26: 45999 | AV26: ・ | AW26: ・ | AY26: ・ | AZ26: 000393963 | BA26: 設計設備 | BD26: 11 | BE26: =I26 -> VU-LD091 | BF26: =K26 -> 46028 | BG26: =A26 -> 21335 | BH26: =COUNTA(S26:AA26) -> 4 | BI26: =COUNTA(AB26:AO26) -> 4
A27: 21336 | H27: 3526 | I27: VU-LD091 | J27: 46013 | K27: 46030 | L27: 46030 | M27: VV-26782 | N27: 46029 | O27: 46014 | P27: 46027 | Q27: 46030 | S27: 45999 | T27: 45999 | W27: 45999 | AA27: 45999 | AC27: 45999 | AG27: 45999 | AK27: 45999 | AO27: 45999 | AV27: ・ | AW27: ・ | AY27: ・ | AZ27: 000393965 | BA27: JREM | BD27: 11 | BE27: =I27 -> VU-LD091 | BF27: =K27 -> 46030 | BG27: =A27 -> 21336 | BH27: =COUNTA(S27:AA27) -> 4 | BI27: =COUNTA(AB27:AO27) -> 4
A28: 21337 | H28: 3527 | I28: VU-LD091 | J28: 46013 | K28: 46030 | L28: 46030 | M28: VV-26783 | N28: 46029 | O28: 46015 | P28: 46027 | Q28: 46030 | S28: 45999 | T28: 45999 | W28: 45999 | AA28: 45999 | AC28: 46013 | AG28: 46013 | AK28: 46013 | AO28: 46013 | AV28: ・ | AW28: ・ | AY28: ・ | AZ28: 000393967 | BA28: JREM | BD28: 11 | BE28: =I28 -> VU-LD091 | BF28: =K28 -> 46030 | BG28: =A28 -> 21337 | BH28: =COUNTA(S28:AA28) -> 4 | BI28: =COUNTA(AB28:AO28) -> 4
A29: 21338 | H29: 3528 | I29: VU-LD091 | J29: 46014 | K29: 46031 | L29: 46031 | M29: VV-26786 | N29: 46030 | O29: 46015 | P29: 46028 | Q29: 46031 | S29: 45999 | T29: 45999 | W29: 45999 | AA29: 45999 | AC29: 46013 | AG29: 46013 | AK29: 46013 | AO29: 46013 | AV29: ・ | AW29: ・ | AY29: ・ | AZ29: 000371187 | BA29: JREM | BD29: 11 | BE29: =I29 -> VU-LD091 | BF29: =K29 -> 46031 | BG29: =A29 -> 21338 | BH29: =COUNTA(S29:AA29) -> 4 | BI29: =COUNTA(AB29:AO29) -> 4
A30: 21339 | H30: 3529 | I30: VU-LD091 | J30: 46014 | K30: 46031 | L30: 46031 | M30: VV-26787 | N30: 46030 | O30: 46016 | P30: 46028 | Q30: 46031 | S30: 45999 | T30: 45999 | W30: 45999 | AA30: 45999 | AC30: 46013 | AG30: 46013 | AK30: 46013 | AO30: 46013 | AV30: ・ | AW30: ・ | AY30: ・ | AZ30: 000393964 | BA30: JREM | BD30: 11 | BE30: =I30 -> VU-LD091 | BF30: =K30 -> 46031 | BG30: =A30 -> 21339 | BH30: =COUNTA(S30:AA30) -> 4 | BI30: =COUNTA(AB30:AO30) -> 4
A31: 21340 | H31: 3530 | I31: VU-LD091 | J31: 46015 | K31: 46035 | L31: 46035 | M31: VV-26790 | N31: 46030 | O31: 46016 | P31: 46029 | Q31: 46035 | S31: 45999 | T31: 45999 | W31: 45999 | AA31: 45999 | AC31: 46013 | AG31: 46013 | AK31: 46013 | AO31: 46013 | AV31: ・ | AW31: ・ | AY31: ・ | AZ31: 000375150 | BA31: JREM | BC31: 仮品番 | BD31: 11 | BE31: =I31 -> VU-LD091 | BF31: =K31 -> 46035 | BG31: =A31 -> 21340 | BH31: =COUNTA(S31:AA31) -> 4 | BI31: =COUNTA(AB31:AO31) -> 4
A32: 21341 | H32: 3531 | I32: VU-LD091 | J32: 46015 | K32: 46035 | L32: 46035 | M32: VV-26791 | N32: 46030 | O32: 46017 | P32: 46029 | Q32: 46035 | S32: 46013 | T32: 46013 | W32: 46013 | AA32: 46013 | AC32: 46013 | AG32: 46013 | AK32: 46013 | AO32: 46013 | AV32: ・ | AW32: ・ | AY32: ・ | AZ32: 000393966 | BA32: JREM | BD32: 11 | BE32: =I32 -> VU-LD091 | BF32: =K32 -> 46035 | BG32: =A32 -> 21341 | BH32: =COUNTA(S32:AA32) -> 4 | BI32: =COUNTA(AB32:AO32) -> 4
A33: 21342 | E33: 8206 | I33: VU-LB106 | J33: 46016 | K33: 46036 | L33: 46036 | M33: VV-26794 | N33: 46031 | O33: 46017 | P33: 46030 | Q33: 46036 | S33: 46013 | T33: 46013 | W33: 46013 | Y33: 46013 | AC33: 46013 | AE33: 46013 | AH33: 46013 | AL33: 46013 | AS33: ・ | AW33: ・ | AY33: ・ | AZ33: 000381125 | BA33: 南海 | BB33: 七道 | BD33: 11 | BE33: =I33 -> VU-LB106 | BF33: =K33 -> 46036 | BG33: =A33 -> 21342 | BH33: =COUNTA(S33:AA33) -> 4 | BI33: =COUNTA(AB33:AO33) -> 4
A34: 21343 | E34: 8207 | I34: VU-LA004 | J34: 46017 | K34: 46037 | L34: 46037 | M34: MC-51868 | N34: 46031 | O34: 46027 | P34: 46031 | Q34: 46037 | S34: 46013 | T34: 46013 | W34: 46013 | Y34: 46013 | AD34: 46013 | AE34: 46013 | AH34: 46013 | AL34: 46013 | AS34: ・ | AW34: ・ | AY34: ・ | AZ34: 000371238 | BA34: M社（Ｎ） | BC34: VU-LA004 | BD34: 11 | BE34: =I34 -> VU-LA004 | BF34: =K34 -> 46037 | BG34: =A34 -> 21343 | BH34: =COUNTA(S34:AA34) -> 4 | BI34: =COUNTA(AB34:AO34) -> 4
A35: 21344 | E35: 8208 | I35: VU-LA004 | J35: 46017 | K35: 46037 | L35: 46037 | M35: MC-51869 | N35: 46031 | O35: 46027 | P35: 46031 | Q35: 46037 | S35: 46013 | T35: 46013 | W35: 46013 | Y35: 46013 | AD35: 46013 | AE35: 46013 | AH35: 46013 | AL35: 46013 | AS35: ・ | AW35: ・ | AY35: ・ | AZ35: 000394016 | BA35: M社（Ｎ） | BC35: VU-LA004 | BD35: 11 | BE35: =I35 -> VU-LA004 | BF35: =K35 -> 46037 | BG35: =A35 -> 21344 | BH35: =COUNTA(S35:AA35) -> 4 | BI35: =COUNTA(AB35:AO35) -> 4
A36: 21345 | B36: 3219 | I36: VU-LA007 | J36: 46017 | K36: 46037 | L36: 46037 | M36: MC-51870 | N36: 46031 | O36: 46027 | P36: 46031 | Q36: 46037 | S36: 46013 | T36: 46013 | W36: 46013 | Y36: 46013 | AD36: 46013 | AE36: 46013 | AH36: 46013 | AL36: 46013 | AP36: ・ | AX36: ・ | AY36: ・ | AZ36: 000384916 | BA36: N社（Ｎ） | BC36: VU-LA007 | BD36: 11 | BE36: =I36 -> VU-LA007 | BF36: =K36 -> 46037 | BG36: =A36 -> 21345 | BH36: =COUNTA(S36:AA36) -> 4 | BI36: =COUNTA(AB36:AO36) -> 4
A37: 21346 | E37: 8209 | I37: VU-LB106 | J37: 46017 | K37: 46037 | L37: 46037 | M37: VV-26797 | N37: 46035 | O37: 46028 | P37: 46031 | Q37: 46037 | S37: 46013 | T37: 46013 | W37: 46013 | Y37: 46013 | AC37: 46013 | AE37: 46013 | AH37: 46013 | AL37: 46013 | AS37: ・ | AW37: ・ | AY37: ・ | AZ37: 000381128 | BA37: 南海 | BB37: 湊 | BD37: 11 | BE37: =I37 -> VU-LB106 | BF37: =K37 -> 46037 | BG37: =A37 -> 21346 | BH37: =COUNTA(S37:AA37) -> 4 | BI37: =COUNTA(AB37:AO37) -> 4
A38: 21347 | E38: 8210 | I38: VU-LA004 | J38: 46027 | K38: 46038 | L38: 46038 | M38: MC-51875 | N38: 46035 | O38: 46028 | P38: 46035 | Q38: 46038 | S38: 46013 | T38: 46013 | W38: 46013 | Y38: 46013 | AD38: 46013 | AE38: 46013 | AH38: 46013 | AL38: 46013 | AS38: ・ | AW38: ・ | AY38: ・ | AZ38: 000394018 | BA38: M社（Ｎ） | BC38: VU-LA004 | BD38: 11 | BE38: =I38 -> VU-LA004 | BF38: =K38 -> 46038 | BG38: =A38 -> 21347 | BH38: =COUNTA(S38:AA38) -> 4 | BI38: =COUNTA(AB38:AO38) -> 4
A39: 21348 | E39: 8211 | I39: VU-LA004 | J39: 46027 | K39: 46038 | L39: 46038 | M39: MC-51876 | N39: 46035 | O39: 46028 | P39: 46035 | Q39: 46038 | S39: 46013 | T39: 46013 | W39: 46013 | Y39: 46013 | AD39: 46013 | AE39: 46013 | AH39: 46013 | AL39: 46013 | AS39: ・ | AW39: ・ | AY39: ・ | AZ39: 000394020 | BA39: M社（Ｎ） | BC39: VU-LA004 | BD39: 11 | BE39: =I39 -> VU-LA004 | BF39: =K39 -> 46038 | BG39: =A39 -> 21348 | BH39: =COUNTA(S39:AA39) -> 4 | BI39: =COUNTA(AB39:AO39) -> 4
A40: 21349 | E40: 8212 | I40: VU-LA004 | J40: 46027 | K40: 46038 | L40: 46038 | M40: MC-51877 | N40: 46036 | O40: 46029 | P40: 46035 | Q40: 46038 | S40: 46013 | T40: 46013 | W40: 46013 | Y40: 46013 | AD40: 46013 | AE40: 46013 | AH40: 46013 | AL40: 46013 | AS40: ・ | AW40: ・ | AY40: ・ | AZ40: 000394022 | BA40: M社（Ｎ） | BC40: VU-LA004 | BD40: 11 | BE40: =I40 -> VU-LA004 | BF40: =K40 -> 46038 | BG40: =A40 -> 21349 | BH40: =COUNTA(S40:AA40) -> 4 | BI40: =COUNTA(AB40:AO40) -> 4
A41: 21350 | E41: 8213 | I41: VU-LA004 | J41: 46027 | K41: 46038 | L41: 46038 | M41: MC-51878 | N41: 46036 | O41: 46029 | P41: 46035 | Q41: 46038 | S41: 46013 | T41: 46013 | W41: 46013 | Y41: 46013 | AD41: 46013 | AE41: 46013 | AH41: 46013 | AL41: 46013 | AS41: ・ | AW41: ・ | AY41: ・ | AZ41: 000394024 | BA41: M社（Ｎ） | BC41: VU-LA004 | BD41: 11 | BE41: =I41 -> VU-LA004 | BF41: =K41 -> 46038 | BG41: =A41 -> 21350 | BH41: =COUNTA(S41:AA41) -> 4 | BI41: =COUNTA(AB41:AO41) -> 4
A42: 21351 | F42: 1253 | I42: VU-LB112 | J42: 46027 | K42: 46038 | L42: 46038 | M42: VV-26801 | N42: 46036 | O42: 46029 | P42: 46035 | Q42: 46038 | S42: 46013 | T42: 46013 | W42: 46013 | Z42: 46013 | AC42: 46013 | AE42: 46013 | AH42: 46013 | AL42: 46013 | AT42: ・ | AW42: ・ | AY42: ・ | AZ42: 000380740 | BA42: JR西 | BB42: 摩耶 | BD42: 11 | BE42: =I42 -> VU-LB112 | BF42: =K42 -> 46038 | BG42: =A42 -> 21351 | BH42: =COUNTA(S42:AA42) -> 4 | BI42: =COUNTA(AB42:AO42) -> 4
A43: 21352 | E43: 8214 | I43: VU-LA004 | J43: 46028 | K43: 46041 | L43: 46041 | M43: MC-51883 | N43: 46037 | O43: 46030 | P43: 46037 | Q43: 46041 | S43: 46013 | T43: 46013 | W43: 46013 | Y43: 46013 | AD43: 46013 | AE43: 46013 | AH43: 46013 | AL43: 46013 | AS43: ・ | AW43: ・ | AY43: ・ | AZ43: 000394013 | BA43: M社（Ｎ） | BC43: VU-LA004 | BD43: 11 | BE43: =I43 -> VU-LA004 | BF43: =K43 -> 46041 | BG43: =A43 -> 21352 | BH43: =COUNTA(S43:AA43) -> 4 | BI43: =COUNTA(AB43:AO43) -> 4
A44: 21353 | E44: 8215 | I44: VU-LA004 | J44: 46028 | K44: 46041 | L44: 46041 | M44: MC-51884 | N44: 46037 | O44: 46030 | P44: 46037 | Q44: 46041 | S44: 46013 | T44: 46013 | W44: 46013 | Y44: 46013 | AD44: 46013 | AE44: 46013 | AH44: 46013 | AL44: 46013 | AS44: ・ | AW44: ・ | AY44: ・ | AZ44: 000394015 | BA44: M社（Ｎ） | BC44: VU-LA004 | BD44: 11 | BE44: =I44 -> VU-LA004 | BF44: =K44 -> 46041 | BG44: =A44 -> 21353 | BH44: =COUNTA(S44:AA44) -> 4 | BI44: =COUNTA(AB44:AO44) -> 4
A45: 21354 | E45: 8216 | I45: VU-LA004 | J45: 46028 | K45: 46041 | L45: 46041 | M45: MC-51885 | N45: 46037 | O45: 46030 | P45: 46037 | Q45: 46041 | S45: 46013 | T45: 46013 | W45: 46013 | Y45: 46013 | AD45: 46013 | AE45: 46013 | AH45: 46013 | AL45: 46013 | AS45: ・ | AW45: ・ | AY45: ・ | AZ45: 000394025 | BA45: M社（Ｎ） | BC45: VU-LA004 | BD45: 11 | BE45: =I45 -> VU-LA004 | BF45: =K45 -> 46041 | BG45: =A45 -> 21354 | BH45: =COUNTA(S45:AA45) -> 4 | BI45: =COUNTA(AB45:AO45) -> 4
A46: 21355 | E46: 8217 | I46: VU-LA004 | J46: 46028 | K46: 46041 | L46: 46041 | M46: MC-51886 | N46: 46038 | O46: 46031 | P46: 46037 | Q46: 46041 | S46: 46013 | T46: 46013 | W46: 46013 | Y46: 46013 | AD46: 46013 | AE46: 46013 | AH46: 46013 | AL46: 46013 | AS46: ・ | AW46: ・ | AY46: ・ | AZ46: 000394026 | BA46: M社（Ｎ） | BC46: VU-LA004 | BD46: 11 | BE46: =I46 -> VU-LA004 | BF46: =K46 -> 46041 | BG46: =A46 -> 21355 | BH46: =COUNTA(S46:AA46) -> 4 | BI46: =COUNTA(AB46:AO46) -> 4
A47: 21356 | E47: 8218 | I47: VU-LB106 | J47: 46028 | K47: 46041 | L47: 46041 | M47: VV-26806 | N47: 46038 | O47: 46031 | P47: 46037 | Q47: 46041 | S47: 46013 | T47: 46013 | W47: 46013 | Y47: 46013 | AC47: 46013 | AE47: 46013 | AH47: 46013 | AL47: 46013 | AS47: ・ | AW47: ・ | AY47: ・ | AZ47: 000385410 | BA47: 南海 | BB47: 春木 | BC47: 東 | BD47: 11 | BE47: =I47 -> VU-LB106 | BF47: =K47 -> 46041 | BG47: =A47 -> 21356 | BH47: =COUNTA(S47:AA47) -> 4 | BI47: =COUNTA(AB47:AO47) -> 4
A48: 21357 | E48: 8219 | I48: VU-LA004 | J48: 46029 | K48: 46042 | L48: 46042 | M48: MC-51891 | N48: 46038 | O48: 46031 | P48: 46038 | Q48: 46042 | S48: 46013 | T48: 46013 | W48: 46013 | Y48: 46013 | AD48: 46035 | AE48: 46013 | AH48: 46013 | AL48: 46013 | AS48: ・ | AW48: ・ | AY48: ・ | AZ48: 000394014 | BA48: M社（Ｎ） | BC48: VU-LA004 | BD48: 11 | BE48: =I48 -> VU-LA004 | BF48: =K48 -> 46042 | BG48: =A48 -> 21357 | BH48: =COUNTA(S48:AA48) -> 4 | BI48: =COUNTA(AB48:AO48) -> 4
A49: 21358 | E49: 8220 | I49: VU-LA004 | J49: 46029 | K49: 46042 | L49: 46042 | M49: MC-51892 | N49: 46039 | O49: 46035 | P49: 46038 | Q49: 46042 | S49: 46013 | T49: 46013 | W49: 46013 | Y49: 46013 | AD49: 46035 | AE49: 46035 | AH49: 46035 | AL49: 46035 | AS49: ・ | AW49: ・ | AY49: ・ | AZ49: 000394017 | BA49: M社（Ｎ） | BC49: VU-LA004 | BD49: 11 | BE49: =I49 -> VU-LA004 | BF49: =K49 -> 46042 | BG49: =A49 -> 21358 | BH49: =COUNTA(S49:AA49) -> 4 | BI49: =COUNTA(AB49:AO49) -> 4
A50: 21359 | E50: 8221 | I50: VU-LA004 | J50: 46029 | K50: 46042 | L50: 46042 | M50: MC-51893 | N50: 46039 | O50: 46035 | P50: 46038 | Q50: 46042 | S50: 46013 | T50: 46013 | W50: 46013 | Y50: 46013 | AD50: 46035 | AE50: 46035 | AH50: 46035 | AL50: 46035 | AS50: ・ | AW50: ・ | AY50: ・ | AZ50: 000394023 | BA50: M社（Ｎ） | BC50: VU-LA004 | BD50: 11 | BE50: =I50 -> VU-LA004 | BF50: =K50 -> 46042 | BG50: =A50 -> 21359 | BH50: =COUNTA(S50:AA50) -> 4 | BI50: =COUNTA(AB50:AO50) -> 4
A51: 21360 | E51: 8222 | I51: VU-LA004 | J51: 46029 | K51: 46042 | L51: 46042 | M51: MC-51894 | N51: 46039 | O51: 46035 | P51: 46038 | Q51: 46042 | S51: 46013 | T51: 46013 | W51: 46013 | Y51: 46013 | AD51: 46035 | AE51: 46035 | AH51: 46035 | AL51: 46035 | AS51: ・ | AW51: ・ | AY51: ・ | AZ51: 000394027 | BA51: M社（Ｎ） | BC51: VU-LA004 | BD51: 11 | BE51: =I51 -> VU-LA004 | BF51: =K51 -> 46042 | BG51: =A51 -> 21360 | BH51: =COUNTA(S51:AA51) -> 4 | BI51: =COUNTA(AB51:AO51) -> 4
A52: 21361 | E52: 8223 | I52: VU-LB106 | J52: 46029 | K52: 46042 | L52: 46042 | M52: VV-26809 | N52: 46041 | O52: 46036 | P52: 46038 | Q52: 46042 | S52: 46013 | T52: 46013 | W52: 46013 | Y52: 46013 | AC52: 46013 | AE52: 46035 | AH52: 46035 | AL52: 46035 | AS52: ・ | AW52: ・ | AY52: ・ | AZ52: 000385411 | BA52: 南海 | BB52: 貝塚 | BC52: 東 | BD52: 11 | BE52: =I52 -> VU-LB106 | BF52: =K52 -> 46042 | BG52: =A52 -> 21361 | BH52: =COUNTA(S52:AA52) -> 4 | BI52: =COUNTA(AB52:AO52) -> 4
A53: 21362 | E53: 8224 | I53: VU-LB106 | J53: 46029 | K53: 46042 | L53: 46042 | M53: VV-26810 | N53: 46041 | O53: 46036 | P53: 46038 | Q53: 46042 | S53: 46013 | T53: 46013 | W53: 46013 | Y53: 46013 | AC53: 46035 | AE53: 46035 | AH53: 46035 | AL53: 46035 | AS53: ・ | AW53: ・ | AY53: ・ | AZ53: 000385416 | BA53: 南海 | BB53: 初芝 | BD53: 11 | BE53: =I53 -> VU-LB106 | BF53: =K53 -> 46042 | BG53: =A53 -> 21362 | BH53: =COUNTA(S53:AA53) -> 4 | BI53: =COUNTA(AB53:AO53) -> 4
A54: 21363 | E54: 8225 | I54: VU-LA004 | J54: 46030 | K54: 46043 | L54: 46043 | M54: MC-51900 | N54: 46041 | O54: 46036 | P54: 46039 | Q54: 46043 | S54: 46013 | T54: 46013 | W54: 46013 | Y54: 46013 | AD54: 46035 | AE54: 46035 | AH54: 46035 | AL54: 46035 | AS54: ・ | AW54: ・ | AY54: ・ | AZ54: 000394019 | BA54: M社（Ｎ） | BC54: VU-LA004 | BD54: 11 | BE54: =I54 -> VU-LA004 | BF54: =K54 -> 46043 | BG54: =A54 -> 21363 | BH54: =COUNTA(S54:AA54) -> 4 | BI54: =COUNTA(AB54:AO54) -> 4
A55: 21364 | E55: 8226 | I55: VU-LA004 | J55: 46030 | K55: 46043 | L55: 46043 | M55: MC-51901 | N55: 46042 | O55: 46037 | P55: 46039 | Q55: 46043 | S55: 46013 | T55: 46013 | W55: 46013 | Y55: 46013 | AD55: 46035 | AE55: 46035 | AH55: 46035 | AL55: 46035 | AS55: ・ | AW55: ・ | AY55: ・ | AZ55: 000394021 | BA55: M社（Ｎ） | BC55: VU-LA004 | BD55: 11 | BE55: =I55 -> VU-LA004 | BF55: =K55 -> 46043 | BG55: =A55 -> 21364 | BH55: =COUNTA(S55:AA55) -> 4 | BI55: =COUNTA(AB55:AO55) -> 4
A56: 21365 | E56: 8227 | I56: VU-LB106 | J56: 46030 | K56: 46043 | L56: 46043 | M56: VV-26813 | N56: 46042 | O56: 46037 | P56: 46039 | Q56: 46043 | S56: 46013 | T56: 46013 | W56: 46013 | Y56: 46013 | AC56: 46035 | AE56: 46035 | AH56: 46035 | AL56: 46035 | AS56: ・ | AW56: ・ | AY56: ・ | AZ56: 000385413 | BA56: 南海 | BB56: 沢ノ町 | BC56: 西 | BD56: 11 | BE56: =I56 -> VU-LB106 | BF56: =K56 -> 46043 | BG56: =A56 -> 21365 | BH56: =COUNTA(S56:AA56) -> 4 | BI56: =COUNTA(AB56:AO56) -> 4
A57: 21366 | E57: 8228 | I57: VU-LB106 | J57: 46030 | K57: 46043 | L57: 46043 | M57: VV-26814 | N57: 46042 | O57: 46037 | P57: 46039 | Q57: 46043 | S57: 46013 | T57: 46013 | W57: 46013 | Y57: 46013 | AC57: 46035 | AE57: 46035 | AH57: 46035 | AL57: 46035 | AS57: ・ | AW57: ・ | AY57: ・ | AZ57: 000385414 | BA57: 南海 | BB57: 百舌鳥八幡 | BC57: 西 | BD57: 11 | BE57: =I57 -> VU-LB106 | BF57: =K57 -> 46043 | BG57: =A57 -> 21366 | BH57: =COUNTA(S57:AA57) -> 4 | BI57: =COUNTA(AB57:AO57) -> 4
A58: 21367 | E58: 8229 | I58: VU-LB106 | J58: 46031 | K58: 46044 | L58: 46044 | M58: VV-26817 | N58: 46043 | O58: 46038 | P58: 46041 | Q58: 46044 | S58: 46035 | T58: 46035 | W58: 46035 | Y58: 46035 | AC58: 46035 | AE58: 46035 | AH58: 46035 | AL58: 46035 | AS58: ・ | AW58: ・ | AY58: ・ | AZ58: 000385412 | BA58: 南海 | BB58: 羽倉崎 | BC58: 東 | BD58: 11 | BE58: =I58 -> VU-LB106 | BF58: =K58 -> 46044 | BG58: =A58 -> 21367 | BH58: =COUNTA(S58:AA58) -> 4 | BI58: =COUNTA(AB58:AO58) -> 4
J59: 46010 | K59: 46044 | L59: 46044 | M59: MB-08182 | O59: =INDEX([5]光真稼働日早見表!$M:$M,MATCH($Q59,[5]光真稼働日早見表!$Q:$Q,0),1) -> 46039 | Q59: 46044 | R59: M | S59: 46035 | AZ59: 000394355 | BA59: JRMS | BB59: LAA101(1/1) | BC59: （25/11/10DB公開） | BD59: =COUNTA(S59:AY59) -> 1 | BE59: =I59 -> 0 | BF59: =K59 -> 46044 | BG59: =A59 -> 0 | BH59: =COUNTA(S59:AA59) -> 1 | BI59: =COUNTA(AB59:AO59) -> 0 | BJ59: LAA101
J60: 46001 | K60: 46044 | L60: 46044 | M60: MB-08151 | O60: =INDEX([5]光真稼働日早見表!$M:$M,MATCH($Q60,[5]光真稼働日早見表!$Q:$Q,0),1) -> 46039 | Q60: 46044 | R60: M | S60: 46035 | AZ60: 000395943 | BA60: OFET | BB60: LAA101(1/18) | BC60: （11/5林ひ様情報） | BD60: =COUNTA(S60:AY60) -> 1 | BE60: =I60 -> 0 | BF60: =K60 -> 46044 | BG60: =A60 -> 0 | BH60: =COUNTA(S60:AA60) -> 1 | BI60: =COUNTA(AB60:AO60) -> 0 | BJ60: LAA101
J61: 46001 | K61: 46044 | L61: 46044 | M61: MB-08151 | O61: =INDEX([5]光真稼働日早見表!$M:$M,MATCH($Q61,[5]光真稼働日早見表!$Q:$Q,0),1) -> 46039 | Q61: 46044 | R61: M | S61: 46035 | AZ61: 000395943 | BA61: OFET | BB61: LAA101(2/18) | BC61: （11/5林ひ様情報） | BD61: =COUNTA(S61:AY61) -> 1 | BE61: =I61 -> 0 | BF61: =K61 -> 46044 | BG61: =A61 -> 0 | BH61: =COUNTA(S61:AA61) -> 1 | BI61: =COUNTA(AB61:AO61) -> 0 | BJ61: LAA101
J62: 46001 | K62: 46044 | L62: 46044 | M62: MB-08151 | O62: =INDEX([5]光真稼働日早見表!$M:$M,MATCH($Q62,[5]光真稼働日早見表!$Q:$Q,0),1) -> 46039 | Q62: 46044 | R62: M | S62: 46035 | AZ62: 000395943 | BA62: OFET | BB62: LAA101(3/18) | BC62: （11/5林ひ様情報） | BD62: =COUNTA(S62:AY62) -> 1 | BE62: =I62 -> 0 | BF62: =K62 -> 46044 | BG62: =A62 -> 0 | BH62: =COUNTA(S62:AA62) -> 1 | BI62: =COUNTA(AB62:AO62) -> 0 | BJ62: LAA101
J63: 46001 | K63: 46044 | L63: 46044 | M63: MB-08151 | O63: =INDEX([5]光真稼働日早見表!$M:$M,MATCH($Q63,[5]光真稼働日早見表!$Q:$Q,0),1) -> 46039 | Q63: 46044 | R63: M | S63: 46035 | AZ63: 000395943 | BA63: OFET | BB63: LAA101(4/18) | BC63: （11/5林ひ様情報） | BD63: =COUNTA(S63:AY63) -> 1 | BE63: =I63 -> 0 | BF63: =K63 -> 46044 | BG63: =A63 -> 0 | BH63: =COUNTA(S63:AA63) -> 1 | BI63: =COUNTA(AB63:AO63) -> 0 | BJ63: LAA101
J64: 46001 | K64: 46044 | L64: 46044 | M64: MB-08151 | O64: =INDEX([5]光真稼働日早見表!$M:$M,MATCH($Q64,[5]光真稼働日早見表!$Q:$Q,0),1) -> 46039 | Q64: 46044 | R64: M | S64: 46035 | AZ64: 000395943 | BA64: OFET | BB64: LAA101(5/18) | BC64: （11/5林ひ様情報） | BD64: =COUNTA(S64:AY64) -> 1 | BE64: =I64 -> 0 | BF64: =K64 -> 46044 | BG64: =A64 -> 0 | BH64: =COUNTA(S64:AA64) -> 1 | BI64: =COUNTA(AB64:AO64) -> 0 | BJ64: LAA101
J65: 46001 | K65: 46044 | L65: 46044 | M65: MB-08150 | O65: =INDEX([5]光真稼働日早見表!$M:$M,MATCH($Q65,[5]光真稼働日早見表!$Q:$Q,0),1) -> 46039 | Q65: 46044 | R65: M | W65: 46035 | AZ65: 000395944 | BA65: OFET | BB65: LAG001(1/18) | BC65: （11/5林ひ様情報） | BD65: =COUNTA(S65:AY65) -> 1 | BE65: =I65 -> 0 | BF65: =K65 -> 46044 | BG65: =A65 -> 0 | BH65: =COUNTA(S65:AA65) -> 1 | BI65: =COUNTA(AB65:AO65) -> 0 | BJ65: LAG001
J66: 46001 | K66: 46044 | L66: 46044 | M66: MB-08150 | O66: =INDEX([5]光真稼働日早見表!$M:$M,MATCH($Q66,[5]光真稼働日早見表!$Q:$Q,0),1) -> 46039 | Q66: 46044 | R66: M | W66: 46035 | AZ66: 000395944 | BA66: OFET | BB66: LAG001(2/18) | BC66: （11/5林ひ様情報） | BD66: =COUNTA(S66:AY66) -> 1 | BE66: =I66 -> 0 | BF66: =K66 -> 46044 | BG66: =A66 -> 0 | BH66: =COUNTA(S66:AA66) -> 1 | BI66: =COUNTA(AB66:AO66) -> 0 | BJ66: LAG001
J67: 46001 | K67: 46044 | L67: 46044 | M67: MB-08150 | O67: =INDEX([5]光真稼働日早見表!$M:$M,MATCH($Q67,[5]光真稼働日早見表!$Q:$Q,0),1) -> 46039 | Q67: 46044 | R67: M | W67: 46035 | AZ67: 000395944 | BA67: OFET | BB67: LAG001(3/18) | BC67: （11/5林ひ様情報） | BD67: =COUNTA(S67:AY67) -> 1 | BE67: =I67 -> 0 | BF67: =K67 -> 46044 | BG67: =A67 -> 0 | BH67: =COUNTA(S67:AA67) -> 1 | BI67: =COUNTA(AB67:AO67) -> 0 | BJ67: LAG001
J68: 46001 | K68: 46044 | L68: 46044 | M68: MB-08150 | O68: =INDEX([5]光真稼働日早見表!$M:$M,MATCH($Q68,[5]光真稼働日早見表!$Q:$Q,0),1) -> 46039 | Q68: 46044 | R68: M | W68: 46035 | AZ68: 000395944 | BA68: OFET | BB68: LAG001(4/18) | BC68: （11/5林ひ様情報） | BD68: =COUNTA(S68:AY68) -> 1 | BE68: =I68 -> 0 | BF68: =K68 -> 46044 | BG68: =A68 -> 0 | BH68: =COUNTA(S68:AA68) -> 1 | BI68: =COUNTA(AB68:AO68) -> 0 | BJ68: LAG001
J69: 46001 | K69: 46044 | L69: 46044 | M69: MB-08150 | O69: =INDEX([5]光真稼働日早見表!$M:$M,MATCH($Q69,[5]光真稼働日早見表!$Q:$Q,0),1) -> 46039 | Q69: 46044 | R69: M | W69: 46035 | AZ69: 000395944 | BA69: OFET | BB69: LAG001(5/18) | BC69: （11/5林ひ様情報） | BD69: =COUNTA(S69:AY69) -> 1 | BE69: =I69 -> 0 | BF69: =K69 -> 46044 | BG69: =A69 -> 0 | BH69: =COUNTA(S69:AA69) -> 1 | BI69: =COUNTA(AB69:AO69) -> 0 | BJ69: LAG001
J70: 46001 | K70: 46044 | L70: 46044 | M70: MB-08149 | O70: =INDEX([5]光真稼働日早見表!$M:$M,MATCH($Q70,[5]光真稼働日早見表!$Q:$Q,0),1) -> 46039 | Q70: 46044 | R70: M | Y70: 46035 | AZ70: 000395936 | BA70: OFET | BB70: LAE101(1/2) | BC70: （11/5林ひ様情報） | BD70: =COUNTA(S70:AY70) -> 1 | BE70: =I70 -> 0 | BF70: =K70 -> 46044 | BG70: =A70 -> 0 | BH70: =COUNTA(S70:AA70) -> 1 | BI70: =COUNTA(AB70:AO70) -> 0 | BJ70: LAE101
J71: 46001 | K71: 46044 | L71: 46044 | M71: MB-08149 | O71: =INDEX([5]光真稼働日早見表!$M:$M,MATCH($Q71,[5]光真稼働日早見表!$Q:$Q,0),1) -> 46039 | Q71: 46044 | R71: M | Y71: 46035 | AZ71: 000395936 | BA71: OFET | BB71: LAE101(2/2) | BC71: （11/5林ひ様情報） | BD71: =COUNTA(S71:AY71) -> 1 | BE71: =I71 -> 0 | BF71: =K71 -> 46044 | BG71: =A71 -> 0 | BH71: =COUNTA(S71:AA71) -> 1 | BI71: =COUNTA(AB71:AO71) -> 0 | BJ71: LAE101
J72: 46001 | K72: 46044 | L72: 46044 | M72: MB-08152 | P72: =INDEX([5]光真稼働日早見表!$N:$N,MATCH($Q72,[5]光真稼働日早見表!$Q:$Q,0),1) -> 46041 | Q72: 46044 | R72: M | AB72: 46035 | AZ72: 000395964 | BA72: OFET | BB72: LBL001(1/5) | BC72: （11/5林ひ様情報） | BD72: =COUNTA(S72:AY72) -> 1 | BE72: =I72 -> 0 | BF72: =K72 -> 46044 | BG72: =A72 -> 0 | BH72: =COUNTA(S72:AA72) -> 0 | BI72: =COUNTA(AB72:AO72) -> 1 | BJ72: LBL001
J73: 46001 | K73: 46044 | L73: 46044 | M73: MB-08152 | P73: =INDEX([5]光真稼働日早見表!$N:$N,MATCH($Q73,[5]光真稼働日早見表!$Q:$Q,0),1) -> 46041 | Q73: 46044 | R73: M | AB73: 46035 | AZ73: 000395964 | BA73: OFET | BB73: LBL001(2/5) | BC73: （11/5林ひ様情報） | BD73: =COUNTA(S73:AY73) -> 1 | BE73: =I73 -> 0 | BF73: =K73 -> 46044 | BG73: =A73 -> 0 | BH73: =COUNTA(S73:AA73) -> 0 | BI73: =COUNTA(AB73:AO73) -> 1 | BJ73: LBL001
J74: 46001 | K74: 46044 | L74: 46044 | M74: MB-08152 | P74: =INDEX([5]光真稼働日早見表!$N:$N,MATCH($Q74,[5]光真稼働日早見表!$Q:$Q,0),1) -> 46041 | Q74: 46044 | R74: M | AB74: 46035 | AZ74: 000395964 | BA74: OFET | BB74: LBL001(3/5) | BC74: （11/5林ひ様情報） | BD74: =COUNTA(S74:AY74) -> 1 | BE74: =I74 -> 0 | BF74: =K74 -> 46044 | BG74: =A74 -> 0 | BH74: =COUNTA(S74:AA74) -> 0 | BI74: =COUNTA(AB74:AO74) -> 1 | BJ74: LBL001
J75: 46001 | K75: 46044 | L75: 46044 | M75: MB-08152 | P75: =INDEX([5]光真稼働日早見表!$N:$N,MATCH($Q75,[5]光真稼働日早見表!$Q:$Q,0),1) -> 46041 | Q75: 46044 | R75: M | AB75: 46035 | AZ75: 000395964 | BA75: OFET | BB75: LBL001(4/5) | BC75: （11/5林ひ様情報） | BD75: =COUNTA(S75:AY75) -> 1 | BE75: =I75 -> 0 | BF75: =K75 -> 46044 | BG75: =A75 -> 0 | BH75: =COUNTA(S75:AA75) -> 0 | BI75: =COUNTA(AB75:AO75) -> 1 | BJ75: LBL001
J76: 46001 | K76: 46044 | L76: 46044 | M76: MB-08152 | P76: =INDEX([5]光真稼働日早見表!$N:$N,MATCH($Q76,[5]光真稼働日早見表!$Q:$Q,0),1) -> 46041 | Q76: 46044 | R76: M | AB76: 46035 | AZ76: 000395964 | BA76: OFET | BB76: LBL001(5/5) | BC76: （11/5林ひ様情報） | BD76: =COUNTA(S76:AY76) -> 1 | BE76: =I76 -> 0 | BF76: =K76 -> 46044 | BG76: =A76 -> 0 | BH76: =COUNTA(S76:AA76) -> 0 | BI76: =COUNTA(AB76:AO76) -> 1 | BJ76: LBL001
J77: 46001 | K77: 46044 | L77: 46044 | M77: MB-08147 | P77: =INDEX([5]光真稼働日早見表!$N:$N,MATCH($Q77,[5]光真稼働日早見表!$Q:$Q,0),1) -> 46041 | Q77: 46044 | R77: M | AE77: 46035 | AZ77: 000395955 | BA77: OFET | BB77: LAN001(1/1) | BC77: （11/5林ひ様情報） | BD77: =COUNTA(S77:AY77) -> 1 | BE77: =I77 -> 0 | BF77: =K77 -> 46044 | BG77: =A77 -> 0 | BH77: =COUNTA(S77:AA77) -> 0 | BI77: =COUNTA(AB77:AO77) -> 1 | BJ77: LAN001
J78: 46001 | K78: 46044 | L78: 46044 | M78: MB-08145 | P78: =INDEX([5]光真稼働日早見表!$N:$N,MATCH($Q78,[5]光真稼働日早見表!$Q:$Q,0),1) -> 46041 | Q78: 46044 | R78: M | AH78: 46035 | AZ78: 000395949 | BA78: OFET | BB78: LAC001(1/1) | BC78: （11/5林ひ様情報） | BD78: =COUNTA(S78:AY78) -> 1 | BE78: =I78 -> 0 | BF78: =K78 -> 46044 | BG78: =A78 -> 0 | BH78: =COUNTA(S78:AA78) -> 0 | BI78: =COUNTA(AB78:AO78) -> 1 | BJ78: LAC001
J79: 46001 | K79: 46044 | L79: 46044 | M79: MB-08146 | P79: =INDEX([5]光真稼働日早見表!$N:$N,MATCH($Q79,[5]光真稼働日早見表!$Q:$Q,0),1) -> 46041 | Q79: 46044 | R79: M | AL79: 46035 | AZ79: 000395952 | BA79: OFET | BB79: LAD001(1/9) | BC79: （11/5林ひ様情報） | BD79: =COUNTA(S79:AY79) -> 1 | BE79: =I79 -> 0 | BF79: =K79 -> 46044 | BG79: =A79 -> 0 | BH79: =COUNTA(S79:AA79) -> 0 | BI79: =COUNTA(AB79:AO79) -> 1 | BJ79: LAD001
J80: 46001 | K80: 46044 | L80: 46044 | M80: MB-08146 | P80: =INDEX([5]光真稼働日早見表!$N:$N,MATCH($Q80,[5]光真稼働日早見表!$Q:$Q,0),1) -> 46041 | Q80: 46044 | R80: M | AL80: 46035 | AZ80: 000395952 | BA80: OFET | BB80: LAD001(2/9) | BC80: （11/5林ひ様情報） | BD80: =COUNTA(S80:AY80) -> 1 | BE80: =I80 -> 0 | BF80: =K80 -> 46044 | BG80: =A80 -> 0 | BH80: =COUNTA(S80:AA80) -> 0 | BI80: =COUNTA(AB80:AO80) -> 1 | BJ80: LAD001
J81: 46001 | K81: 46044 | L81: 46044 | M81: MB-08146 | P81: =INDEX([5]光真稼働日早見表!$N:$N,MATCH($Q81,[5]光真稼働日早見表!$Q:$Q,0),1) -> 46041 | Q81: 46044 | R81: M | AL81: 46035 | AZ81: 000395952 | BA81: OFET | BB81: LAD001(3/9) | BC81: （11/5林ひ様情報） | BD81: =COUNTA(S81:AY81) -> 1 | BE81: =I81 -> 0 | BF81: =K81 -> 46044 | BG81: =A81 -> 0 | BH81: =COUNTA(S81:AA81) -> 0 | BI81: =COUNTA(AB81:AO81) -> 1 | BJ81: LAD001
J82: 46001 | K82: 46044 | L82: 46044 | M82: MB-08146 | P82: =INDEX([5]光真稼働日早見表!$N:$N,MATCH($Q82,[5]光真稼働日早見表!$Q:$Q,0),1) -> 46041 | Q82: 46044 | R82: M | AL82: 46035 | AZ82: 000395952 | BA82: OFET | BB82: LAD001(4/9) | BC82: （11/5林ひ様情報） | BD82: =COUNTA(S82:AY82) -> 1 | BE82: =I82 -> 0 | BF82: =K82 -> 46044 | BG82: =A82 -> 0 | BH82: =COUNTA(S82:AA82) -> 0 | BI82: =COUNTA(AB82:AO82) -> 1 | BJ82: LAD001
J83: 46001 | K83: 46044 | L83: 46044 | M83: MB-08146 | P83: =INDEX([5]光真稼働日早見表!$N:$N,MATCH($Q83,[5]光真稼働日早見表!$Q:$Q,0),1) -> 46041 | Q83: 46044 | R83: M | AL83: 46035 | AZ83: 000395952 | BA83: OFET | BB83: LAD001(5/9) | BC83: （11/5林ひ様情報） | BD83: =COUNTA(S83:AY83) -> 1 | BE83: =I83 -> 0 | BF83: =K83 -> 46044 | BG83: =A83 -> 0 | BH83: =COUNTA(S83:AA83) -> 0 | BI83: =COUNTA(AB83:AO83) -> 1 | BJ83: LAD001
A84: 21368 | E84: 8230 | I84: VU-LB106 | J84: 46035 | K84: 46045 | L84: 46045 | M84: VV-26819 | N84: 46044 | O84: 46039 | P84: 46042 | Q84: 46045 | S84: 46035 | T84: 46035 | W84: 46035 | Y84: 46035 | AC84: 46035 | AE84: 46035 | AH84: 46035 | AL84: 46035 | AS84: ・ | AW84: ・ | AY84: ・ | AZ84: 000385415 | BA84: 南海 | BB84: 関西空港 | BD84: 11 | BE84: =I84 -> VU-LB106 | BF84: =K84 -> 46045 | BG84: =A84 -> 21368 | BH84: =COUNTA(S84:AA84) -> 4 | BI84: =COUNTA(AB84:AO84) -> 4
J85: 46001 | K85: 46045 | L85: 46045 | M85: MB-08156 | O85: =INDEX([5]光真稼働日早見表!$M:$M,MATCH($Q85,[5]光真稼働日早見表!$Q:$Q,0),1) -> 46041 | Q85: 46045 | R85: M | S85: 46035 | AZ85: 000396251 | BA85: OFET | BB85: LAA101(6/18) | BC85: （11/5林ひ様情報） | BD85: =COUNTA(S85:AY85) -> 1 | BE85: =I85 -> 0 | BF85: =K85 -> 46045 | BG85: =A85 -> 0 | BH85: =COUNTA(S85:AA85) -> 1 | BI85: =COUNTA(AB85:AO85) -> 0 | BJ85: LAA101
J86: 46001 | K86: 46045 | L86: 46045 | M86: MB-08156 | O86: =INDEX([5]光真稼働日早見表!$M:$M,MATCH($Q86,[5]光真稼働日早見表!$Q:$Q,0),1) -> 46041 | Q86: 46045 | R86: M | S86: 46035 | AZ86: 000396251 | BA86: OFET | BB86: LAA101(7/18) | BC86: （11/5林ひ様情報） | BD86: =COUNTA(S86:AY86) -> 1 | BE86: =I86 -> 0 | BF86: =K86 -> 46045 | BG86: =A86 -> 0 | BH86: =COUNTA(S86:AA86) -> 1 | BI86: =COUNTA(AB86:AO86) -> 0 | BJ86: LAA101
J87: 46001 | K87: 46045 | L87: 46045 | M87: MB-08156 | O87: =INDEX([5]光真稼働日早見表!$M:$M,MATCH($Q87,[5]光真稼働日早見表!$Q:$Q,0),1) -> 46041 | Q87: 46045 | R87: M | S87: 46035 | AZ87: 000396251 | BA87: OFET | BB87: LAA101(8/18) | BC87: （11/5林ひ様情報） | BD87: =COUNTA(S87:AY87) -> 1 | BE87: =I87 -> 0 | BF87: =K87 -> 46045 | BG87: =A87 -> 0 | BH87: =COUNTA(S87:AA87) -> 1 | BI87: =COUNTA(AB87:AO87) -> 0 | BJ87: LAA101
J88: 46001 | K88: 46045 | L88: 46045 | M88: MB-08156 | O88: =INDEX([5]光真稼働日早見表!$M:$M,MATCH($Q88,[5]光真稼働日早見表!$Q:$Q,0),1) -> 46041 | Q88: 46045 | R88: M | S88: 46035 | AZ88: 000396251 | BA88: OFET | BB88: LAA101(9/18) | BC88: （11/5林ひ様情報） | BD88: =COUNTA(S88:AY88) -> 1 | BE88: =I88 -> 0 | BF88: =K88 -> 46045 | BG88: =A88 -> 0 | BH88: =COUNTA(S88:AA88) -> 1 | BI88: =COUNTA(AB88:AO88) -> 0 | BJ88: LAA101
J89: 46001 | K89: 46045 | L89: 46045 | M89: MB-08156 | O89: =INDEX([5]光真稼働日早見表!$M:$M,MATCH($Q89,[5]光真稼働日早見表!$Q:$Q,0),1) -> 46041 | Q89: 46045 | R89: M | S89: 46035 | AZ89: 000396251 | BA89: OFET | BB89: LAA101(10/18) | BC89: （11/5林ひ様情報） | BD89: =COUNTA(S89:AY89) -> 1 | BE89: =I89 -> 0 | BF89: =K89 -> 46045 | BG89: =A89 -> 0 | BH89: =COUNTA(S89:AA89) -> 1 | BI89: =COUNTA(AB89:AO89) -> 0 | BJ89: LAA101
J90: 46001 | K90: 46045 | L90: 46045 | M90: MB-08155 | O90: =INDEX([5]光真稼働日早見表!$M:$M,MATCH($Q90,[5]光真稼働日早見表!$Q:$Q,0),1) -> 46041 | Q90: 46045 | R90: M | W90: 46035 | AZ90: 000396257 | BA90: OFET | BB90: LAG001(6/18) | BC90: （11/5林ひ様情報） | BD90: =COUNTA(S90:AY90) -> 1 | BE90: =I90 -> 0 | BF90: =K90 -> 46045 | BG90: =A90 -> 0 | BH90: =COUNTA(S90:AA90) -> 1 | BI90: =COUNTA(AB90:AO90) -> 0 | BJ90: LAG001
J91: 46001 | K91: 46045 | L91: 46045 | M91: MB-08155 | O91: =INDEX([5]光真稼働日早見表!$M:$M,MATCH($Q91,[5]光真稼働日早見表!$Q:$Q,0),1) -> 46041 | Q91: 46045 | R91: M | W91: 46035 | AZ91: 000396257 | BA91: OFET | BB91: LAG001(7/18) | BC91: （11/5林ひ様情報） | BD91: =COUNTA(S91:AY91) -> 1 | BE91: =I91 -> 0 | BF91: =K91 -> 46045 | BG91: =A91 -> 0 | BH91: =COUNTA(S91:AA91) -> 1 | BI91: =COUNTA(AB91:AO91) -> 0 | BJ91: LAG001
J92: 46001 | K92: 46045 | L92: 46045 | M92: MB-08155 | O92: =INDEX([5]光真稼働日早見表!$M:$M,MATCH($Q92,[5]光真稼働日早見表!$Q:$Q,0),1) -> 46041 | Q92: 46045 | R92: M | W92: 46035 | AZ92: 000396257 | BA92: OFET | BB92: LAG001(8/18) | BC92: （11/5林ひ様情報） | BD92: =COUNTA(S92:AY92) -> 1 | BE92: =I92 -> 0 | BF92: =K92 -> 46045 | BG92: =A92 -> 0 | BH92: =COUNTA(S92:AA92) -> 1 | BI92: =COUNTA(AB92:AO92) -> 0 | BJ92: LAG001
J93: 46001 | K93: 46045 | L93: 46045 | M93: MB-08155 | O93: =INDEX([5]光真稼働日早見表!$M:$M,MATCH($Q93,[5]光真稼働日早見表!$Q:$Q,0),1) -> 46041 | Q93: 46045 | R93: M | W93: 46035 | AZ93: 000396257 | BA93: OFET | BB93: LAG001(9/18) | BC93: （11/5林ひ様情報） | BD93: =COUNTA(S93:AY93) -> 1 | BE93: =I93 -> 0 | BF93: =K93 -> 46045 | BG93: =A93 -> 0 | BH93: =COUNTA(S93:AA93) -> 1 | BI93: =COUNTA(AB93:AO93) -> 0 | BJ93: LAG001
J94: 46001 | K94: 46045 | L94: 46045 | M94: MB-08154 | O94: =INDEX([5]光真稼働日早見表!$M:$M,MATCH($Q94,[5]光真稼働日早見表!$Q:$Q,0),1) -> 46041 | Q94: 46045 | R94: M | Y94: 46035 | AZ94: 000395963 | BA94: OFET | BB94: LAE101(1/3) | BC94: （11/5林ひ様情報） | BD94: =COUNTA(S94:AY94) -> 1 | BE94: =I94 -> 0 | BF94: =K94 -> 46045 | BG94: =A94 -> 0 | BH94: =COUNTA(S94:AA94) -> 1 | BI94: =COUNTA(AB94:AO94) -> 0 | BJ94: LAE101
J95: 46001 | K95: 46045 | L95: 46045 | M95: MB-08154 | O95: =INDEX([5]光真稼働日早見表!$M:$M,MATCH($Q95,[5]光真稼働日早見表!$Q:$Q,0),1) -> 46041 | Q95: 46045 | R95: M | Y95: 46035 | AZ95: 000395963 | BA95: OFET | BB95: LAE101(2/3) | BC95: （11/5林ひ様情報） | BD95: =COUNTA(S95:AY95) -> 1 | BE95: =I95 -> 0 | BF95: =K95 -> 46045 | BG95: =A95 -> 0 | BH95: =COUNTA(S95:AA95) -> 1 | BI95: =COUNTA(AB95:AO95) -> 0 | BJ95: LAE101
J96: 46001 | K96: 46045 | L96: 46045 | M96: MB-08154 | O96: =INDEX([5]光真稼働日早見表!$M:$M,MATCH($Q96,[5]光真稼働日早見表!$Q:$Q,0),1) -> 46041 | Q96: 46045 | R96: M | Y96: 46035 | AZ96: 000395963 | BA96: OFET | BB96: LAE101(3/3) | BC96: （11/5林ひ様情報） | BD96: =COUNTA(S96:AY96) -> 1 | BE96: =I96 -> 0 | BF96: =K96 -> 46045 | BG96: =A96 -> 0 | BH96: =COUNTA(S96:AA96) -> 1 | BI96: =COUNTA(AB96:AO96) -> 0 | BJ96: LAE101
J97: 46001 | K97: 46045 | L97: 46045 | M97: MB-08153 | P97: =INDEX([5]光真稼働日早見表!$N:$N,MATCH($Q97,[5]光真稼働日早見表!$Q:$Q,0),1) -> 46042 | Q97: 46045 | R97: M | AL97: 46035 | AZ97: 000396254 | BA97: OFET | BB97: LAD001(6/9) | BC97: （11/5林ひ様情報） | BD97: =COUNTA(S97:AY97) -> 1 | BE97: =I97 -> 0 | BF97: =K97 -> 46045 | BG97: =A97 -> 0 | BH97: =COUNTA(S97:AA97) -> 0 | BI97: =COUNTA(AB97:AO97) -> 1 | BJ97: LAD001
J98: 46001 | K98: 46045 | L98: 46045 | M98: MB-08153 | P98: =INDEX([5]光真稼働日早見表!$N:$N,MATCH($Q98,[5]光真稼働日早見表!$Q:$Q,0),1) -> 46042 | Q98: 46045 | R98: M | AL98: 46035 | AZ98: 000396254 | BA98: OFET | BB98: LAD001(7/9) | BC98: （11/5林ひ様情報） | BD98: =COUNTA(S98:AY98) -> 1 | BE98: =I98 -> 0 | BF98: =K98 -> 46045 | BG98: =A98 -> 0 | BH98: =COUNTA(S98:AA98) -> 0 | BI98: =COUNTA(AB98:AO98) -> 1 | BJ98: LAD001
J99: 46001 | K99: 46045 | L99: 46045 | M99: MB-08153 | P99: =INDEX([5]光真稼働日早見表!$N:$N,MATCH($Q99,[5]光真稼働日早見表!$Q:$Q,0),1) -> 46042 | Q99: 46045 | R99: M | AL99: 46035 | AZ99: 000396254 | BA99: OFET | BB99: LAD001(8/9) | BC99: （11/5林ひ様情報） | BD99: =COUNTA(S99:AY99) -> 1 | BE99: =I99 -> 0 | BF99: =K99 -> 46045 | BG99: =A99 -> 0 | BH99: =COUNTA(S99:AA99) -> 0 | BI99: =COUNTA(AB99:AO99) -> 1 | BJ99: LAD001
J100: 46001 | K100: 46045 | L100: 46045 | M100: MB-08153 | P100: =INDEX([5]光真稼働日早見表!$N:$N,MATCH($Q100,[5]光真稼働日早見表!$Q:$Q,0),1) -> 46042 | Q100: 46045 | R100: M | AL100: 46035 | AZ100: 000396254 | BA100: OFET | BB100: LAD001(9/9) | BC100: （11/5林ひ様情報） | BD100: =COUNTA(S100:AY100) -> 1 | BE100: =I100 -> 0 | BF100: =K100 -> 46045 | BG100: =A100 -> 0 | BH100: =COUNTA(S100:AA100) -> 0 | BI100: =COUNTA(AB100:AO100) -> 1 | BJ100: LAD001
...

Sheet Ｖ８出荷・完了計画
B1: Ｖ８－ＢＨ 生産投入／出荷計画表 | H1: 1/10光真ＳＳ完了/出荷計画
E2: =E2594 -> 21404 | F2: =F2594 -> 21404 | G2: =G2594 -> 21404 | H2: =IF(F2=G2,"ＯＫ","ＮＧ") -> ＯＫ | M2: 1 | N2: 皮膚科 | O2: 26
E3: 基本部
A5: 年度 | B5: 日付 | C5: 曜 | D5: 光真 稼働 | E5: 順序指示 出荷台数 | F5: 光真完了 台数 | G5: 出荷台数 ＬＡＺ計 | H5: 光真 ストア数 | I5: 遅れ 台数 | J5: 当日完了 当日出荷 台数 | K5: 備考 | L5: ストア | M5: 完了最終 T-No | N5: 出荷 累計 | O5: 日付
A6: =TEXT(B6,"YY") -> 19 | B6: 43555 | C6: 日 | D6: × | E6: 12555 | F6: 12611 | G6: 12555 | H6: =#REF!+F6-G6 -> #REF! | I6: =#REF!+G6-E6 -> #REF! | J6: =(G6-#REF!)*-1 -> #REF! | M6: 12555 | N6: 12555 | O6: =B6 -> 43555
A7: 19 | B7: 43556 | C7: 月 | D7: ○ | E7: 26 | F7: 15 | G7: 26 | H7: 45 | I7: 0 | J7: 30 | M7: 12626 | N7: =N6+G7 -> 12581 | O7: =B7 -> 43556
A8: =TEXT(B8,"YY") -> 19 | B8: 43557 | C8: 火 | D8: ○ | E8: 18 | F8: 15 | G8: 18 | H8: =H7+F8-G8 -> 42 | I8: =I7+G8-E8 -> 0 | J8: =(G8-H7)*-1 -> 27 | M8: =M7+F8 -> 12641 | N8: =N7+G8 -> 12599 | O8: =B8 -> 43557
A9: =TEXT(B9,"YY") -> 19 | B9: 43558 | C9: 水 | D9: ○ | E9: 18 | F9: 15 | G9: 18 | H9: =H8+F9-G9 -> 39 | I9: =I8+G9-E9 -> 0 | J9: =(G9-H8)*-1 -> 24 | M9: =M8+F9 -> 12656 | N9: =N8+G9 -> 12617 | O9: =B9 -> 43558
A10: =TEXT(B10,"YY") -> 19 | B10: 43559 | C10: 木 | D10: ○ | E10: 19 | F10: 15 | G10: 19 | H10: =H9+F10-G10 -> 35 | I10: =I9+G10-E10 -> 0 | J10: =(G10-H9)*-1 -> 20 | M10: =M9+F10 -> 12671 | N10: =N9+G10 -> 12636 | O10: =B10 -> 43559
A11: =TEXT(B11,"YY") -> 19 | B11: 43560 | C11: 金 | D11: ○ | E11: 18 | F11: 15 | G11: 18 | H11: =H10+F11-G11 -> 32 | I11: =I10+G11-E11 -> 0 | J11: =(G11-H10)*-1 -> 17 | M11: =M10+F11 -> 12686 | N11: =N10+G11 -> 12654 | O11: =B11 -> 43560
A12: =TEXT(B12,"YY") -> 19 | B12: 43561 | C12: 土 | D12: × | H12: =H11+F12-G12 -> 32 | I12: =I11+G12-E12 -> 0 | J12: =(G12-H11)*-1 -> 32 | M12: =M11+F12 -> 12686 | N12: =N11+G12 -> 12654 | O12: =B12 -> 43561
A13: =TEXT(B13,"YY") -> 19 | B13: 43562 | C13: 日 | D13: × | H13: =H12+F13-G13 -> 32 | I13: =I12+G13-E13 -> 0 | J13: =(G13-H12)*-1 -> 32 | M13: =M12+F13 -> 12686 | N13: =N12+G13 -> 12654 | O13: =B13 -> 43562
A14: =TEXT(B14,"YY") -> 19 | B14: 43563 | C14: 月 | D14: ○ | E14: 18 | F14: 17 | G14: 18 | H14: =H13+F14-G14 -> 31 | I14: =I13+G14-E14 -> 0 | J14: =(G14-H13)*-1 -> 14 | K14: 完了台数+1 | M14: =M13+F14 -> 12703 | N14: =N13+G14 -> 12672 | O14: =B14 -> 43563
A15: =TEXT(B15,"YY") -> 19 | B15: 43564 | C15: 火 | D15: ○ | E15: 18 | F15: 17 | G15: 18 | H15: =H14+F15-G15 -> 30 | I15: =I14+G15-E15 -> 0 | J15: =(G15-H14)*-1 -> 13 | K15: 完了台数+1 | M15: =M14+F15 -> 12720 | N15: =N14+G15 -> 12690 | O15: =B15 -> 43564
A16: =TEXT(B16,"YY") -> 19 | B16: 43565 | C16: 水 | D16: ○ | E16: 18 | F16: 17 | G16: 18 | H16: =H15+F16-G16 -> 29 | I16: =I15+G16-E16 -> 0 | J16: =(G16-H15)*-1 -> 12 | K16: 完了台数+1 | M16: =M15+F16 -> 12737 | N16: =N15+G16 -> 12708 | O16: =B16 -> 43565
A17: =TEXT(B17,"YY") -> 19 | B17: 43566 | C17: 木 | D17: ○ | E17: 19 | F17: 17 | G17: 19 | H17: =H16+F17-G17 -> 27 | I17: =I16+G17-E17 -> 0 | J17: =(G17-H16)*-1 -> 10 | K17: 完了台数+1 | M17: =M16+F17 -> 12754 | N17: =N16+G17 -> 12727 | O17: =B17 -> 43566
A18: =TEXT(B18,"YY") -> 19 | B18: 43567 | C18: 金 | D18: ○ | E18: 19 | F18: 17 | G18: 19 | H18: =H17+F18-G18 -> 25 | I18: =I17+G18-E18 -> 0 | J18: =(G18-H17)*-1 -> 8 | K18: 完了台数+1 | M18: =M17+F18 -> 12771 | N18: =N17+G18 -> 12746 | O18: =B18 -> 43567
A19: =TEXT(B19,"YY") -> 19 | B19: 43568 | C19: 土 | D19: × | H19: =H18+F19-G19 -> 25 | I19: =I18+G19-E19 -> 0 | J19: =(G19-H18)*-1 -> 25 | M19: =M18+F19 -> 12771 | N19: =N18+G19 -> 12746 | O19: =B19 -> 43568
A20: =TEXT(B20,"YY") -> 19 | B20: 43569 | C20: 日 | D20: × | H20: =H19+F20-G20 -> 25 | I20: =I19+G20-E20 -> 0 | J20: =(G20-H19)*-1 -> 25 | M20: =M19+F20 -> 12771 | N20: =N19+G20 -> 12746 | O20: =B20 -> 43569
A21: =TEXT(B21,"YY") -> 19 | B21: 43570 | C21: 月 | D21: ○ | E21: 18 | F21: 17 | G21: 18 | H21: =H20+F21-G21 -> 24 | I21: =I20+G21-E21 -> 0 | J21: =(G21-H20)*-1 -> 7 | K21: 完了台数+1 | M21: =M20+F21 -> 12788 | N21: =N20+G21 -> 12764 | O21: =B21 -> 43570
A22: =TEXT(B22,"YY") -> 19 | B22: 43571 | C22: 火 | D22: ○ | E22: 18 | F22: 18 | G22: 18 | H22: =H21+F22-G22 -> 24 | I22: =I21+G22-E22 -> 0 | J22: =(G22-H21)*-1 -> 6 | K22: 完了台数+1 | M22: =M21+F22 -> 12806 | N22: =N21+G22 -> 12782 | O22: =B22 -> 43571
A23: =TEXT(B23,"YY") -> 19 | B23: 43572 | C23: 水 | D23: ○ | E23: 19 | F23: 18 | G23: 19 | H23: =H22+F23-G23 -> 23 | I23: =I22+G23-E23 -> 0 | J23: =(G23-H22)*-1 -> 5 | K23: 完了台数+1 | M23: =M22+F23 -> 12824 | N23: =N22+G23 -> 12801 | O23: =B23 -> 43572
A24: =TEXT(B24,"YY") -> 19 | B24: 43573 | C24: 木 | D24: ○ | E24: 19 | F24: 18 | G24: 19 | H24: =H23+F24-G24 -> 22 | I24: =I23+G24-E24 -> 0 | J24: =(G24-H23)*-1 -> 4 | K24: 完了台数+1 | M24: =M23+F24 -> 12842 | N24: =N23+G24 -> 12820 | O24: =B24 -> 43573
A25: =TEXT(B25,"YY") -> 19 | B25: 43574 | C25: 金 | D25: ○ | E25: 18 | F25: 18 | G25: 18 | H25: =H24+F25-G25 -> 22 | I25: =I24+G25-E25 -> 0 | J25: =(G25-H24)*-1 -> 4 | K25: 完了台数+1 | M25: =M24+F25 -> 12860 | N25: =N24+G25 -> 12838 | O25: =B25 -> 43574
A26: =TEXT(B26,"YY") -> 19 | B26: 43575 | C26: 土 | D26: × | H26: =H25+F26-G26 -> 22 | I26: =I25+G26-E26 -> 0 | J26: =(G26-H25)*-1 -> 22 | M26: =M25+F26 -> 12860 | N26: =N25+G26 -> 12838 | O26: =B26 -> 43575
A27: =TEXT(B27,"YY") -> 19 | B27: 43576 | C27: 日 | D27: × | H27: =H26+F27-G27 -> 22 | I27: =I26+G27-E27 -> 0 | J27: =(G27-H26)*-1 -> 22 | M27: =M26+F27 -> 12860 | N27: =N26+G27 -> 12838 | O27: =B27 -> 43576
A28: =TEXT(B28,"YY") -> 19 | B28: 43577 | C28: 月 | D28: ○ | E28: 19 | F28: 18 | G28: 19 | H28: =H27+F28-G28 -> 21 | I28: =I27+G28-E28 -> 0 | J28: =(G28-H27)*-1 -> 3 | K28: 完了台数+1 | M28: =M27+F28 -> 12878 | N28: =N27+G28 -> 12857 | O28: =B28 -> 43577
A29: =TEXT(B29,"YY") -> 19 | B29: 43578 | C29: 火 | D29: ○ | E29: 19 | F29: 18 | G29: 19 | H29: =H28+F29-G29 -> 20 | I29: =I28+G29-E29 -> 0 | J29: =(G29-H28)*-1 -> 2 | K29: 完了台数+1 | M29: =M28+F29 -> 12896 | N29: =N28+G29 -> 12876 | O29: =B29 -> 43578
A30: =TEXT(B30,"YY") -> 19 | B30: 43579 | C30: 水 | D30: ○ | E30: 18 | F30: 18 | G30: 18 | H30: =H29+F30-G30 -> 20 | I30: =I29+G30-E30 -> 0 | J30: =(G30-H29)*-1 -> 2 | K30: 完了台数+1 | M30: =M29+F30 -> 12914 | N30: =N29+G30 -> 12894 | O30: =B30 -> 43579
A31: =TEXT(B31,"YY") -> 19 | B31: 43580 | C31: 木 | D31: ○ | E31: 20 | F31: 17 | G31: 20 | H31: =H30+F31-G31 -> 17 | I31: =I30+G31-E31 -> 0 | J31: =(G31-H30)*-1 -> 0 | M31: =M30+F31 -> 12931 | N31: =N30+G31 -> 12914 | O31: =B31 -> 43580
A32: =TEXT(B32,"YY") -> 19 | B32: 43581 | C32: 金 | D32: ○ | E32: 0 | F32: 8 | G32: 0 | H32: =H31+F32-G32 -> 25 | I32: =I31+G32-E32 -> 0 | J32: =(G32-H31)*-1 -> 17 | K32: ＯＳＳ非稼働設定日/光真ss棚卸 | M32: =M31+F32 -> 12939 | N32: =N31+G32 -> 12914 | O32: =B32 -> 43581
A33: =TEXT(B33,"YY") -> 19 | B33: 43582 | C33: 土 | D33: × | H33: =H32+F33-G33 -> 25 | I33: =I32+G33-E33 -> 0 | J33: =(G33-H32)*-1 -> 25 | M33: =M32+F33 -> 12939 | N33: =N32+G33 -> 12914 | O33: =B33 -> 43582
A34: =TEXT(B34,"YY") -> 19 | B34: 43583 | C34: 日 | D34: × | H34: =H33+F34-G34 -> 25 | I34: =I33+G34-E34 -> 0 | J34: =(G34-H33)*-1 -> 25 | M34: =M33+F34 -> 12939 | N34: =N33+G34 -> 12914 | O34: =B34 -> 43583
A35: =TEXT(B35,"YY") -> 19 | B35: 43584 | C35: 月 | D35: × | H35: =H34+F35-G35 -> 25 | I35: =I34+G35-E35 -> 0 | J35: =(G35-H34)*-1 -> 25 | K35: 昭和の日 | M35: =M34+F35 -> 12939 | N35: =N34+G35 -> 12914 | O35: =B35 -> 43584
A36: =TEXT(B36,"YY") -> 19 | B36: 43585 | C36: 火 | D36: × | H36: =H35+F36-G36 -> 25 | I36: =I35+G36-E36 -> 0 | J36: =(G36-H35)*-1 -> 25 | K36: 休日 | M36: =M35+F36 -> 12939 | N36: =N35+G36 -> 12914 | O36: =B36 -> 43585
A37: =TEXT(B37,"YY") -> 19 | B37: 43586 | C37: 水 | D37: × | H37: =H36+F37-G37 -> 25 | I37: =I36+G37-E37 -> 0 | J37: =(G37-H36)*-1 -> 25 | K37: 新天皇即位 | M37: =M36+F37 -> 12939 | N37: =N36+G37 -> 12914 | O37: =B37 -> 43586
A38: =TEXT(B38,"YY") -> 19 | B38: 43587 | C38: 木 | D38: × | H38: =H37+F38-G38 -> 25 | I38: =I37+G38-E38 -> 0 | J38: =(G38-H37)*-1 -> 25 | K38: 休日 | M38: =M37+F38 -> 12939 | N38: =N37+G38 -> 12914 | O38: =B38 -> 43587
A39: =TEXT(B39,"YY") -> 19 | B39: 43588 | C39: 金 | D39: × | H39: =H38+F39-G39 -> 25 | I39: =I38+G39-E39 -> 0 | J39: =(G39-H38)*-1 -> 25 | K39: 憲法記念日 | M39: =M38+F39 -> 12939 | N39: =N38+G39 -> 12914 | O39: =B39 -> 43588
A40: =TEXT(B40,"YY") -> 19 | B40: 43589 | C40: 土 | D40: × | H40: =H39+F40-G40 -> 25 | I40: =I39+G40-E40 -> 0 | J40: =(G40-H39)*-1 -> 25 | K40: みどりの日 | M40: =M39+F40 -> 12939 | N40: =N39+G40 -> 12914 | O40: =B40 -> 43589
A41: =TEXT(B41,"YY") -> 19 | B41: 43590 | C41: 日 | D41: × | H41: =H40+F41-G41 -> 25 | I41: =I40+G41-E41 -> 0 | J41: =(G41-H40)*-1 -> 25 | K41: こどもの日 | M41: =M40+F41 -> 12939 | N41: =N40+G41 -> 12914 | O41: =B41 -> 43590
A42: =TEXT(B42,"YY") -> 19 | B42: 43591 | C42: 月 | D42: × | H42: =H41+F42-G42 -> 25 | I42: =I41+G42-E42 -> 0 | J42: =(G42-H41)*-1 -> 25 | K42: 振替休日 | M42: =M41+F42 -> 12939 | N42: =N41+G42 -> 12914 | O42: =B42 -> 43591
A43: =TEXT(B43,"YY") -> 19 | B43: 43592 | C43: 火 | D43: ○ | E43: 0 | F43: 13 | G43: 0 | H43: =H42+F43-G43 -> 38 | I43: =I42+G43-E43 -> 0 | J43: =(G43-H42)*-1 -> 25 | K43: ＯＳＳ非稼働設定日 | M43: =M42+F43 -> 12952 | N43: =N42+G43 -> 12914 | O43: =B43 -> 43592
A44: =TEXT(B44,"YY") -> 19 | B44: 43593 | C44: 水 | D44: ○ | E44: 19 | F44: 17 | G44: 19 | H44: =H43+F44-G44 -> 36 | I44: =I43+G44-E44 -> 0 | J44: =(G44-H43)*-1 -> 19 | M44: =M43+F44 -> 12969 | N44: =N43+G44 -> 12933 | O44: =B44 -> 43593
A45: =TEXT(B45,"YY") -> 19 | B45: 43594 | C45: 木 | D45: ○ | E45: 18 | F45: 17 | G45: 18 | H45: =H44+F45-G45 -> 35 | I45: =I44+G45-E45 -> 0 | J45: =(G45-H44)*-1 -> 18 | M45: =M44+F45 -> 12986 | N45: =N44+G45 -> 12951 | O45: =B45 -> 43594
A46: =TEXT(B46,"YY") -> 19 | B46: 43595 | C46: 金 | D46: ○ | E46: 19 | F46: 14 | G46: 19 | H46: =H45+F46-G46 -> 30 | I46: =I45+G46-E46 -> 0 | J46: =(G46-H45)*-1 -> 16 | M46: =M45+F46 -> 13000 | N46: =N45+G46 -> 12970 | O46: =B46 -> 43595
A47: =TEXT(B47,"YY") -> 19 | B47: 43596 | C47: 土 | D47: ○ | E47: 0 | F47: 17 | G47: 0 | H47: =H46+F47-G47 -> 47 | I47: =I46+G47-E47 -> 0 | J47: =(G47-H46)*-1 -> 30 | K47: OSS休日 | M47: =M46+F47 -> 13017 | N47: =N46+G47 -> 12970 | O47: =B47 -> 43596
A48: =TEXT(B48,"YY") -> 19 | B48: 43597 | C48: 日 | D48: × | H48: =H47+F48-G48 -> 47 | I48: =I47+G48-E48 -> 0 | J48: =(G48-H47)*-1 -> 47 | M48: =M47+F48 -> 13017 | N48: =N47+G48 -> 12970 | O48: =B48 -> 43597
A49: =TEXT(B49,"YY") -> 19 | B49: 43598 | C49: 月 | D49: ○ | E49: 18 | F49: 18 | G49: 18 | H49: =H48+F49-G49 -> 47 | I49: =I48+G49-E49 -> 0 | J49: =(G49-H48)*-1 -> 29 | M49: =M48+F49 -> 13035 | N49: =N48+G49 -> 12988 | O49: =B49 -> 43598
A50: =TEXT(B50,"YY") -> 19 | B50: 43599 | C50: 火 | D50: ○ | E50: 19 | F50: 18 | G50: 19 | H50: =H49+F50-G50 -> 46 | I50: =I49+G50-E50 -> 0 | J50: =(G50-H49)*-1 -> 28 | M50: =M49+F50 -> 13053 | N50: =N49+G50 -> 13007 | O50: =B50 -> 43599
A51: =TEXT(B51,"YY") -> 19 | B51: 43600 | C51: 水 | D51: ○ | E51: 19 | F51: 18 | G51: 19 | H51: =H50+F51-G51 -> 45 | I51: =I50+G51-E51 -> 0 | J51: =(G51-H50)*-1 -> 27 | M51: =M50+F51 -> 13071 | N51: =N50+G51 -> 13026 | O51: =B51 -> 43600
A52: =TEXT(B52,"YY") -> 19 | B52: 43601 | C52: 木 | D52: ○ | E52: 19 | F52: 18 | G52: 19 | H52: =H51+F52-G52 -> 44 | I52: =I51+G52-E52 -> 0 | J52: =(G52-H51)*-1 -> 26 | M52: =M51+F52 -> 13089 | N52: =N51+G52 -> 13045 | O52: =B52 -> 43601
A53: =TEXT(B53,"YY") -> 19 | B53: 43602 | C53: 金 | D53: ○ | E53: 20 | F53: 13 | G53: 20 | H53: =H52+F53-G53 -> 37 | I53: =I52+G53-E53 -> 0 | J53: =(G53-H52)*-1 -> 24 | M53: =M52+F53 -> 13102 | N53: =N52+G53 -> 13065 | O53: =B53 -> 43602
A54: =TEXT(B54,"YY") -> 19 | B54: 43603 | C54: 土 | D54: × | H54: =H53+F54-G54 -> 37 | I54: =I53+G54-E54 -> 0 | J54: =(G54-H53)*-1 -> 37 | M54: =M53+F54 -> 13102 | N54: =N53+G54 -> 13065 | O54: =B54 -> 43603
A55: =TEXT(B55,"YY") -> 19 | B55: 43604 | C55: 日 | D55: × | H55: =H54+F55-G55 -> 37 | I55: =I54+G55-E55 -> 0 | J55: =(G55-H54)*-1 -> 37 | M55: =M54+F55 -> 13102 | N55: =N54+G55 -> 13065 | O55: =B55 -> 43604
A56: =TEXT(B56,"YY") -> 19 | B56: 43605 | C56: 月 | D56: ○ | E56: 20 | F56: 18 | G56: 20 | H56: =H55+F56-G56 -> 35 | I56: =I55+G56-E56 -> 0 | J56: =(G56-H55)*-1 -> 17 | M56: =M55+F56 -> 13120 | N56: =N55+G56 -> 13085 | O56: =B56 -> 43605
A57: =TEXT(B57,"YY") -> 19 | B57: 43606 | C57: 火 | D57: ○ | E57: 20 | F57: 18 | G57: 20 | H57: =H56+F57-G57 -> 33 | I57: =I56+G57-E57 -> 0 | J57: =(G57-H56)*-1 -> 15 | M57: =M56+F57 -> 13138 | N57: =N56+G57 -> 13105 | O57: =B57 -> 43606
A58: =TEXT(B58,"YY") -> 19 | B58: 43607 | C58: 水 | D58: ○ | E58: 19 | F58: 18 | G58: 19 | H58: =H57+F58-G58 -> 32 | I58: =I57+G58-E58 -> 0 | J58: =(G58-H57)*-1 -> 14 | M58: =M57+F58 -> 13156 | N58: =N57+G58 -> 13124 | O58: =B58 -> 43607
A59: =TEXT(B59,"YY") -> 19 | B59: 43608 | C59: 木 | D59: ○ | E59: 20 | F59: 18 | G59: 20 | H59: =H58+F59-G59 -> 30 | I59: =I58+G59-E59 -> 0 | J59: =(G59-H58)*-1 -> 12 | M59: =M58+F59 -> 13174 | N59: =N58+G59 -> 13144 | O59: =B59 -> 43608
A60: =TEXT(B60,"YY") -> 19 | B60: 43609 | C60: 金 | D60: ○ | E60: 20 | F60: 18 | G60: 20 | H60: =H59+F60-G60 -> 28 | I60: =I59+G60-E60 -> 0 | J60: =(G60-H59)*-1 -> 10 | M60: =M59+F60 -> 13192 | N60: =N59+G60 -> 13164 | O60: =B60 -> 43609
A61: =TEXT(B61,"YY") -> 19 | B61: 43610 | C61: 土 | D61: × | H61: =H60+F61-G61 -> 28 | I61: =I60+G61-E61 -> 0 | J61: =(G61-H60)*-1 -> 28 | M61: =M60+F61 -> 13192 | N61: =N60+G61 -> 13164 | O61: =B61 -> 43610
A62: =TEXT(B62,"YY") -> 19 | B62: 43611 | C62: 日 | D62: × | H62: =H61+F62-G62 -> 28 | I62: =I61+G62-E62 -> 0 | J62: =(G62-H61)*-1 -> 28 | M62: =M61+F62 -> 13192 | N62: =N61+G62 -> 13164 | O62: =B62 -> 43611
A63: =TEXT(B63,"YY") -> 19 | B63: 43612 | C63: 月 | D63: ○ | E63: 20 | F63: 18 | G63: 20 | H63: =H62+F63-G63 -> 26 | I63: =I62+G63-E63 -> 0 | J63: =(G63-H62)*-1 -> 8 | M63: =M62+F63 -> 13210 | N63: =N62+G63 -> 13184 | O63: =B63 -> 43612
A64: =TEXT(B64,"YY") -> 19 | B64: 43613 | C64: 火 | D64: ○ | E64: 20 | F64: 19 | G64: 20 | H64: =H63+F64-G64 -> 25 | I64: =I63+G64-E64 -> 0 | J64: =(G64-H63)*-1 -> 6 | M64: =M63+F64 -> 13229 | N64: =N63+G64 -> 13204 | O64: =B64 -> 43613
A65: =TEXT(B65,"YY") -> 19 | B65: 43614 | C65: 水 | D65: ○ | E65: 20 | F65: 18 | G65: 20 | H65: =H64+F65-G65 -> 23 | I65: =I64+G65-E65 -> 0 | J65: =(G65-H64)*-1 -> 5 | M65: =M64+F65 -> 13247 | N65: =N64+G65 -> 13224 | O65: =B65 -> 43614
A66: =TEXT(B66,"YY") -> 19 | B66: 43615 | C66: 木 | D66: ○ | E66: 19 | F66: 19 | G66: 19 | H66: =H65+F66-G66 -> 23 | I66: =I65+G66-E66 -> 0 | J66: =(G66-H65)*-1 -> 4 | M66: =M65+F66 -> 13266 | N66: =N65+G66 -> 13243 | O66: =B66 -> 43615
A67: =TEXT(B67,"YY") -> 19 | B67: 43616 | C67: 金 | D67: ○ | E67: 20 | F67: 18 | G67: 20 | H67: =H66+F67-G67 -> 21 | I67: =I66+G67-E67 -> 0 | J67: =(G67-H66)*-1 -> 3 | M67: =M66+F67 -> 13284 | N67: =N66+G67 -> 13263 | O67: =B67 -> 43616
A68: =TEXT(B68,"YY") -> 19 | B68: 43617 | C68: 土 | D68: × | H68: =H67+F68-G68 -> 21 | I68: =I67+G68-E68 -> 0 | J68: =(G68-H67)*-1 -> 21 | M68: =M67+F68 -> 13284 | N68: =N67+G68 -> 13263 | O68: =B68 -> 43617
A69: =TEXT(B69,"YY") -> 19 | B69: 43618 | C69: 日 | D69: × | H69: =H68+F69-G69 -> 21 | I69: =I68+G69-E69 -> 0 | J69: =(G69-H68)*-1 -> 21 | M69: =M68+F69 -> 13284 | N69: =N68+G69 -> 13263 | O69: =B69 -> 43618
A70: =TEXT(B70,"YY") -> 19 | B70: 43619 | C70: 月 | D70: ○ | E70: 21 | F70: 19 | G70: 21 | H70: =H69+F70-G70 -> 19 | I70: =I69+G70-E70 -> 0 | J70: =(G70-H69)*-1 -> 0 | M70: =M69+F70 -> 13303 | N70: =N69+G70 -> 13284 | O70: =B70 -> 43619
A71: =TEXT(B71,"YY") -> 19 | B71: 43620 | C71: 火 | D71: ○ | E71: 19 | F71: 18 | G71: 19 | H71: =H70+F71-G71 -> 18 | I71: =I70+G71-E71 -> 0 | J71: =(G71-H70)*-1 -> 0 | M71: =M70+F71 -> 13321 | N71: =N70+G71 -> 13303 | O71: =B71 -> 43620
A72: =TEXT(B72,"YY") -> 19 | B72: 43621 | C72: 水 | D72: ○ | E72: 18 | F72: 18 | G72: 18 | H72: =H71+F72-G72 -> 18 | I72: =I71+G72-E72 -> 0 | J72: =(G72-H71)*-1 -> 0 | M72: =M71+F72 -> 13339 | N72: =N71+G72 -> 13321 | O72: =B72 -> 43621
A73: =TEXT(B73,"YY") -> 19 | B73: 43622 | C73: 木 | D73: ○ | E73: 18 | F73: 18 | G73: 18 | H73: =H72+F73-G73 -> 18 | I73: =I72+G73-E73 -> 0 | J73: =(G73-H72)*-1 -> 0 | M73: =M72+F73 -> 13357 | N73: =N72+G73 -> 13339 | O73: =B73 -> 43622
A74: =TEXT(B74,"YY") -> 19 | B74: 43623 | C74: 金 | D74: ○ | E74: 18 | F74: 18 | G74: 18 | H74: =H73+F74-G74 -> 18 | I74: =I73+G74-E74 -> 0 | J74: =(G74-H73)*-1 -> 0 | M74: =M73+F74 -> 13375 | N74: =N73+G74 -> 13357 | O74: =B74 -> 43623
A75: =TEXT(B75,"YY") -> 19 | B75: 43624 | C75: 土 | D75: × | H75: =H74+F75-G75 -> 18 | I75: =I74+G75-E75 -> 0 | J75: =(G75-H74)*-1 -> 18 | M75: =M74+F75 -> 13375 | N75: =N74+G75 -> 13357 | O75: =B75 -> 43624
A76: =TEXT(B76,"YY") -> 19 | B76: 43625 | C76: 日 | D76: × | H76: =H75+F76-G76 -> 18 | I76: =I75+G76-E76 -> 0 | J76: =(G76-H75)*-1 -> 18 | M76: =M75+F76 -> 13375 | N76: =N75+G76 -> 13357 | O76: =B76 -> 43625
A77: =TEXT(B77,"YY") -> 19 | B77: 43626 | C77: 月 | D77: ○ | E77: 18 | F77: 18 | G77: 18 | H77: =H76+F77-G77 -> 18 | I77: =I76+G77-E77 -> 0 | J77: =(G77-H76)*-1 -> 0 | M77: =M76+F77 -> 13393 | N77: =N76+G77 -> 13375 | O77: =B77 -> 43626
A78: =TEXT(B78,"YY") -> 19 | B78: 43627 | C78: 火 | D78: ○ | E78: 18 | F78: 18 | G78: 18 | H78: =H77+F78-G78 -> 18 | I78: =I77+G78-E78 -> 0 | J78: =(G78-H77)*-1 -> 0 | M78: =M77+F78 -> 13411 | N78: =N77+G78 -> 13393 | O78: =B78 -> 43627
A79: =TEXT(B79,"YY") -> 19 | B79: 43628 | C79: 水 | D79: ○ | E79: 18 | F79: 18 | G79: 18 | H79: =H78+F79-G79 -> 18 | I79: =I78+G79-E79 -> 0 | J79: =(G79-H78)*-1 -> 0 | M79: =M78+F79 -> 13429 | N79: =N78+G79 -> 13411 | O79: =B79 -> 43628
A80: =TEXT(B80,"YY") -> 19 | B80: 43629 | C80: 木 | D80: ○ | E80: 18 | F80: 18 | G80: 18 | H80: =H79+F80-G80 -> 18 | I80: =I79+G80-E80 -> 0 | J80: =(G80-H79)*-1 -> 0 | M80: =M79+F80 -> 13447 | N80: =N79+G80 -> 13429 | O80: =B80 -> 43629
A81: =TEXT(B81,"YY") -> 19 | B81: 43630 | C81: 金 | D81: ○ | E81: 0 | F81: 18 | G81: 0 | H81: =H80+F81-G81 -> 36 | I81: =I80+G81-E81 -> 0 | J81: =(G81-H80)*-1 -> 18 | K81: OSS休日 | M81: =M80+F81 -> 13465 | N81: =N80+G81 -> 13429 | O81: =B81 -> 43630
A82: =TEXT(B82,"YY") -> 19 | B82: 43631 | C82: 土 | D82: × | H82: =H81+F82-G82 -> 36 | I82: =I81+G82-E82 -> 0 | J82: =(G82-H81)*-1 -> 36 | M82: =M81+F82 -> 13465 | N82: =N81+G82 -> 13429 | O82: =B82 -> 43631
A83: =TEXT(B83,"YY") -> 19 | B83: 43632 | C83: 日 | D83: × | H83: =H82+F83-G83 -> 36 | I83: =I82+G83-E83 -> 0 | J83: =(G83-H82)*-1 -> 36 | M83: =M82+F83 -> 13465 | N83: =N82+G83 -> 13429 | O83: =B83 -> 43632
A84: =TEXT(B84,"YY") -> 19 | B84: 43633 | C84: 月 | D84: ○ | E84: 18 | F84: 18 | G84: 18 | H84: =H83+F84-G84 -> 36 | I84: =I83+G84-E84 -> 0 | J84: =(G84-H83)*-1 -> 18 | M84: =M83+F84 -> 13483 | N84: =N83+G84 -> 13447 | O84: =B84 -> 43633
A85: =TEXT(B85,"YY") -> 19 | B85: 43634 | C85: 火 | D85: ○ | E85: 18 | F85: 18 | G85: 18 | H85: =H84+F85-G85 -> 36 | I85: =I84+G85-E85 -> 0 | J85: =(G85-H84)*-1 -> 18 | M85: =M84+F85 -> 13501 | N85: =N84+G85 -> 13465 | O85: =B85 -> 43634
A86: =TEXT(B86,"YY") -> 19 | B86: 43635 | C86: 水 | D86: ○ | E86: 18 | F86: 18 | G86: 18 | H86: =H85+F86-G86 -> 36 | I86: =I85+G86-E86 -> 0 | J86: =(G86-H85)*-1 -> 18 | M86: =M85+F86 -> 13519 | N86: =N85+G86 -> 13483 | O86: =B86 -> 43635
A87: =TEXT(B87,"YY") -> 19 | B87: 43636 | C87: 木 | D87: ○ | E87: 18 | F87: 18 | G87: 18 | H87: =H86+F87-G87 -> 36 | I87: =I86+G87-E87 -> 0 | J87: =(G87-H86)*-1 -> 18 | M87: =M86+F87 -> 13537 | N87: =N86+G87 -> 13501 | O87: =B87 -> 43636
A88: =TEXT(B88,"YY") -> 19 | B88: 43637 | C88: 金 | D88: ○ | E88: 18 | F88: 18 | G88: 18 | H88: =H87+F88-G88 -> 36 | I88: =I87+G88-E88 -> 0 | J88: =(G88-H87)*-1 -> 18 | M88: =M87+F88 -> 13555 | N88: =N87+G88 -> 13519 | O88: =B88 -> 43637
A89: =TEXT(B89,"YY") -> 19 | B89: 43638 | C89: 土 | D89: × | H89: =H88+F89-G89 -> 36 | I89: =I88+G89-E89 -> 0 | J89: =(G89-H88)*-1 -> 36 | M89: =M88+F89 -> 13555 | N89: =N88+G89 -> 13519 | O89: =B89 -> 43638
A90: =TEXT(B90,"YY") -> 19 | B90: 43639 | C90: 日 | D90: × | H90: =H89+F90-G90 -> 36 | I90: =I89+G90-E90 -> 0 | J90: =(G90-H89)*-1 -> 36 | M90: =M89+F90 -> 13555 | N90: =N89+G90 -> 13519 | O90: =B90 -> 43639
A91: =TEXT(B91,"YY") -> 19 | B91: 43640 | C91: 月 | D91: ○ | E91: 19 | F91: 18 | G91: 19 | H91: =H90+F91-G91 -> 35 | I91: =I90+G91-E91 -> 0 | J91: =(G91-H90)*-1 -> 17 | M91: =M90+F91 -> 13573 | N91: =N90+G91 -> 13538 | O91: =B91 -> 43640
A92: =TEXT(B92,"YY") -> 19 | B92: 43641 | C92: 火 | D92: ○ | E92: 19 | F92: 18 | G92: 19 | H92: =H91+F92-G92 -> 34 | I92: =I91+G92-E92 -> 0 | J92: =(G92-H91)*-1 -> 16 | M92: =M91+F92 -> 13591 | N92: =N91+G92 -> 13557 | O92: =B92 -> 43641
A93: =TEXT(B93,"YY") -> 19 | B93: 43642 | C93: 水 | D93: ○ | E93: 19 | F93: 18 | G93: 19 | H93: =H92+F93-G93 -> 33 | I93: =I92+G93-E93 -> 0 | J93: =(G93-H92)*-1 -> 15 | M93: =M92+F93 -> 13609 | N93: =N92+G93 -> 13576 | O93: =B93 -> 43642
A94: =TEXT(B94,"YY") -> 19 | B94: 43643 | C94: 木 | D94: ○ | E94: 19 | F94: 18 | G94: 19 | H94: =H93+F94-G94 -> 32 | I94: =I93+G94-E94 -> 0 | J94: =(G94-H93)*-1 -> 14 | M94: =M93+F94 -> 13627 | N94: =N93+G94 -> 13595 | O94: =B94 -> 43643
A95: =TEXT(B95,"YY") -> 19 | B95: 43644 | C95: 金 | D95: ○ | E95: 19 | F95: 18 | G95: 19 | H95: =H94+F95-G95 -> 31 | I95: =I94+G95-E95 -> 0 | J95: =(G95-H94)*-1 -> 13 | M95: =M94+F95 -> 13645 | N95: =N94+G95 -> 13614 | O95: =B95 -> 43644
A96: =TEXT(B96,"YY") -> 19 | B96: 43645 | C96: 土 | D96: × | H96: =H95+F96-G96 -> 31 | I96: =I95+G96-E96 -> 0 | J96: =(G96-H95)*-1 -> 31 | M96: =M95+F96 -> 13645 | N96: =N95+G96 -> 13614 | O96: =B96 -> 43645
A97: =TEXT(B97,"YY") -> 19 | B97: 43646 | C97: 日 | D97: × | H97: =H96+F97-G97 -> 31 | I97: =I96+G97-E97 -> 0 | J97: =(G97-H96)*-1 -> 31 | M97: =M96+F97 -> 13645 | N97: =N96+G97 -> 13614 | O97: =B97 -> 43646
A98: =TEXT(B98,"YY") -> 19 | B98: 43647 | C98: 月 | D98: ○ | E98: 19 | F98: 18 | G98: 19 | H98: =H97+F98-G98 -> 30 | I98: =I97+G98-E98 -> 0 | J98: =(G98-H97)*-1 -> 12 | M98: =M97+F98 -> 13663 | N98: =N97+G98 -> 13633 | O98: =B98 -> 43647
A99: =TEXT(B99,"YY") -> 19 | B99: 43648 | C99: 火 | D99: ○ | E99: 20 | F99: 18 | G99: 20 | H99: =H98+F99-G99 -> 28 | I99: =I98+G99-E99 -> 0 | J99: =(G99-H98)*-1 -> 10 | M99: =M98+F99 -> 13681 | N99: =N98+G99 -> 13653 | O99: =B99 -> 43648
A100: =TEXT(B100,"YY") -> 19 | B100: 43649 | C100: 水 | D100: ○ | E100: 20 | F100: 18 | G100: 20 | H100: =H99+F100-G100 -> 26 | I100: =I99+G100-E100 -> 0 | J100: =(G100-H99)*-1 -> 8 | M100: =M99+F100 -> 13699 | N100: =N99+G100 -> 13673 | O100: =B100 -> 43649
A101: =TEXT(B101,"YY") -> 19 | B101: 43650 | C101: 木 | D101: ○ | E101: 20 | F101: 18 | G101: 20 | H101: =H100+F101-G101 -> 24 | I101: =I100+G101-E101 -> 0 | J101: =(G101-H100)*-1 -> 6 | M101: =M100+F101 -> 13717 | N101: =N100+G101 -> 13693 | O101: =B101 -> 43650
...

Sheet Ｖ８ KMP  SHIPMENT PLAN 
E1: 2 | F1: 3 | G1: 4 | H1: 5 | J1: 6 | K1: 7 | L1: 9 | M1: 10 | N1: 11 | O1: 12 | P1: 13 | Q1: 14 | R1: 15 | T1: 16 | U1: 17 | W1: 18 | X1: 19 | Y1: 20 | AA1: 21 | AB1: 22
A2: A shipment schedule of KMP （It is based on production schedule of J-Koushin which referred to Omron data as of 1/10）
C4: ＠ | E4: 29856.4 | G4: 21069.9 | J4: 14724.3 | O4: 15607.8 | R4: 26329.3 | T4: 26329.3 | U4: 24384.6 | W4: 24384.6 | Y4: 24622.2 | AA4: 24622.2
E5: TRANCEPOTER | G5: 5000YEN unit | J5: OUTLET unit | L5: INLET unit | O5: SUPPLY unit | Q5: SHELTER unit | R5: RECOVERY unit | U5: 10000YEN unit | Y5: 1000YEN unit
A6: ＫＭＰ Shipment | B6: Day | C6: J-Koushin Arrival | D6: Day | E6: LAA001 | F6: LAA101 | G6: LAF001 | H6: LAF002 | I6: LAF003 | J6: LAG001 | K6: LAG002 | L6: LAE101 | M6: LAE102 | N6: LAE201 | O6: LBL001 | P6: LBL002 | Q6: LAL001 | R6: LAN001 | S6: LAN002 | T6: LCN001 | U6: LAC001 | V6: LAC002 | W6: LCC001 | X6: LCC002 | Y6: LAD001 | Z6: LAD002 | AA6: LCD001 | AB6: LCD002 | AC6: ＴＯＴＡＬ | AD6: Remarks | AE6: 前
A7: 40292 | B7: =TEXT(A7,"ｄｄｄ") -> Sat | C7: 40295 | D7: =TEXT(C7,"ｄｄｄ") -> Tue | E7: 3 | G7: 3 | H7: 0 | J7: 0 | O7: 0 | R7: 3 | T7: 0 | U7: 3 | W7: 0 | Y7: 3 | AA7: 0 | AC7: =SUM(E7:AB7) -> 15
A8: 40311 | B8: =TEXT(A8,"ｄｄｄ") -> Thu | C8: 40312 | D8: =TEXT(C8,"ｄｄｄ") -> Fri | E8: 18 | G8: 18 | H8: 0 | J8: 0 | O8: 0 | R8: 0 | T8: 0 | U8: 0 | W8: 0 | Y8: 0 | AA8: 0 | AC8: =SUM(E8:AB8) -> 36 | AD8: FEDEX866447055230
A9: 40316 | B9: =TEXT(A9,"ｄｄｄ") -> Tue | C9: 40317 | D9: =TEXT(C9,"ｄｄｄ") -> Wed | E9: 15 | G9: 19 | H9: 0 | J9: 0 | O9: 0 | R9: 12 | T9: 0 | U9: 9 | W9: 0 | Y9: 9 | AA9: 0 | AC9: =SUM(E9:AB9) -> 64 | AD9: FEDEX866447055240
A10: 40320 | B10: =TEXT(A10,"ｄｄｄ") -> Sat | C10: 40322 | D10: =TEXT(C10,"ｄｄｄ") -> Mon | E10: 12 | G10: 12 | H10: 0 | J10: 0 | O10: 0 | R10: 13 | T10: 0 | U10: 13 | W10: 0 | Y10: 13 | AA10: 0 | AC10: =SUM(E10:AB10) -> 63 | AD10: FEDEX866447055251
A11: 40327 | B11: =TEXT(A11,"ｄｄｄ") -> Sat | C11: 40329 | D11: =TEXT(C11,"ｄｄｄ") -> Mon | E11: 8 | G11: 8 | H11: 0 | J11: 0 | O11: 0 | R11: 9 | T11: 0 | U11: 12 | W11: 0 | Y11: 12 | AA11: 0 | AC11: =SUM(E11:AB11) -> 49 | AD11: FEDEX866447055284
A12: 40334 | B12: =TEXT(A12,"ｄｄｄ") -> Sat | C12: 40336 | D12: =TEXT(C12,"ｄｄｄ") -> Mon | E12: 19 | G12: 15 | H12: 0 | J12: 0 | O12: 0 | R12: 16 | T12: 0 | U12: 16 | W12: 0 | Y12: 16 | AA12: 0 | AC12: =SUM(E12:AB12) -> 82 | AD12: FEDEX866447055300
A13: 40341 | B13: =TEXT(A13,"ｄｄｄ") -> Sat | C13: 40343 | D13: =TEXT(C13,"ｄｄｄ") -> Mon | E13: 21 | G13: 21 | H13: 0 | J13: 0 | O13: 0 | R13: 8 | T13: 0 | U13: 19 | W13: 0 | Y13: 19 | AA13: 0 | AC13: =SUM(E13:AB13) -> 88 | AD13: FEDEX866447055310
A14: 40352 | B14: =TEXT(A14,"ｄｄｄ") -> Wed | C14: 40354 | D14: =TEXT(C14,"ｄｄｄ") -> Fri | E14: 19 | G14: 19 | H14: 0 | J14: 0 | O14: 0 | R14: 28 | T14: 0 | U14: 19 | W14: 0 | Y14: 19 | AA14: 0 | AC14: =SUM(E14:AB14) -> 104 | AD14: FEDEX866447055321
A15: 40358 | B15: =TEXT(A15,"ｄｄｄ") -> Tue | C15: 40359 | D15: =TEXT(C15,"ｄｄｄ") -> Wed | E15: 27 | G15: 14 | H15: 0 | J15: 0 | O15: 0 | R15: 12 | T15: 0 | U15: 19 | W15: 0 | Y15: 19 | AA15: 0 | AC15: =SUM(E15:AB15) -> 91 | AD15: 866447055332
A16: 40362 | B16: =TEXT(A16,"ｄｄｄ") -> Sat | C16: 40364 | D16: =TEXT(C16,"ｄｄｄ") -> Mon | E16: 5 | G16: 13 | H16: 0 | J16: 0 | O16: 0 | R16: 22 | T16: 0 | U16: 13 | W16: 0 | Y16: 13 | AA16: 0 | AC16: =SUM(E16:AB16) -> 66 | AD16: 866447055343
A17: 40372 | B17: =TEXT(A17,"ｄｄｄ") -> Tue | C17: 40374 | D17: =TEXT(C17,"ｄｄｄ") -> Thu | E17: 19 | G17: 24 | H17: 0 | J17: 0 | O17: 0 | R17: 18 | T17: 0 | U17: 18 | W17: 0 | Y17: 18 | AA17: 0 | AC17: =SUM(E17:AB17) -> 97 | AD17: 866447055376
A18: 40379 | B18: =TEXT(A18,"ｄｄｄ") -> Tue | C18: 40380 | D18: =TEXT(C18,"ｄｄｄ") -> Wed | E18: 19 | G18: 19 | H18: 0 | J18: 0 | O18: 0 | R18: 25 | T18: 0 | U18: 25 | W18: 0 | Y18: 25 | AA18: 0 | AC18: =SUM(E18:AB18) -> 113 | AD18: 866447055398
A19: 40388 | B19: =TEXT(A19,"ｄｄｄ") -> Thu | C19: 40389 | D19: =TEXT(C19,"ｄｄｄ") -> Fri | E19: 26 | G19: 5 | H19: 0 | J19: 0 | O19: 0 | R19: 32 | T19: 0 | U19: 19 | W19: 0 | Y19: 13 | AA19: 0 | AC19: =SUM(E19:AB19) -> 95 | AD19: 866447055413
A20: 40394 | B20: =TEXT(A20,"ｄｄｄ") -> Wed | C20: 40395 | D20: =TEXT(C20,"ｄｄｄ") -> Thu | E20: 0 | G20: 16 | H20: 0 | J20: 0 | O20: 0 | R20: 0 | T20: 0 | U20: 0 | W20: 0 | Y20: 4 | AA20: 0 | AC20: =SUM(E20:AB20) -> 20 | AD20: 866447055435
A21: 40404 | B21: =TEXT(A21,"ｄｄｄ") -> Sat | C21: 40406 | D21: =TEXT(C21,"ｄｄｄ") -> Mon | E21: 22 | G21: 21 | H21: 0 | J21: 0 | O21: 0 | R21: 9 | T21: 0 | U21: 15 | W21: 0 | Y21: 17 | AA21: 0 | AC21: =SUM(E21:AB21) -> 84 | AD21: 866447055457
A22: 40410 | B22: =TEXT(A22,"ｄｄｄ") -> Fri | C22: 40413 | D22: =TEXT(C22,"ｄｄｄ") -> Mon | E22: 23 | G22: 11 | H22: 0 | J22: 0 | O22: 0 | R22: 26 | T22: 0 | U22: 13 | W22: 0 | Y22: 13 | AA22: 0 | AC22: =SUM(E22:AB22) -> 86 | AD22: 866447055468
A23: 40416 | B23: =TEXT(A23,"ｄｄｄ") -> Thu | C23: 40417 | D23: =TEXT(C23,"ｄｄｄ") -> Fri | E23: 13 | G23: 20 | H23: 0 | J23: 0 | O23: 0 | R23: 17 | T23: 0 | U23: 25 | W23: 0 | Y23: 25 | AA23: 0 | AC23: =SUM(E23:AB23) -> 100 | AD23: 866447055479
A24: 40421 | B24: =TEXT(A24,"ｄｄｄ") -> Tue | C24: 40422 | D24: =TEXT(C24,"ｄｄｄ") -> Wed | E24: 8 | G24: 11 | H24: 0 | J24: 0 | O24: 0 | R24: 11 | T24: 0 | U24: 14 | W24: 0 | Y24: 14 | AA24: 0 | AC24: =SUM(E24:AB24) -> 58 | AD24: 866447055505
A25: 40425 | B25: =TEXT(A25,"ｄｄｄ") -> Sat | C25: 40428 | D25: =TEXT(C25,"ｄｄｄ") -> Tue | E25: 0 | G25: 18 | H25: 0 | J25: 0 | O25: 0 | R25: 12 | T25: 0 | U25: 17 | W25: 0 | Y25: 17 | AA25: 0 | AC25: =SUM(E25:AB25) -> 64 | AD25: 866447055516
A26: 40432 | B26: =TEXT(A26,"ｄｄｄ") -> Sat | C26: 40434 | D26: =TEXT(C26,"ｄｄｄ") -> Mon | E26: 16 | G26: 8 | H26: 0 | J26: 0 | O26: 0 | R26: 20 | T26: 0 | U26: 12 | W26: 0 | Y26: 12 | AA26: 0 | AC26: =SUM(E26:AB26) -> 68 | AD26: 866447055538
... A32: 40472 | B32: =TEXT(A32,"ｄｄｄ") -> Thu | C32: 40473 | D32: =TEXT(C32,"ｄｄｄ") -> Fri | E32: 37 | G32: 19 | H32: 0 | J32: 0 | O32: 0 | R32: 28 | T32: 0 | U32: 13 | W32: 0 | Y32: 13 | AA32: 0 | AC32: =SUM(E32:AB32) -> 110 | AD32: 866447055560
A33: 40478 | B33: =TEXT(A33,"ｄｄｄ") -> Wed | C33: 40479 | D33: =TEXT(C33,"ｄｄｄ") -> Thu | E33: 36 | G33: 28 | H33: 0 | J33: 0 | O33: 0 | R33: 22 | T33: 0 | U33: 28 | W33: 0 | Y33: 28 | AA33: 0 | AC33: =SUM(E33:AB33) -> 142 | AD33: DHL5678882381
A34: 40483 | B34: =TEXT(A34,"ｄｄｄ") -> Mon | C34: 40486 | D34: =TEXT(C34,"ｄｄｄ") -> Thu | E34: 10 | G34: 31 | H34: 0 | J34: 0 | O34: 0 | R34: 24 | T34: 0 | U34: 33 | W34: 0 | Y34: 33 | AA34: 0 | AC34: =SUM(E34:AB34) -> 131 | AD34: DHL5678882392
A35: 40488 | B35: =TEXT(A35,"ｄｄｄ") -> Sat | C35: 40490 | D35: =TEXT(C35,"ｄｄｄ") -> Mon | E35: 31 | G35: 27 | H35: 0 | J35: 0 | O35: 0 | R35: 35 | T35: 0 | U35: 28 | W35: 0 | Y35: 29 | AA35: 0 | AC35: =SUM(E35:AB35) -> 150 | AD35: 866447055571
A36: 40495 | B36: =TEXT(A36,"ｄｄｄ") -> Sat | C36: 40497 | D36: =TEXT(C36,"ｄｄｄ") -> Mon | E36: 40 | G36: 39 | H36: 0 | J36: 0 | O36: 0 | R36: 40 | T36: 0 | U36: 34 | W36: 0 | Y36: 34 | AA36: 0 | AC36: =SUM(E36:AB36) -> 187 | AD36: DHL5678882403
A37: 40502 | B37: =TEXT(A37,"ｄｄｄ") -> Sat | C37: 40506 | D37: =TEXT(C37,"ｄｄｄ") -> Wed | E37: 22 | G37: 28 | H37: 0 | J37: 0 | O37: 0 | R37: 23 | T37: 0 | U37: 22 | W37: 0 | Y37: 22 | AA37: 0 | AC37: =SUM(E37:AB37) -> 117 | AD37: DHL5678882436
A38: 40506 | B38: =TEXT(A38,"ｄｄｄ") -> Wed | C38: 40507 | D38: =TEXT(C38,"ｄｄｄ") -> Thu | E38: 15 | G38: 17 | H38: 0 | J38: 0 | O38: 0 | R38: 17 | T38: 0 | U38: 22 | W38: 0 | Y38: 19 | AA38: 0 | AC38: =SUM(E38:AB38) -> 90 | AD38: 866447055582
A39: 40509 | B39: =TEXT(A39,"ｄｄｄ") -> Sat | C39: 40512 | D39: =TEXT(C39,"ｄｄｄ") -> Tue | E39: 24 | G39: 18 | H39: 0 | J39: 0 | O39: 0 | R39: 12 | T39: 0 | U39: 18 | W39: 0 | Y39: 18 | AA39: 0 | AC39: =SUM(E39:AB39) -> 90 | AD39: 866447055593
A40: 40516 | B40: =TEXT(A40,"ｄｄｄ") -> Sat | C40: 40518 | D40: =TEXT(C40,"ｄｄｄ") -> Mon | E40: 18 | G40: 24 | H40: 0 | J40: 0 | O40: 0 | R40: 26 | T40: 0 | U40: 29 | W40: 0 | Y40: 30 | AA40: 0 | AC40: =SUM(E40:AB40) -> 127 | AD40: DHL5678882554
A41: 40520 | B41: =TEXT(A41,"ｄｄｄ") -> Wed | C41: 40521 | D41: =TEXT(C41,"ｄｄｄ") -> Thu | E41: 10 | G41: 14 | H41: 0 | J41: 0 | O41: 0 | R41: 22 | T41: 0 | U41: 25 | W41: 0 | Y41: 24 | AA41: 0 | AC41: =SUM(E41:AB41) -> 95 | AD41: 866447055608
A42: 40523 | B42: =TEXT(A42,"ｄｄｄ") -> Sat | C42: 40527 | D42: =TEXT(C42,"ｄｄｄ") -> Wed | E42: 22 | G42: 13 | H42: 0 | J42: 0 | O42: 0 | R42: 19 | T42: 0 | U42: 22 | W42: 0 | Y42: 22 | AA42: 0 | AC42: =SUM(E42:AB42) -> 98 | AD42: 866447055619
A43: 40530 | B43: =TEXT(A43,"ｄｄｄ") -> Sat | C43: 40534 | D43: =TEXT(C43,"ｄｄｄ") -> Wed | E43: 18 | G43: 35 | H43: 0 | J43: 0 | O43: 0 | R43: 20 | T43: 0 | U43: 22 | W43: 0 | Y43: 22 | AA43: 0 | AC43: =SUM(E43:AB43) -> 117 | AD43: DHL5678882543
A44: 40535 | B44: =TEXT(A44,"ｄｄｄ") -> Thu | C44: 40536 | D44: =TEXT(C44,"ｄｄｄ") -> Fri | E44: 42 | G44: 29 | H44: 0 | J44: 0 | O44: 0 | R44: 27 | T44: 0 | U44: 24 | W44: 0 | Y44: 24 | AA44: 0 | AC44: =SUM(E44:AB44) -> 146 | AD44: 866447055620
A45: 40555 | B45: =TEXT(A45,"ｄｄｄ") -> Wed | C45: 40556 | D45: =TEXT(C45,"ｄｄｄ") -> Thu | E45: 23 | G45: 24 | H45: 0 | J45: 0 | O45: 0 | R45: 27 | T45: 0 | U45: 27 | W45: 0 | Y45: 27 | AA45: 0 | AC45: =SUM(E45:AB45) -> 128 | AD45: 866447055652
A46: 40562 | B46: =TEXT(A46,"ｄｄｄ") -> Wed | C46: 40563 | D46: =TEXT(C46,"ｄｄｄ") -> Thu | E46: 3 | G46: 27 | H46: 0 | J46: 0 | O46: 0 | R46: 35 | T46: 0 | U46: 36 | W46: 0 | Y46: 36 | AA46: 0 | AC46: =SUM(E46:AB46) -> 137 | AD46: 866447055674
D47: =TEXT(C47,"ｄｄｄ") -> Sat | H47: 0 | J47: 0 | O47: 0 | R47: 0 | U47: 1 | Y47: 1 | AC47: =SUM(E47:AB47) -> 2 | AD47: 1/20入荷 未検収
A48: 40567 | B48: =TEXT(A48,"ｄｄｄ") -> Mon | C48: 40568 | D48: =TEXT(C48,"ｄｄｄ") -> Tue | E48: 22 | G48: 0 | H48: 0 | J48: 0 | O48: 0 | R48: 0 | T48: 0 | U48: 0 | W48: 0 | Y48: 0 | AA48: 0 | AC48: =SUM(E48:AB48) -> 22 | AD48: 866447055685
A49: 40572 | B49: =TEXT(A49,"ｄｄｄ") -> Sat | C49: 40575 | D49: =TEXT(C49,"ｄｄｄ") -> Tue | E49: 18 | G49: 6 | H49: 0 | J49: 0 | O49: 0 | R49: 29 | T49: 0 | U49: 11 | W49: 0 | Y49: 11 | AA49: 0 | AC49: =SUM(E49:AB49) -> 75 | AD49: 866447055825
A50: 40579 | B50: =TEXT(A50,"ｄｄｄ") -> Sat | C50: 40582 | D50: =TEXT(C50,"ｄｄｄ") -> Tue | E50: 14 | G50: 28 | H50: 0 | J50: 0 | O50: 0 | R50: 15 | T50: 0 | U50: 29 | W50: 0 | Y50: 29 | AA50: 0 | AC50: =SUM(E50:AB50) -> 115 | AD50: 866447055814
A51: 40586 | B51: =TEXT(A51,"ｄｄｄ") -> Sat | C51: 40589 | D51: =TEXT(C51,"ｄｄｄ") -> Tue | E51: 0 | G51: 2 | H51: 0 | J51: 0 | O51: 0 | R51: 21 | T51: 0 | U51: 20 | W51: 0 | Y51: 20 | AA51: 0 | AC51: =SUM(E51:AB51) -> 63 | AD51: 866447055696
A52: 40595 | B52: =TEXT(A52,"ｄｄｄ") -> Mon | C52: 40596 | D52: =TEXT(C52,"ｄｄｄ") -> Tue | E52: 0 | G52: 0 | H52: 0 | J52: 0 | O52: 0 | R52: 0 | T52: 0 | U52: 1 | W52: 0 | Y52: 1 | AA52: 0 | AC52: =SUM(E52:AB52) -> 2 | AD52: DHL5678882532
A53: 40600 | B53: =TEXT(A53,"ｄｄｄ") -> Sat | C53: 40603 | D53: =TEXT(C53,"ｄｄｄ") -> Tue | E53: 0 | G53: 0 | H53: 0 | J53: 0 | O53: 0 | R53: 4 | T53: 0 | U53: 0 | W53: 0 | Y53: 2 | AA53: 0 | AC53: =SUM(E53:AB53) -> 6 | AD53: 866447055722
A54: 40612 | B54: =TEXT(A54,"ｄｄｄ") -> Thu | C54: 40613 | D54: =TEXT(C54,"ｄｄｄ") -> Fri | E54: 10 | G54: 10 | H54: 0 | J54: 0 | O54: 0 | R54: 1 | T54: 0 | U54: 10 | W54: 0 | Y54: 9 | AA54: 0 | AC54: =SUM(E54:AB54) -> 40 | AD54: 873379512923
A55: 40625 | B55: =TEXT(A55,"ｄｄｄ") -> Wed | C55: 40627 | D55: =TEXT(C55,"ｄｄｄ") -> Fri | E55: 1 | G55: 1 | H55: 0 | J55: 0 | O55: 0 | R55: 0 | T55: 0 | U55: 0 | W55: 0 | Y55: 1 | AA55: 0 | AC55: =SUM(E55:AB55) -> 3 | AD55: 873379512934
A56: 40634 | B56: =TEXT(A56,"ｄｄｄ") -> Fri | C56: 40638 | D56: =TEXT(C56,"ｄｄｄ") -> Tue | E56: 0 | G56: 0 | H56: 0 | J56: 0 | O56: 0 | R56: 8 | T56: 0 | U56: 0 | W56: 0 | Y56: 0 | AA56: 0 | AC56: =SUM(E56:AB56) -> 8 | AD56: 866447055733
A57: 40652 | B57: =TEXT(A57,"ｄｄｄ") -> Tue | C57: 40655 | D57: =TEXT(C57,"ｄｄｄ") -> Fri | E57: 10 | G57: 0 | H57: 0 | J57: 0 | O57: 0 | R57: 0 | T57: 0 | U57: 1 | W57: 0 | Y57: 1 | AA57: 0 | AC57: =SUM(E57:AB57) -> 12 | AD57: DHL5678882440
A58: 40652 | B58: =TEXT(A58,"ｄｄｄ") -> Tue | C58: 40675 | D58: =TEXT(C58,"ｄｄｄ") -> Thu | E58: 0 | G58: 10 | H58: 0 | J58: 0 | O58: 0 | R58: 3 | T58: 0 | U58: 10 | W58: 0 | Y58: 10 | AA58: 0 | AC58: =SUM(E58:AB58) -> 33 | AD58: DHL5678882451
A59: 40682 | B59: =TEXT(A59,"ｄｄｄ") -> Thu | C59: 40686 | D59: =TEXT(C59,"ｄｄｄ") -> Mon | E59: 6 | G59: 6 | H59: 0 | J59: 0 | O59: 0 | R59: 4 | U59: 6 | Y59: 6 | AC59: =SUM(E59:AB59) -> 28 | AD59: DHL5678882462
A60: 40694 | B60: =TEXT(A60,"ｄｄｄ") -> Tue | C60: 40695 | D60: =TEXT(C60,"ｄｄｄ") -> Wed | E60: 5 | G60: 0 | H60: 0 | J60: 0 | O60: 0 | R60: 0 | U60: 0 | Y60: 0 | AC60: =SUM(E60:AB60) -> 5 | AD60: DHL5678882473
A61: 40701 | B61: =TEXT(A61,"ｄｄｄ") -> Tue | C61: 40703 | D61: =TEXT(C61,"ｄｄｄ") -> Thu | E61: 0 | G61: 0 | H61: 0 | J61: 0 | O61: 0 | R61: 10 | U61: 0 | Y61: 0 | AC61: =SUM(E61:AB61) -> 10 | AD61: DHL5678882510
A62: 40708 | B62: =TEXT(A62,"ｄｄｄ") -> Tue | C62: 40709 | D62: =TEXT(C62,"ｄｄｄ") -> Wed | E62: 10 | G62: 10 | H62: 0 | J62: 10 | O62: 0 | R62: 0 | U62: 5 | Y62: 5 | AC62: =SUM(E62:AB62) -> 40 | AD62: 866447055799
A63: 40722 | B63: =TEXT(A63,"ｄｄｄ") -> Tue | C63: 40723 | D63: =TEXT(C63,"ｄｄｄ") -> Wed | E63: 9 | G63: 9 | H63: 0 | J63: 9 | O63: 5 | R63: 1 | U63: 6 | Y63: 6 | AC63: =SUM(E63:AB63) -> 45 | AD63: DHL5678882495
A64: 40728 | B64: =TEXT(A64,"ｄｄｄ") -> Mon | C64: 40731 | D64: =TEXT(C64,"ｄｄｄ") -> Thu | E64: 1 | G64: 6 | H64: 0 | J64: 6 | O64: 5 | R64: 7 | U64: 4 | Y64: 4 | AC64: =SUM(E64:AB64) -> 33 | AD64: DHL7835032026
A65: 40735 | B65: =TEXT(A65,"ｄｄｄ") -> Mon | C65: 40736 | D65: =TEXT(C65,"ｄｄｄ") -> Tue | E65: 2 | G65: 2 | H65: 0 | J65: 2 | O65: 0 | R65: 2 | U65: 5 | Y65: 5 | AC65: =SUM(E65:AB65) -> 18 | AD65: DHL7835032030
A66: 40742 | B66: =TEXT(A66,"ｄｄｄ") -> Mon | C66: 40743 | D66: =TEXT(C66,"ｄｄｄ") -> Tue | E66: 6 | G66: 9 | H66: 0 | J66: 9 | O66: 0 | R66: 11 | U66: 11 | Y66: 11 | AC66: =SUM(E66:AB66) -> 57 | AD66: 866447055777
A67: 40749 | B67: =TEXT(A67,"ｄｄｄ") -> Mon | C67: 40751 | D67: =TEXT(C67,"ｄｄｄ") -> Wed | E67: 9 | G67: 6 | H67: 0 | J67: 6 | O67: 0 | R67: 8 | U67: 8 | Y67: 8 | AC67: =SUM(E67:AB67) -> 45 | AD67: DHL7835034174
A68: 40756 | B68: =TEXT(A68,"ｄｄｄ") -> Mon | C68: 40758 | D68: =TEXT(C68,"ｄｄｄ") -> Wed | E68: 0 | G68: 0 | H68: 0 | J68: 0 | O68: 0 | R68: 0 | U68: 0 | Y68: 1 | AC68: =SUM(E68:AB68) -> 1 | AD68: DHL7835034163
A69: 40771 | B69: =TEXT(A69,"ｄｄｄ") -> Tue | C69: 40777 | D69: =TEXT(C69,"ｄｄｄ") -> Mon | E69: 15 | G69: 15 | H69: 0 | J69: 15 | O69: 0 | R69: 12 | U69: 12 | Y69: 12 | AC69: =SUM(E69:AB69) -> 81 | AD69: DHL7835034152
A70: 40780 | B70: =TEXT(A70,"ｄｄｄ") -> Thu | C70: 40785 | D70: =TEXT(C70,"ｄｄｄ") -> Tue | E70: 13 | G70: 13 | H70: 0 | J70: 12 | O70: 0 | R70: 15 | U70: 15 | Y70: 15 | AC70: =SUM(E70:AB70) -> 83 | AD70: DHL7835034130
A71: 40794 | B71: =TEXT(A71,"ｄｄｄ") -> Thu | C71: 40795 | D71: =TEXT(C71,"ｄｄｄ") -> Fri | E71: 0 | G71: 0 | H71: 0 | J71: 0 | O71: 0 | R71: 8 | U71: 0 | Y71: 0 | AC71: =SUM(E71:AB71) -> 8 | AD71: DHL7835034126
A72: 40799 | B72: =TEXT(A72,"ｄｄｄ") -> Tue | C72: 40802 | D72: =TEXT(C72,"ｄｄｄ") -> Fri | E72: 7 | G72: 4 | H72: 0 | J72: 5 | O72: 0 | R72: 0 | U72: 8 | Y72: 8 | AC72: =SUM(E72:AB72) -> 32 | AD72: ＤＨＬ7835032041
A73: 40805 | B73: =TEXT(A73,"ｄｄｄ") -> Mon | C73: 40806 | D73: =TEXT(C73,"ｄｄｄ") -> Tue | E73: 0 | G73: 0 | H73: 0 | J73: 0 | O73: 0 | R73: 11 | U73: 0 | Y73: 0 | AC73: =SUM(E73:AB73) -> 11 | AD73: DHL7835032052
A74: 40812 | B74: =TEXT(A74,"ｄｄｄ") -> Mon | C74: 40814 | D74: =TEXT(C74,"ｄｄｄ") -> Wed | E74: 15 | G74: 18 | H74: 0 | J74: 18 | O74: 0 | R74: 10 | U74: 11 | Y74: 11 | AC74: =SUM(E74:AB74) -> 83 | AD74: DHL7835032063(LAG damage)
A75: 40826 | B75: =TEXT(A75,"ｄｄｄ") -> Mon | C75: 40828 | D75: =TEXT(C75,"ｄｄｄ") -> Wed | E75: 21 | G75: 21 | H75: 0 | J75: 21 | O75: 0 | R75: 18 | U75: 21 | Y75: 21 | AC75: =SUM(E75:AB75) -> 123 | AD75: DHL7835032085(damage)
A76: 40838 | B76: =TEXT(A76,"ｄｄｄ") -> Sat | C76: 40841 | D76: =TEXT(C76,"ｄｄｄ") -> Tue | E76: 24 | G76: 24 | H76: 0 | J76: 24 | O76: 10 | R76: 20 | U76: 20 | Y76: 20 | AC76: =SUM(E76:AB76) -> 142 | AD76: DHL7835032096
A77: 40845 | B77: =TEXT(A77,"ｄｄｄ") -> Sat | C77: 40847 | D77: =TEXT(C77,"ｄｄｄ") -> Mon | E77: 24 | G77: 24 | H77: 0 | J77: 0 | O77: 10 | R77: 20 | U77: 20 | Y77: 20 | AC77: =SUM(E77:AB77) -> 118 | AD77: DHL7835032100
A78: 40852 | B78: =TEXT(A78,"ｄｄｄ") -> Sat | C78: 40854 | D78: =TEXT(C78,"ｄｄｄ") -> Mon | E78: 0 | G78: 0 | H78: 0 | J78: 24 | O78: 0 | R78: 0 | U78: 0 | Y78: 0 | AC78: =SUM(E78:AB78) -> 24 | AD78: DHL7835032111
... A97: 40978 | B97: =TEXT(A97,"ｄｄｄ") -> Sat | C97: 40980 | D97: =TEXT(C97,"ｄｄｄ") -> Mon | E97: 11 | G97: 13 | H97: 0 | J97: 0 | O97: 4 | R97: 13 | U97: 13 | Y97: 13 | AC97: =SUM(E97:AB97) -> 67 | AD97: DHL7835034060
A98: 40981 | B98: =TEXT(A98,"ｄｄｄ") -> Tue | C98: 40982 | D98: =TEXT(C98,"ｄｄｄ") -> Wed | E98: 0 | G98: 0 | H98: 0 | J98: 10 | O98: 0 | R98: 0 | U98: 0 | Y98: 0 | AC98: =SUM(E98:AB98) -> 10 | AD98: 866447055766
A99: 40992 | B99: =TEXT(A99,"ｄｄｄ") -> Sat | C99: 40994 | D99: =TEXT(C99,"ｄｄｄ") -> Mon | E99: 22 | G99: 22 | H99: 0 | J99: 22 | O99: 3 | R99: 0 | U99: 8 | Y99: 8 | AC99: =SUM(E99:AB99) -> 85 | AD99: DHL7835034056
A100: 40996 | B100: =TEXT(A100,"ｄｄｄ") -> Wed | C100: 40997 | D100: =TEXT(C100,"ｄｄｄ") -> Thu | E100: 0 | G100: 0 | H100: 0 | J100: 0 | O100: 2 | R100: 14 | U100: 14 | Y100: 14 | AC100: =SUM(E100:AB100) -> 44 | AD100: DHL7835034045
A101: 41001 | B101: =TEXT(A101,"ｄｄｄ") -> Mon | C101: 41003 | D101: =TEXT(C101,"ｄｄｄ") -> Wed | E101: 23 | G101: 24 | H101: 0 | J101: 24 | O101: 5 | R101: 20 | U101: 21 | Y101: 21 | AC101: =SUM(E101:AB101) -> 138 | AD101: DHL7835034034
A102: 41011 | B102: =TEXT(A102,"ｄｄｄ") -> Thu | C102: 41016 | D102: =TEXT(C102,"ｄｄｄ") -> Tue | E102: 10 | G102: 7 | H102: 0 | J102: 4 | O102: 2 | R102: 16 | U102: 12 | Y102: 12 | AC102: =SUM(E102:AB102) -> 63 | AD102: DHL7835034001
A103: 41020 | B103: =TEXT(A103,"ｄｄｄ") -> Sat | C103: 41023 | D103: =TEXT(C103,"ｄｄｄ") -> Tue | E103: 9 | G103: 12 | H103: 0 | J103: 14 | O103: 4 | R103: 6 | U103: 10 | Y103: 10 | AC103: =SUM(E103:AB103) -> 65 | AD103: DHL7835033990
A104: 41032 | B104: =TEXT(A104,"ｄｄｄ") -> Thu | C104: 41038 | D104: =TEXT(C104,"ｄｄｄ") -> Wed | E104: 23 | G104: 23 | H104: 0 | J104: 23 | O104: 9 | R104: 21 | T104: 0 | U104: 17 | W104: 0 | Y104: 17 | AA104: 0 | AC104: =SUM(E104:AB104) -> 133 | AD104: DHL7835033986
A105: 41048 | B105: =TEXT(A105,"ｄｄｄ") -> Sat | C105: 41051 | D105: =TEXT(C105,"ｄｄｄ") -> Tue | E105: 12 | G105: 12 | H105: 0 | J105: 12 | O105: 12 | R105: 18 | T105: 0 | U105: 23 | W105: 0 | Y105: 23 | AA105: 0 | AC105: =SUM(E105:AB105) -> 112 | AD105: DHL7835033975
A106: 41055 | B106: =TEXT(A106,"ｄｄｄ") -> Sat | C106: 41058 | D106: =TEXT(C106,"ｄｄｄ") -> Tue | E106: 13 | G106: 13 | H106: 0 | J106: 13 | O106: 12 | R106: 23 | T106: 5 | U106: 22 | W106: 5 | Y106: 22 | AA106: 5 | AC106: =SUM(E106:AB106) -> 133 | AD106: DHL7835033964
A107: 41062 | B107: =TEXT(A107,"ｄｄｄ") -> Sat | C107: 41065 | D107: =TEXT(C107,"ｄｄｄ") -> Tue | E107: 21 | G107: 21 | H107: 0 | J107: 21 | O107: 3 | R107: 18 | T107: 0 | U107: 18 | W107: 0 | Y107: 18 | AA107: 0 | AC107: =SUM(E107:AB107) -> 120 | AD107: DHL7835032413
A108: 41071 | B108: =TEXT(A108,"ｄｄｄ") -> Mon | C108: 41072 | D108: =TEXT(C108,"ｄｄｄ") -> Tue | E108: 20 | G108: 20 | H108: 0 | J108: 20 | O108: 0 | R108: 15 | T108: 0 | U108: 15 | W108: 0 | Y108: 15 | AA108: 0 | AC108: =SUM(E108:AB108) -> 105 | AD108: DHL7835032424
A109: 41089 | B109: =TEXT(A109,"ｄｄｄ") -> Fri | C109: 41081 | D109: =TEXT(C109,"ｄｄｄ") -> Thu | E109: 16 | G109: 16 | H109: 0 | J109: 16 | O109: 13 | R109: 18 | T109: 0 | U109: 16 | W109: 0 | Y109: 16 | AA109: 0 | AC109: =SUM(E109:AB109) -> 111 | AD109: DHL7835032435
A110: 41083 | B110: =TEXT(A110,"ｄｄｄ") -> Sat | C110: 41086 | D110: =TEXT(C110,"ｄｄｄ") -> Tue | E110: 8 | G110: 19 | H110: 0 | J110: 14 | O110: 11 | R110: 15 | T110: 0 | U110: 16 | W110: 0 | Y110: 16 | AA110: 0 | AC110: =SUM(E110:AB110) -> 99 | AD110: DHL7835032446
A111: 41077 | B111: =TEXT(A111,"ｄｄｄ") -> Sun | C111: 41089 | D111: =TEXT(C111,"ｄｄｄ") -> Fri | E111: 10 | G111: 13 | H111: 0 | J111: 15 | O111: 8 | R111: 14 | T111: 0 | U111: 12 | W111: 0 | Y111: 12 | AA111: 0 | AC111: =SUM(E111:AB111) -> 84 | AD111: sagawa-global
A112: 41093 | B112: =TEXT(A112,"ｄｄｄ") -> Tue | C112: 41095 | D112: =TEXT(C112,"ｄｄｄ") -> Thu | E112: 16 | G112: 12 | H112: 0 | J112: 6 | O112: 3 | R112: 12 | T112: 0 | U112: 15 | W112: 0 | Y112: 15 | AA112: 0 | AC112: =SUM(E112:AB112) -> 79 | AD112: DHL7835032450
A113: 41097 | B113: =TEXT(A113,"ｄｄｄ") -> Sat | C113: 41101 | D113: =TEXT(C113,"ｄｄｄ") -> Wed | E113: 15 | G113: 6 | H113: 0 | J113: 15 | O113: 9 | R113: 11 | T113: 0 | U113: 11 | W113: 0 | Y113: 11 | AA113: 0 | AC113: =SUM(E113:AB113) -> 78 | AD113: DHL7835032461
A114: 41106 | B114: =TEXT(A114,"ｄｄｄ") -> Mon | C114: 41107 | D114: =TEXT(C114,"ｄｄｄ") -> Tue | E114: 3 | G114: 3 | H114: 0 | J114: 3 | O114: 6 | R114: 6 | T114: 0 | U114: 6 | W114: 0 | Y114: 6 | AA114: 0 | AC114: =SUM(E114:AB114) -> 33 | AD114: DHL7835032483
A115: 41109 | B115: =TEXT(A115,"ｄｄｄ") -> Thu | C115: 41113 | D115: =TEXT(C115,"ｄｄｄ") -> Mon | E115: 0 | G115: 0 | H115: 0 | J115: 1 | O115: 3 | R115: 8 | T115: 0 | U115: 3 | W115: 0 | Y115: 3 | AA115: 0 | AC115: =SUM(E115:AB115) -> 18 | AD115: DHL7835032505
A116: 41114 | B116: =TEXT(A116,"ｄｄｄ") -> Tue | C116: 41117 | D116: =TEXT(C116,"ｄｄｄ") -> Fri | E116: 0 | G116: 3 | H116: 0 | J116: 0 | O116: 5 | R116: 0 | T116: 0 | U116: 8 | W116: 0 | Y116: 8 | AA116: 0 | AC116: =SUM(E116:AB116) -> 24 | AD116: DHL7835032516
A117: 41153 | B117: =TEXT(A117,"ｄｄｄ") -> Sat | C117: 41155 | D117: =TEXT(C117,"ｄｄｄ") -> Mon | E117: 4 | F117: 0 | G117: 4 | H117: 0 | J117: 4 | K117: 0 | O117: 1 | P117: 0 | R117: 1 | T117: 0 | U117: 1 | W117: 0 | Y117: 1 | AA117: 0 | AC117: =SUM(E117:AB117) -> 16 | AD117: DHL7835032586
A118: 41169 | B118: =TEXT(A118,"ｄｄｄ") -> Mon | C118: 41171 | D118: =TEXT(C118,"ｄｄｄ") -> Wed | E118: 13 | F118: 0 | G118: 13 | H118: 0 | J118: 13 | K118: 0 | O118: 6 | P118: 0 | R118: 6 | T118: 0 | U118: 6 | W118: 0 | Y118: 6 | AA118: 0 | AC118: =SUM(E118:AB118) -> 63 | AD118: DHL7835032612
A119: 41174 | B119: =TEXT(A119,"ｄｄｄ") -> Sat | C119: 41178 | D119: =TEXT(C119,"ｄｄｄ") -> Wed | E119: 9 | F119: 0 | G119: 13 | H119: 0 | J119: 10 | K119: 0 | O119: 12 | P119: 0 | R119: 12 | T119: 0 | U119: 12 | W119: 0 | Y119: 12 | AA119: 0 | AC119: =SUM(E119:AB119) -> 80 | AD119: DHL7835032634
A120: 41181 | B120: =TEXT(A120,"ｄｄｄ") -> Sat | C120: 41185 | D120: =TEXT(C120,"ｄｄｄ") -> Wed | E120: 17 | F120: 0 | G120: 13 | H120: 0 | J120: 16 | K120: 0 | O120: 19 | P120: 0 | R120: 19 | T120: 0 | U120: 19 | W120: 0 | Y120: 19 | AA120: 0 | AC120: =SUM(E120:AB120) -> 122 | AD120: DHL7835032623
A121: 41192 | B121: =TEXT(A121,"ｄｄｄ") -> Wed | C121: 41197 | D121: =TEXT(C121,"ｄｄｄ") -> Mon | E121: 5 | F121: 0 | G121: 5 | H121: 0 | J121: 5 | K121: 0 | O121: 5 | P121: 0 | R121: 5 | T121: 0 | U121: 5 | W121: 0 | Y121: 5 | AA121: 0 | AC121: =SUM(E121:AB121) -> 35 | AD121: sagawa-global
A122: 41198 | B122: =TEXT(A122,"ｄｄｄ") -> Tue | C122: 41200 | D122: =TEXT(C122,"ｄｄｄ") -> Thu | E122: 8 | F122: 0 | G122: 13 | H122: 0 | J122: 8 | K122: 0 | O122: 3 | P122: 0 | R122: 7 | T122: 0 | U122: 0 | W122: 0 | Y122: 0 | AA122: 0 | AC122: =SUM(E122:AB122) -> 39 | AD122: DHL7835032645
A123: 41205 | B123: =TEXT(A123,"ｄｄｄ") -> Tue | C123: 41207 | D123: =TEXT(C123,"ｄｄｄ") -> Thu | E123: 18 | F123: 0 | G123: 7 | H123: 0 | J123: 9 | K123: 0 | O123: 10 | P123: 0 | R123: 15 | T123: 0 | U123: 7 | W123: 0 | Y123: 7 | AA123: 0 | AC123: =SUM(E123:AB123) -> 73 | AD123: DHL7835032660
A124: 41213 | B124: =TEXT(A124,"ｄｄｄ") -> Wed | C124: 41215 | D124: =TEXT(C124,"ｄｄｄ") -> Fri | E124: 0 | F124: 0 | G124: 9 | H124: 0 | J124: 9 | K124: 0 | O124: 0 | P124: 0 | R124: 7 | T124: 0 | U124: 14 | W124: 0 | Y124: 14 | AA124: 0 | AC124: =SUM(E124:AB124) -> 53 | AD124: DHL7835032660
...

Sheet BH出荷・完了グラフ 
A1: 出荷月 | B1: V8-BH | C1: V9-BH | D1: BH合計
A2: 25/4月 | B2: 12 | C2: 16 | D2: 28
A3: 5月 | B3: 16 | C3: 18 | D3: 34
A4: 6月 | B4: 13 | C4: 19 | D4: 32
A5: 7月 | B5: 12 | C5: 37 | D5: 49
A6: 8月 | B6: 25 | C6: 50 | D6: 75
A7: 9月 | B7: 24 | C7: 54 | D7: 78
A8: 10月 | B8: 45 | C8: 72 | D8: 117
A9: 11月 | B9: 53 | C9: 71 | D9: 124
A10: 12月 | B10: 31 | C10: 64 | D10: 95
A11: 26/1月 | B11: 36 | C11: 61 | D11: 97
A12: 2月 | B12: 6 | C12: 25 | D12: 31
A13: 3月 | B13: 16 | C13: 14 | D13: 30
... A26: 4月 | B26: 25 | C26: 0 | D26: 25
A28: 日 | B28: V8出荷 | C28: V8完了 | D28: V9出荷 | E28: V9完了 | F28: BH出荷台数 | G28: BH完了台数
A29: 45992 | B29: 5 | C29: 2 | D29: 2 | E29: 4 | F29: =B29+D29 -> 7 | G29: =C29+E29 -> 6
A30: 45993 | B30: 3 | C30: 2 | D30: 2 | E30: 4 | F30: =B30+D30 -> 5 | G30: =C30+E30 -> 6
A31: 45994 | B31: 2 | C31: 2 | D31: 2 | E31: 4 | F31: =B31+D31 -> 4 | G31: =C31+E31 -> 6
A32: 45995 | B32: 3 | C32: 1 | D32: 2 | E32: 5 | F32: =B32+D32 -> 5 | G32: =C32+E32 -> 6
A33: 45996 | B33: 1 | C33: 1 | D33: 4 | E33: 5 | F33: =B33+D33 -> 5 | G33: =C33+E33 -> 6
A34: 45999 | B34: 1 | C34: 1 | D34: 3 | E34: 5 | F34: =B34+D34 -> 4 | G34: =C34+E34 -> 6
A35: 46000 | B35: 1 | C35: 1 | D35: 3 | E35: 5 | F35: =B35+D35 -> 4 | G35: =C35+E35 -> 6
A36: 46001 | B36: 1 | C36: 1 | D36: 3 | E36: 5 | F36: =B36+D36 -> 4 | G36: =C36+E36 -> 6
A37: 46002 | B37: 2 | C37: 2 | D37: 2 | E37: 4 | F37: =B37+D37 -> 4 | G37: =C37+E37 -> 6
A38: 46003 | B38: 1 | C38: 2 | D38: 3 | E38: 4 | F38: =B38+D38 -> 4 | G38: =C38+E38 -> 6
A39: 46006 | B39: 2 | C39: 2 | D39: 3 | E39: 4 | F39: =B39+D39 -> 5 | G39: =C39+E39 -> 6
A40: 46007 | B40: 2 | C40: 2 | D40: 3 | E40: 4 | F40: =B40+D40 -> 5 | G40: =C40+E40 -> 6
... A126: 46139 | B126: 0 | C126: 0 | D126: 5 | E126: 5 | F126: =B126+D126 -> 5 | G126: =C126+E126 -> 5
A127: 46140 | B127: 0 | C127: 0 | D127: 6 | F127: =B127+D127 -> 6 | G127: =C127+E127 -> 0
A128: 46142 | B128: 0 | C128: 0 | F128: =B128+D128 -> 0 | G128: =C128+E128 -> 0

Sheet 山元用
A1: 日付 ShipDate | B1: ﾊﾝｿｳﾌﾞ | C1: 5000ｴﾝﾌﾞ | D1: 5000ｴﾝﾌﾞ | E1: 5000ｴﾝﾌﾞ | F1: ﾂﾘｼﾍｲ ﾎﾘﾕｳﾌﾞ | G1: ﾂﾘｼﾍｲ ﾎﾘﾕｳﾌﾞ | H1: ｿｳﾆﾕｳｳﾌﾞ | I1: ｿｳﾆﾕｳｳﾌﾞ | J1: ｿｳﾆﾕｳｳﾌﾞ | K1: ﾎｷﾕｳﾌﾞ ｺｳﾎｳ | L1: ﾎｷﾕｳﾌﾞ ｺｳﾎｳ | M1: ﾀｲﾋﾌﾞ | N1: ｶｲｼﾕｳﾌﾞ （固定式） | O1: ｶｲｼﾕｳﾌﾞ （固定式） | P1: ｶｲｼﾕｳﾌﾞ （可搬式） | Q1: 10000ｴﾝﾌﾞ （固定式） | R1: 10000ｴﾝﾌﾞ （固定式） | S1: 10000ｴﾝﾌﾞ （可搬式） | T1: 10000ｴﾝﾌﾞ （可搬式） | U1: 1000ｴﾝ ｶｾﾂﾄﾌﾞ （固定式） | V1: 1000ｴﾝ ｶｾﾂﾄﾌﾞ （固定式） | W1: 1000ｴﾝ ｶｾﾂﾄﾌﾞ （可搬式） | X1: 1000ｴﾝ ｶｾﾂﾄﾌﾞ （可搬式） | Y1: ｷﾎﾝﾌﾞ BH | Z1: ｷﾎﾝﾌﾞ BH | AA1: ｷﾎﾝﾌﾞ BH | AB1: ｷﾎﾝﾌﾞ BH | AC1: ｷﾎﾝﾌﾞ BH | AD1: ｷﾎﾝﾌﾞ BH | AE1: ｷﾎﾝﾌﾞ BH | AF1: ﾚ-ﾙﾌﾞ
A2: 46066 | B2: LAA101 | C2: LAF001 | D2: LAF002 | E2: LAF003 | F2: LAG001 | G2: LAG002 | H2: LAE101 | I2: LAE102 | J2: LAE201 | K2: LBL001 | L2: LBL002 | M2: LAL001 | N2: LAN001 | O2: LAN002 | P2: LCN001 | Q2: LAC001 | R2: LAC002 | S2: LCC001 | T2: LCC002 | U2: LAD001 | V2: LAD002 | W2: LCD001 | X2: LCD002 | Y2: LAZ002 | Z2: LAZ003 | AA2: LAZ004 | AB2: LAZ101 | AC2: LAZ102 | AD2: LAZ103 | AE2: LAZ201 | AF2: LAH001
A3: メンテ 台数 Maintenance Quantity | B3: =COUNTIFS(Ｖ８星取表!$Q$7:$Q$1600,$A$2,Ｖ８星取表!$R$7:$R$1600,"M",Ｖ８星取表!S$7:S$1600,"<>") -> 0 | C3: =COUNTIFS(Ｖ８星取表!$Q$7:$Q$1600,$A$2,Ｖ８星取表!$R$7:$R$1600,"M",Ｖ８星取表!T$7:T$1600,"<>") -> 0 | D3: =COUNTIFS(Ｖ８星取表!$Q$7:$Q$1600,$A$2,Ｖ８星取表!$R$7:$R$1600,"M",Ｖ８星取表!U$7:U$1600,"<>") -> 0 | E3: =COUNTIFS(Ｖ８星取表!$Q$7:$Q$1600,$A$2,Ｖ８星取表!$R$7:$R$1600,"M",Ｖ８星取表!V$7:V$1600,"<>") -> 0 | F3: =COUNTIFS(Ｖ８星取表!$Q$7:$Q$1600,$A$2,Ｖ８星取表!$R$7:$R$1600,"M",Ｖ８星取表!W$7:W$1600,"<>") -> 3 | G3: =COUNTIFS(Ｖ８星取表!$Q$7:$Q$1600,$A$2,Ｖ８星取表!$R$7:$R$1600,"M",Ｖ８星取表!X$7:X$1600,"<>") -> 0 | H3: =COUNTIFS(Ｖ８星取表!$Q$7:$Q$1600,$A$2,Ｖ８星取表!$R$7:$R$1600,"M",Ｖ８星取表!Y$7:Y$1600,"<>") -> 0 | I3: =COUNTIFS(Ｖ８星取表!$Q$7:$Q$1600,$A$2,Ｖ８星取表!$R$7:$R$1600,"M",Ｖ８星取表!Z$7:Z$1600,"<>") -> 0 | ... X3: =COUNTIFS(Ｖ８星取表!$Q$7:$Q$1600,$A$2,Ｖ８星取表!$R$7:$R$1600,"M",Ｖ８星取表!AO$7:AO$1600,"<>") -> 0 | AF3: =COUNTIFS(Ｖ８星取表!$Q$7:$Q$1600,$A$2,Ｖ８星取表!$R$7:$R$1600,"M",Ｖ８星取表!AY$7:AY$1600,"<>") -> 0
A4: メンテ 号機 Maintenance Serial Number
A5: 台数 Quantity | K5: =COUNTIFS(Ｖ８星取表!$Q$7:$Q$1600,$A$2,Ｖ８星取表!$R$7:$R$1600,"",Ｖ８星取表!AB$7:AB$1600,"<>") -> 0 | L5: =COUNTIFS(Ｖ８星取表!$Q$7:$Q$1600,$A$2,Ｖ８星取表!$R$7:$R$1600,"",Ｖ８星取表!AC$7:AC$1600,"<>") -> 0 | M5: =COUNTIFS(Ｖ８星取表!$Q$7:$Q$1600,$A$2,Ｖ８星取表!$R$7:$R$1600,"",Ｖ８星取表!AD$7:AD$1600,"<>") -> 0 | N5: =COUNTIFS(Ｖ８星取表!$Q$7:$Q$1600,$A$2,Ｖ８星取表!$R$7:$R$1600,"",Ｖ８星取表!AE$7:AE$1600,"<>") -> 0 | O5: =COUNTIFS(Ｖ８星取表!$Q$7:$Q$1600,$A$2,Ｖ８星取表!$R$7:$R$1600,"",Ｖ８星取表!AF$7:AF$1600,"<>") -> 0 | P5: =COUNTIFS(Ｖ８星取表!$Q$7:$Q$1600,$A$2,Ｖ８星取表!$R$7:$R$1600,"",Ｖ８星取表!AG$7:AG$1600,"<>") -> 0 | Q5: =COUNTIFS(Ｖ８星取表!$Q$7:$Q$1600,$A$2,Ｖ８星取表!$R$7:$R$1600,"",Ｖ８星取表!AH$7:AH$1600,"<>") -> 0 | R5: =COUNTIFS(Ｖ８星取表!$Q$7:$Q$1600,$A$2,Ｖ８星取表!$R$7:$R$1600,"",Ｖ８星取表!AI$7:AI$1600,"<>") -> 0 | ... AE5: =COUNTIFS(Ｖ８星取表!$Q$7:$Q$1600,$A$2,Ｖ８星取表!$R$7:$R$1600,"",Ｖ８星取表!AV$7:AV$1600,"<>") -> 0
A6: 号機 Serial Number

Sheet ＫＭＰ出荷スケジュール
A1: 今後のKMP出荷スケジュール（案） | X1: =TODAY() -> 46051
K3: 物流実績/予測
A4: Ｎo | B4: KMP ﾊﾟｰﾂ納期 | C4: ＫＭＰ 出荷日 | D4: 曜日 | E4: 日本到着 | F4: 光真ss 必要日 | I4: 光真稼働 カバー日数 | J4: 曜日 | K4: Ｖ７ ユニット数 | L4: Ｖ８ ユニット数 | M4: Ｖ９ ユニット | N4: 合計 ユニット数 | O4: Ｖ７ 重量 | P4: Ｖ８ 重量 | Q4: Ｖ９ 重量 | R4: 重量 (kg） | S4: ﾊﾟﾚｯﾄ数 | T4: BOX 数 | U4: 運送 業者 | V4: 備考 | W4: 1ﾊﾟﾚ ﾕﾆｯﾄ重量 | Y4: assigned HAWB# | Z4: 輸送Ｌ／Ｔ (暦日） | AB4: 備考
A5: 29 | B5: 3月中旬 | C5: 42462 | E5: 42466 | F5: 42466 | G5: ～ | H5: 42480 | I5: 11 | K5: 31 | L5: 332 | N5: =SUM(K5:M5) -> 363 | R5: 1104.666 | S5: 5 | U5: ＵＰＳ | V5: 実績 | W5: =R5/S5 -> 220.9332
A6: 30 | B6: 4月初旬 | C6: 42478 | E6: 42481 | F6: 42481 | G6: ～ | H6: 42501 | I6: 10 | K6: 17 | L6: 299 | N6: =SUM(K6:M6) -> 316 | R6: 1019.506 | S6: 5 | U6: ＵＰＳ | V6: 実績 | W6: =R6/S6 -> 203.9012
A7: 1 | B7: 4月中旬 | C7: 42496 | E7: 42502 | F7: 42502 | G7: ～ | H7: 42515 | I7: 10 | K7: 13 | L7: 383 | N7: =SUM(K7:M7) -> 396 | R7: 1248.463 | S7: 6 | U7: ＭＩＦＦＩ | V7: 実績 | W7: =R7/S7 -> 208.07717
A8: 2 | B8: 5月初旬 | C8: 42513 | E8: 42516 | F8: 42516 | G8: ～ | H8: 42529 | I8: 10 | K8: 87 | L8: 388 | N8: =SUM(K8:M8) -> 475 | R8: 1377.626 | S8: 7 | U8: ＭＩＦＦＩ | V8: 実績 | W8: =R8/S8 -> 196.80371
A9: 3 | B9: 5月中旬 | C9: 42527 | E9: 42530 | F9: 42530 | G9: ～ | H9: 42544 | I9: 11 | K9: 114 | L9: 390 | N9: =SUM(K9:M9) -> 504 | R9: 1449.06 | S9: 7 | U9: ＵＰＳ | V9: 実績 | W9: =R9/S9 -> 207.00857
A10: 4 | B10: 6月初旬 | C10: 42542 | E10: 42545 | F10: 42545 | G10: ～ | H10: 42559 | I10: 11 | K10: 19 | L10: 513 | N10: =SUM(K10:M10) -> 532 | R10: 1824.913 | S10: 8 | U10: ＵＰＳ | V10: 実績 | W10: =R10/S10 -> 228.11413
A11: 5 | B11: 6月中旬 | C11: 42557 | E11: 42562 | F11: 42562 | G11: ～ | H11: 42576 | I11: 10 | K11: 12 | L11: 382 | N11: =SUM(K11:M11) -> 394 | R11: 1387.478 | S11: 6 | U11: ＵＰＳ | V11: 実績 | W11: =R11/S11 -> 231.24633
A12: 6 | B12: 7月初旬 | C12: 42572 | E12: 42577 | F12: 42577 | G12: ～ | H12: 42591 | I12: 11 | K12: 60 | L12: 539 | N12: =SUM(K12:M12) -> 599 | R12: 1930.585 | S12: 9 | U12: UPS | V12: 実績 | W12: =R12/S12 -> 214.50944
A13: 7 | B13: 7月中旬 | C13: 42587 | E13: 42592 | F13: 42592 | G13: ～ | H13: 42607 | I13: 7 | K13: 28 | L13: 504 | N13: =SUM(K13:M13) -> 532 | R13: 1832.276 | S13: 8 | U13: UPS | V13: 実績 | W13: =R13/S13 -> 229.0345
A14: 8 | B14: 8月初旬 | C14: 42605 | E14: 42608 | F14: 42608 | G14: ～ | H14: 42620 | I14: 9 | K14: 39 | L14: 624 | N14: =SUM(K14:M14) -> 663 | R14: 2299.424 | S14: 10 | U14: UPS | V14: 実績 | W14: =R14/S14 -> 229.9424
A15: 9 | B15: 8月中旬 | C15: 42618 | E15: 42621 | F15: 42621 | G15: ～ | H15: 42634 | I15: 8 | K15: 33 | L15: 528 | N15: =SUM(K15:M15) -> 561 | R15: 1907.03 | S15: 8 | U15: UPS | V15: 実績 | W15: =R15/S15 -> 238.37875
A16: 10 | B16: 9月初旬 | C16: 42633 | E16: 42637 | F16: 42636 | G16: ～ | H16: 42648 | I16: 10 | K16: 45 | L16: 654 | N16: =SUM(K16:M16) -> 699 | R16: 2353.042 | S16: 10 | U16: UPS | V16: 実績 | W16: =R16/S16 -> 235.3042
... A19: 13 | B19: 10月初旬 | C19: 42667 | E19: 42670 | F19: 42670 | G19: ～ | H19: 42681 | I19: 7 | K19: 13 | L19: 702 | N19: =SUM(K19:M19) -> 715 | R19: 2564 | S19: 11 | U19: UPS | V19: 実績 | W19: =R19/S19 -> 233.09091
A20: 14 | B20: 10月初旬 | C20: 42670 | E20: 42678 | G20: ～ | K20: 0 | L20: 21 | N20: =SUM(K20:M20) -> 21 | R20: 43.1 | S20: 1 | U20: UPS | V20: 実績 | W20: =R20/S20 -> 43.1 | X20: LAE 日本部品の欠品のため別送
A21: 15 | B21: 10月中旬 | C21: 42678 | E21: 42682 | F21: 42682 | G21: ～ | H21: 42692 | I21: 9 | K21: 31 | L21: 653 | N21: =SUM(K21:M21) -> 684 | R21: 2305.481 | S21: 11 | U21: UPS | V21: 実績 | W21: =R21/S21 -> 209.58918
A22: 16 | B22: 11月初旬 | C22: 42684 | E22: 42688 | F22: 42685 | G22: ～ | H22: 42704 | I22: 13 | K22: 0 | L22: 523 | N22: =SUM(K22:M22) -> 523 | R22: 1687.7 | S22: 8 | U22: UPS | V22: 実績 | W22: =R22/S22 -> 210.9625
A23: 17 | B23: 11月中旬 | C23: 42698 | E23: 42703 | F23: 42703 | G23: ～ | H23: 42710 | I23: 6 | K23: 6 | L23: 503 | N23: =SUM(K23:M23) -> 509 | R23: 1855 | S23: 8 | U23: UPS | V23: 実績 | W23: =R23/S23 -> 231.875
A24: 18 | B24: 11月中旬 | C24: 42706 | E24: 42710 | F24: 42711 | G24: ～ | H24: 42717 | I24: 5 | K24: 3 | L24: 507 | N24: =SUM(K24:M24) -> 510 | R24: 1697 | S24: 7 | U24: UPS | V24: 実績 | W24: =R24/S24 -> 242.42857
A25: 19 | B25: 12月初旬 | C25: 42713 | E25: 42718 | F25: 42718 | G25: ～ | H25: 42726 | I25: 7 | K25: 12 | L25: 500 | N25: =SUM(K25:M25) -> 512 | R25: 1888.722 | S25: 9 | U25: UPS | V25: 実績 | W25: =R25/S25 -> 209.858
A26: 20 | B26: 12月中旬 | C26: 42725 | E26: 43096 | F26: 42730 | G26: ～ | H26: 42745 | I26: 6 | K26: 50 | L26: 458 | N26: =SUM(K26:M26) -> 508 | R26: 1741.983 | S26: 9 | U26: UPS | V26: 実績 | W26: =R26/S26 -> 193.55367
A27: 21 | B27: 12月中旬 | C27: 42741 | E27: 42746 | F27: 42746 | G27: ～ | H27: 42752 | I27: 5 | K27: 3 | L27: 452 | N27: =SUM(K27:M27) -> 455 | R27: 1640.203 | S27: 8 | U27: UPS | V27: 実績 | W27: =R27/S27 -> 205.02537
A28: 22 | B28: 1月初旬 | C28: 42747 | E28: 42752 | F28: 42753 | G28: ～ | H28: 42759 | I28: 5 | K28: 10 | L28: 458 | N28: =SUM(K28:M28) -> 468 | R28: 1543.794 | S28: 7 | U28: UPS | V28: 実績 | W28: =R28/S28 -> 220.542
A29: 23 | B29: 1月中旬 | C29: 42755 | E29: 42759 | F29: 42760 | G29: ～ | H29: 42766 | I29: 5 | K29: 0 | L29: 478 | N29: =SUM(K29:M29) -> 478 | R29: 1613.161 | S29: 7 | U29: UPS | V29: 実績 | W29: =R29/S29 -> 230.45157
A30: 24 | B30: 1月中旬 | C30: 42762 | E30: 42766 | F30: 42767 | G30: ～ | H30: 42774 | I30: 6 | K30: 0 | L30: 564 | N30: =SUM(K30:M30) -> 564 | R30: 1958.495 | S30: 8 | U30: UPS | V30: 実績 | W30: =R30/S30 -> 244.81187
A31: 25 | B31: 1月中旬 | C31: 42772 | E31: 42776 | F31: 42775 | G31: ～ | H31: 42781 | I31: 5 | K31: 7 | L31: 484 | N31: =SUM(K31:M31) -> 491 | R31: 1641.4 | S31: 7 | U31: UPS | V31: 実績 | W31: =R31/S31 -> 234.48571
A32: 26 | B32: 2月初旬 | C32: 42780 | E32: 42782 | F32: 42782 | G32: ～ | H32: 42787 | I32: 4 | K32: 0 | L32: 288 | N32: =SUM(K32:M32) -> 288 | R32: 985.1 | S32: 4 | U32: UPS | V32: 実績 | W32: =R32/S32 -> 246.275 | X32: ﾌﾟﾘｽﾞﾑ誤入荷により分割出荷（もと2/13：476台）
A33: 27 | B33: 2月初旬 | C33: 42780 | E33: 42782 | F33: 42782 | G33: ～ | H33: 42787 | I33: 4 | K33: 4 | L33: 188 | N33: =SUM(K33:M33) -> 192 | R33: 635.3 | S33: 3 | U33: UPS | V33: 実績 | W33: =R33/S33 -> 211.76667 | X33: ﾌﾟﾘｽﾞﾑ誤入荷により分割出荷
A34: 28 | B34: 2月初旬 | C34: 42787 | E34: 42790 | F34: 42788 | G34: ～ | H34: 42795 | I34: 4 | K34: 18 | L34: 342 | N34: =SUM(K34:M34) -> 360 | R34: 1209.5 | S34: 5 | U34: UPS | V34: 実績 | W34: =R34/S34 -> 241.9 | X34: ﾌﾟﾘｽﾞﾑ誤入荷により分割出荷（もと2/20：546台）
A35: 29 | B35: 2月初旬 | C35: 42789 | E35: 42794 | F35: 42794 | G35: ～ | H35: 42795 | I35: 2 | K35: 0 | L35: 271 | N35: =SUM(K35:M35) -> 271 | R35: 938.2 | S35: 4 | U35: UPS | V35: 実績 | W35: =R35/S35 -> 234.55 | X35: ﾌﾟﾘｽﾞﾑ誤入荷により分割出荷（2/27出荷分を前倒し出荷67台）
A36: 30 | B36: 2月中旬 | C36: 42793 | E36: 42796 | F36: 42796 | G36: ～ | H36: 42800 | I36: 3 | K36: 43 | L36: 254 | N36: =SUM(K36:M36) -> 297 | R36: 955.4 | S36: 5 | U36: UPS | V36: 実績 | W36: =R36/S36 -> 191.08 | X36: ﾌﾟﾘｽﾞﾑ誤入荷による取戻しおよびｻﾝﾘﾂ欠品により分割出荷（もと2/27出荷561台）
A37: 31 | B37: 2月中旬 | C37: 42796 | E37: 42801 | F37: 42801 | G37: ～ | H37: 42803 | I37: 3 | K37: 0 | L37: 289 | N37: =SUM(K37:M37) -> 289 | R37: 975.9 | S37: 4 | U37: UPS | V37: 実績 | W37: =R37/S37 -> 243.975 | X37: ﾌﾟﾘｽﾞﾑ誤入荷による取戻しおよびｻﾝﾘﾂ欠品により分割出荷
A38: 32 | B38: 2月中旬 | C38: 42801 | E38: 42807 | F38: 42804 | G38: ～ | H38: 42822 | I38: 12 | K38: 5 | L38: 340 | N38: =SUM(K38:M38) -> 345 | R38: 1159 | S38: 5 | U38: UPS | V38: 実績 | W38: =R38/S38 -> 231.8 | X38: ｻﾝﾘﾂ欠品により分轄（元3/7V8出荷537台）
A39: 33 | B39: 2月中旬 | C39: 42805 | E39: 42809 | F39: 42808 | G39: ～ | H39: 42822 | K39: 0 | L39: 145 | N39: =SUM(K39:M39) -> 145 | R39: 506 | S39: 3 | U39: UPS | V39: 実績 | W39: =R39/S39 -> 168.66667 | X39: ｻﾝﾘﾂ欠品により分轄（元3/7V8出荷537台）
A40: 34 | B40: 3月初旬 | C40: 42817 | E40: 42822 | F40: 42822 | G40: ～ | H40: 42836 | K40: 62 | L40: 479 | N40: =SUM(K40:M40) -> 541 | R40: 1714.657 | S40: 8 | U40: UPS | V40: 実績 | W40: =R40/S40 -> 214.33213
A41: 35 | B41: 3月中旬 | C41: 42832 | E41: 42836 | F41: 42837 | G41: ～ | H41: 42851 | I41: 10 | K41: 33 | L41: 512 | N41: =SUM(K41:M41) -> 545 | R41: 1795 | S41: 8 | U41: UPS | V41: 実績 | W41: =R41/S41 -> 224.375
A42: 36 | B42: 4月初旬 | C42: 42846 | E42: 42850 | F42: 42852 | G42: ～ | H42: 42870 | I42: 9 | K42: 15 | L42: 469 | N42: =SUM(K42:M42) -> 484 | R42: 1645 | S42: 8 | U42: UPS | V42: 実績 | W42: =R42/S42 -> 205.625
A43: 1 | B43: 4月中旬 | C43: 42866 | E43: 42871 | F43: 42871 | G43: ～ | H43: 42880 | I43: 10 | K43: 0 | L43: 460 | N43: =SUM(K43:M43) -> 460 | R43: =SUM(O43:Q43) -> 0 | S43: 7 | U43: UPS | V43: 実績 | W43: =R43/S43 -> 0 | AB43: UPS5932023020
A44: 2 | B44: 5月初旬 | C44: 42878 | E44: 42881 | F44: 42881 | G44: ～ | H44: 42891 | I44: 9 | K44: 7 | L44: 521 | N44: =SUM(K44:M44) -> 528 | R44: 1787.967 | S44: 7 | U44: UPS | V44: 実績 | W44: =R44/S44 -> 255.42386 | AB44: UPS593202339
A45: 3 | B45: 5月中旬 | C45: 42887 | E45: 42892 | F45: 42882 | G45: ～ | H45: 42892 | I45: 9 | K45: 5 | L45: 560 | N45: =SUM(K45:M45) -> 565 | R45: 1950.547 | S45: 8 | U45: UPS | V45: 実績 | W45: =R45/S45 -> 243.81838 | AB45: UPS5932023537
A46: 4 | B46: 5月中旬 | C46: 42899 | E46: 42902 | F46: 42883 | G46: ～ | H46: 42893 | I46: 9 | K46: 55 | L46: 528 | N46: =SUM(K46:M46) -> 583 | R46: 1914 | S46: 8 | U46: UPS | V46: 実績 | W46: =R46/S46 -> 239.25 | AB46: UPS5932057912
A47: 5 | B47: 6月初旬 | C47: 42908 | E47: 42913 | K47: 15 | L47: 596 | N47: =SUM(K47:M47) -> 611 | R47: 2033.003 | S47: 9 | U47: UPS | V47: 実績 | W47: =R47/S47 -> 225.88922 | AB47: UPS593202389
A48: 6 | B48: 6月中旬 | C48: 42919 | E48: 42922 | K48: 27 | L48: 582 | N48: =SUM(K48:M48) -> 609 | R48: 2048 | S48: 9 | U48: UPS | V48: 実績 | W48: =R48/S48 -> 227.55556 | AB48: UPS5932024186
A49: 7 | B49: 7月初旬 | C49: 42933 | E49: 42936 | K49: 32 | L49: 612 | N49: =SUM(K49:M49) -> 644 | R49: 2147.394 | S49: 9 | U49: UPS | V49: 実績 | W49: =R49/S49 -> 238.59933 | AB49: UPS5932024604
A50: 8 | B50: 7月中旬 | C50: 42942 | E50: 42947 | K50: 1 | L50: 633 | N50: =SUM(K50:M50) -> 634 | R50: 2095.362 | S50: 9 | U50: UPS | V50: 実績 | W50: =R50/S50 -> 232.818 | AB50: UPS5932024428
A51: 9 | B51: 7月中旬 | C51: 42954 | E51: 42957 | K51: 1 | L51: 575 | N51: =SUM(K51:M51) -> 576 | R51: 1877.428 | S51: 8 | U51: UPS | V51: 実績 | W51: =R51/S51 -> 234.6785 | AB51: UPS5932025000
A52: 10 | B52: 8月初旬 | C52: 42971 | E52: 42976 | K52: 26 | L52: 688 | N52: =SUM(K52:M52) -> 714 | R52: 2246.1 | S52: 10 | U52: UPS | V52: 実績 | W52: =R52/S52 -> 224.61 | AB52: UPS5932625160
A53: 11 | B53: 8月中旬 | C53: 42983 | E53: 42986 | K53: 17 | L53: 484 | N53: =SUM(K53:M53) -> 501 | R53: 1632.932 | S53: 7 | U53: UPS | V53: 実績 | W53: =R53/S53 -> 233.276 | X53: ＫＭＰ調達ﾍﾞｱﾘﾝｸﾞの欠品により出荷台数減(654→484） UPS輸送事故(ｶｾｯﾄ） | AB53: UPS593206635
A54: 12 | B54: 8月中旬 | C54: 42989 | E54: 42992 | K54: 1 | L54: 299 | N54: =SUM(K54:M54) -> 300 | R54: 1039.6 | S54: 5 | U54: UPS | V54: 実績 | W54: =R54/S54 -> 207.92 | X54: 9/5減の分納 | AB54: UPS5932625446
A55: 13 | B55: 9月初旬 | C55: 42996 | E55: 42999 | K55: 23 | L55: 464 | N55: =SUM(K55:M55) -> 487 | R55: 1612.792 | S55: 7 | U55: UPS | V55: 実績 | W55: =R55/S55 -> 230.39886 | AB55: UPS5932625655
A56: 14 | B56: 9月中旬 | C56: 43011 | E56: 43014 | K56: 15 | L56: 617 | N56: =SUM(K56:M56) -> 632 | R56: 2037.374 | S56: 9 | U56: UPS | V56: 実績 | W56: =R56/S56 -> 226.37489 | AB56: UPS5932625919
A57: 15 | B57: 10月初旬 | C57: 43027 | E57: 43032 | K57: 13 | L57: 592 | N57: =SUM(K57:M57) -> 605 | R57: 2042.425 | S57: 9 | U57: UPS | V57: 実績 | W57: =R57/S57 -> 226.93611 | AB57: DHL5932626249
A58: 16 | B58: 10月中旬 | C58: 43042 | E58: 43046 | K58: 16 | L58: 583 | N58: =SUM(K58:M58) -> 599 | R58: 1971.09 | S58: 9 | U58: UPS | V58: 実績 | W58: =R58/S58 -> 219.01 | AB58: DHL5932626502
A59: 17 | B59: 11月初旬 | C59: 43060 | E59: 43066 | K59: 14 | L59: 624 | N59: =SUM(K59:M59) -> 638 | R59: 2085.217 | S59: 9 | U59: UPS | V59: 実績 | W59: =R59/S59 -> 231.69078 | AB59: 5932626843
A60: 18 | B60: 11月中旬 | C60: 43074 | E60: 43077 | K60: 2 | L60: 589 | N60: =SUM(K60:M60) -> 591 | R60: 1908.749 | S60: 9 | U60: UPS | V60: 実績 | W60: =R60/S60 -> 212.08322 | AB60: 5932627173
A61: 19 | B61: 12月初旬 | C61: 43085 | E61: 43088 | K61: 29 | L61: 608 | N61: =SUM(K61:M61) -> 637 | R61: 2056.857 | S61: 9 | U61: UPS | V61: 実績 | W61: =R61/S61 -> 228.53967 | AB61: 5932627404
A62: 20 | B62: 12月中旬 | C62: 43106 | E62: 43110 | K62: 4 | L62: 546 | N62: =SUM(K62:M62) -> 550 | R62: 1868.886 | S62: 8 | U62: UPS | V62: 実績 | W62: =R62/S62 -> 233.61075 | AB62: 5932627701
A63: 21 | B63: 1月初旬 | C63: 43115 | E63: 43118 | K63: 5 | L63: 544 | N63: =SUM(K63:M63) -> 549 | R63: 1832.816 | S63: 8 | U63: UPS | V63: 実績 | W63: =R63/S63 -> 229.102 | AB63: 5932627899
A64: 22 | B64: 1月初旬 | C64: 43123 | E64: 43126 | K64: 4 | L64: 607 | N64: =SUM(K64:M64) -> 611 | R64: 2052.476 | S64: 9 | U64: UPS | V64: 実績 | W64: =R64/S64 -> 228.05289 | AB64: 5932628053
A65: 23 | B65: 1月中旬 | C65: 43131 | E65: 43137 | K65: 50 | L65: 464 | N65: =SUM(K65:M65) -> 514 | R65: 1576.637 | S65: 8 | U65: UPS | V65: 実績 | W65: =R65/S65 -> 197.07962 | AB65: 5932628207
A66: 24 | B66: 1月中旬 | C66: 43132 | E66: 43137 | K66: 0 | L66: 76 | N66: =SUM(K66:M66) -> 76 | R66: 269.806 | S66: 1 | U66: UPS | V66: 実績 | W66: =R66/S66 -> 269.806 | X66: STSIﾊﾟｰﾂ遅れにより分納 | AB66: 593262823T
A67: 25 | B67: 1月中旬 | C67: 43138 | E67: 43144 | K67: 8 | L67: 343 | N67: =SUM(K67:M67) -> 351 | R67: 1204.754 | S67: 5 | U67: UPS | V67: 実績 | W67: =R67/S67 -> 240.9508 | X67: 出荷遅れのため2/12追加出荷(予定外出荷） | AB67: 5932628394
A68: 26 | C68: 43145 | E68: 43150 | K68: 0 | L68: 396 | N68: =SUM(K68:M68) -> 396 | R68: 1334.871 | S68: 10 | U68: UPS | V68: 実績 | W68: =R68/S68 -> 133.4871 | X68: 陸送10ｔ車となった。出荷遅れのため2/12出荷を分割 | AB68: 5932805032
A69: 27 | C69: 43155 | E69: 43159 | K69: 54 | L69: 656 | N69: =SUM(K69:M69) -> 710 | R69: 2332.7 | S69: 10 | U69: UPS | V69: 実績 | W69: =R69/S69 -> 233.27 | X69: 陸送10t車となった。納期遅れ解消のため追加便を利用した。便を増やさないように出荷をまとめたため２月の入荷量が予想以上に増えた。 | AB69: 5932628779
A70: 28 | C70: 43166 | E70: 43171 | K70: 3 | L70: 527 | N70: =SUM(K70:M70) -> 530 | R70: 1842.99 | S70: 8 | U70: UPS | V70: 実績 | W70: =R70/S70 -> 230.37375 | AB70: 5932628999
A71: 29 | C71: 43178 | E71: 43182 | K71: 13 | L71: 566 | N71: =SUM(K71:M71) -> 579 | R71: 1940.144 | S71: 8 | U71: UPS | V71: 実績 | W71: =R71/S71 -> 242.518 | X71: STSIﾊﾟｰﾂ遅れにより出荷数減少（648→566 82台出荷不能） | AB71: 593262922T
A72: 30 | C72: 43186 | E72: 43192 | K72: 20.86 | L72: 261 | N72: =SUM(K72:M72) -> 281.86 | R72: 929.984 | S72: 4 | T72: 96 | U72: UPS | V72: 実績 | W72: =R72/S72 -> 232.496 | X72: 3/19遅れ分+4/4出荷予定としていた２日分の出荷を追加 (予定外出荷） | AB72: 5932629406
A73: 31 | C73: 43197 | E73: 43200 | K73: 26.34 | L73: 441 | N73: =SUM(K73:M73) -> 467.34 | R73: 1561.857 | S73: 7 | T73: 168 | U73: UPS | V73: 実績 | W73: =R73/S73 -> 223.12243 | X73: 4/4出荷を4/7に変更 | AB73: 5932629659
A74: 32 | C74: 43204 | E74: 43208 | K74: 4 | L74: 601 | N74: =SUM(K74:M74) -> 605 | R74: 2082.9 | S74: 9 | T74: 221 | U74: UPS | V74: 実績 | W74: =R74/S74 -> 231.43333 | AB74: 5932629824
A75: 33 | C75: 43214 | E75: 43217 | K75: 0 | L75: 557 | N75: =SUM(K75:M75) -> 557 | R75: 1913.918 | S75: 8 | T75: 205 | U75: UPS | V75: 実績 | W75: =R75/S75 -> 239.23975 | AB75: 5932675056
A76: 1 | C76: 43228 | E76: 43231 | K76: 4 | L76: 558 | N76: =SUM(K76:M76) -> 562 | R76: 1918.803 | S76: 8 | T76: 206 | U76: UPS | V76: 実績 | W76: =R76/S76 -> 239.85037 | Y76: 593267531T | Z76: 3 | AB76: 593267531T
A77: 2 | C77: 43235 | E77: 43238 | K77: 0 | L77: 573 | N77: =SUM(K77:M77) -> 573 | R77: 1996 | S77: 8 | U77: UPS | V77: 実績 | W77: =R77/S77 -> 249.5 | X77: 604⇒573▲31（回収部部品不良により出荷延期） | Y77: 5932675375 | Z77: 3 | AB77: 5932675375
A78: 3 | C78: 43239 | E78: 43242 | K78: 15 | L78: 188 | N78: =SUM(K78:M78) -> 203 | R78: 576.8 | S78: 3 | T78: 74 | U78: UPS | V78: 実績 | W78: =R78/S78 -> 192.26667 | X78: STSI部品不良により、別便にて出荷(予定外出荷） （回収部31台出荷） | Y78: 5932675540 | Z78: 3 | AB78: 5932675540
A79: 4 | C79: 43242 | E79: 43245 | K79: 0 | L79: 468 | N79: =SUM(K79:M79) -> 468 | R79: 1616 | S79: 7 | T79: 165 | U79: UPS | V79: 実績 | W79: =R79/S79 -> 230.85714 | Y79: 5932675639 | Z79: 3 | AB79: 5932675639
A80: 5 | C80: 43249 | E80: 43252 | K80: 9 | L80: 369 | N80: =SUM(K80:M80) -> 378 | R80: 1287.315 | S80: 6 | T80: 138 | U80: UPS | V80: 実績 | W80: =R80/S80 -> 214.5525 | X80: 5/29 V8出荷予定631台→STSI欠品のため369台（262減少） 残数は6/2に追加出荷 | Y80: 593267586T | Z80: 3 | AB80: 593267586T
A81: 6 | C81: 43253 | E81: 43256 | K81: 13 | L81: 398 | N81: =SUM(K81:M81) -> 411 | R81: 1375.466 | S81: 6 | T81: 143 | U81: UPS | V81: 実績 | W81: =R81/S81 -> 229.24433 | X81: STSI欠品のため追加出荷(予定外出荷） 遅れ262台+当初6/5出荷の内の136台 土曜日出荷 | Y81: 5932676013 | Z81: 3 | AB81: 5932676013
A82: 7 | C82: 43257 | E82: 43262 | K82: 0 | L82: 482 | N82: =SUM(K82:M82) -> 482 | R82: 1647.074 | S82: 7 | T82: 176 | U82: UPS | V82: 実績 | W82: =R82/S82 -> 235.29629 | X82: 6/5出荷を6/6に延期とする V8：618台→482台 | Y82: 593267608T | Z82: 5 | AA82: 土日 | AB82: 593267608T
A83: 8 | C83: 43264 | E83: 43269 | K83: 0 | L83: 585 | N83: =SUM(K83:M83) -> 585 | R83: 1995.747 | S83: 9 | T83: 213 | U83: UPS | V83: 実績 | W83: =R83/S83 -> 221.74967 | Y83: 5932676200 | Z83: 5 | AA83: 土日 | AB83: 5932676200
A84: 9 | C84: 43274 | E84: 43278 | K84: 0 | L84: 530 | N84: =SUM(K84:M84) -> 530 | R84: 1756.75 | S84: 8 | T84: 187 | U84: UPS | V84: 実績 | W84: =R84/S84 -> 219.59375 | X84: 土曜出荷 フライトが２便に分かれたため、１日入庫遅れ | Y84: 5932676376 | Z84: 4 | AB84: 5932676376
A85: 10 | C85: 43281 | E85: 43284 | K85: 0 | L85: 532 | N85: =SUM(K85:M85) -> 532 | R85: 1761.596 | S85: 8 | T85: 186 | U85: UPS | V85: 実績 | W85: =R85/S85 -> 220.1995 | X85: 土曜出荷 | Y85: 5932676574 | Z85: 4 | AA85: 日 | AB85: 5932676574
A86: 11 | C86: 43288 | E86: 43291 | K86: 0 | L86: 529 | N86: =SUM(K86:M86) -> 529 | R86: 1748.102 | S86: 8 | T86: 193 | U86: UPS | V86: 実績 | W86: =R86/S86 -> 218.51275 | X86: 土曜出荷 １パレ１１０，１１２ＢＯＸ梱包箱破損事故あり（LAAは無事） | Y86: 593267674T | Z86: 3
A87: 12 | C87: 43295 | E87: 43299 | K87: 5 | L87: 596 | N87: =SUM(K87:M87) -> 601 | R87: 1994.892 | S87: 9 | T87: 215 | U87: UPS | V87: 実績 | W87: =R87/S87 -> 221.65467 | X87: 土曜出荷。個人送付品で通関トラブルあり | Y87: 5932676959 | Z87: 4 | AA87: 日
A88: 13 | C88: 43302 | E88: 43305 | K88: 0 | L88: 507 | N88: =SUM(K88:M88) -> 507 | R88: 1688.51 | S88: 7 | T88: 179 | U88: UPS | V88: 実績 | W88: =R88/S88 -> 241.21571 | X88: 土曜出荷。 ３パレ８１ＢＯＸ(LAA*2）.84(LBL002*3）梱包箱破損事故あり | Y88: 5932676882 | Z88: 3
A89: 14 | C89: 43309 | E89: 43312 | K89: 0 | L89: 537 | N89: =SUM(K89:M89) -> 537 | R89: 1747.505 | S89: 8 | T89: 191 | U89: UPS | V89: 実績 | W89: =R89/S89 -> 218.43813 | X89: 7/26出荷→ＰＨ豪雨のため7/28出荷に延期 | Y89: 5932677135 | Z89: 3
A90: 15 | C90: 43314 | E90: 43319 | K90: 24 | L90: 619 | N90: =SUM(K90:M90) -> 643 | R90: 2090.747 | S90: 9 | T90: 228 | U90: UPS | V90: 実績 | W90: =R90/S90 -> 232.30522 | Y90: 5932677234 | Z90: 5 | AA90: 土日
A91: 16 | C91: 43330 | E91: 43333 | K91: 0 | L91: 669 | N91: =SUM(K91:M91) -> 669 | R91: 2252.356 | S91: 10 | T91: 240 | U91: UPS | V91: 実績 | W91: =R91/S91 -> 225.2356 | X91: 日本発8/8→8/10ＫＭＰ部品発送便にて7箱浸水事故あり | Y91: 5932677531 | Z91: 3
A92: 17 | C92: 43337 | E92: 43340 | K92: 5 | L92: 715 | N92: =SUM(K92:M92) -> 720 | R92: 2341.711 | S92: 10 | T92: 256 | U92: UPS | V92: 実績 | W92: =R92/S92 -> 234.1711 | X92: 日本発8/22→8/25ＫＭＰ部品発送便にて2箱浸水事故あり 土曜出荷 | Y92: 5932677564 | Z92: 3
A93: 18 | C93: 43344 | E93: 43347 | K93: 0 | L93: 697 | N93: =SUM(K93:M93) -> 697 | R93: 2275.101 | S93: 10 | T93: 243 | U93: UPS | V93: 実績 | W93: =R93/S93 -> 227.5101 | X93: 土曜出荷 | Y93: 5932677773 | Z93: 3
A94: 19 | C94: 43351 | E94: 43355 | K94: 8 | L94: 288 | N94: =SUM(K94:M94) -> 296 | R94: 954.007 | S94: 4 | T94: 106 | U94: UPS | V94: 実績 | W94: =R94/S94 -> 238.50175 | X94: 土曜出荷・（台風21）関空閉鎖。成田経由での搬送 チャーター利用（9/12 11：00到着） | Y94: 5932677894 | Z94: 3
A95: 20 | C95: 43353 | E95: 43357 | K95: 0 | L95: 279 | N95: =SUM(K95:M95) -> 279 | R95: 897.107 | S95: 5 | T95: 98 | U95: UPS | V95: 実績 | W95: =R95/S95 -> 179.4214 | X95: （台風21）関空封鎖による影響回避のため9/8出荷を二分割 成田経由での搬送・チャーター利用（9/14 9：30到着） １パレ１０１、９８ＢＯＸ梱包箱破損事故あり（LAD#7965は無事） | Y95: 5932677916 | Z95: 4
A96: 21 | C96: 43357 | E96: 43363 | K96: 12 | L96: 327 | N96: =SUM(K96:M96) -> 339 | R96: 1076.6 | S96: 5 | T96: 122 | U96: UPS | V96: 実績 | W96: =R96/S96 -> 215.32 | X96: （台風22）欠航回避のため出荷１日前倒し。 （台風21）成田経由での搬送・チャーター利用（9/20 14:00到着） 沖ユニット入荷便 | Y96: 5932678004 | Z96: 6 | AA96: 3連休
A97: 22 | C97: 43361 | E97: 43369 | K97: 7 | L97: 214 | N97: =SUM(K97:M97) -> 221 | R97: 761.99 | S97: 5 | T97: 117 | U97: UPS | V97: 実績 | W97: =R97/S97 -> 152.398 | X97: （台風21）関空閉鎖による影響回避のため9/15出荷を二分割。 （台風22）KMP稼働停止考慮。成田経由での搬送 チャーター利用（9/26 11：00到着） | Y97: 5932819695 | Z97: 8 | AA97: 3連休
A98: 23 | C98: 43367 | E98: 43372 | K98: 11 | L98: 370 | N98: =SUM(K98:M98) -> 381 | R98: 1220.771 | S98: 6 | T98: 134 | U98: UPS | V98: 実績 | W98: =R98/S98 -> 203.46183 | X98: （台風21）関空封鎖による影響回避のため9/25出荷を二分割し、 1陣9/24前倒し出荷 成田経由での搬送・チャーター利用（9/29 8：05到着） | Y98: 5932678246 | Z98: 5 | AA98: 土日
A99: 24 | C99: 43369 | E99: 43376 | K99: 10 | L99: 357 | N99: =SUM(K99:M99) -> 367 | R99: 1158.933 | S99: 5 | T99: 126 | U99: UPS | V99: 実績 | W99: =R99/S99 -> 231.7866 | X99: (台風21）関空閉鎖、成田経由の搬送（9/28成田着） 10/3 15:40チャーター利用 | Y99: 5932820377 | Z99: 7 | AA99: 土日
A100: 25 | C100: 43372 | E100: 43378 | K100: 13 | L100: 340 | N100: =SUM(K100:M100) -> 353 | R100: 1105.836 | S100: 5 | T100: 126 | U100: UPS | V100: 実績 | W100: =R100/S100 -> 221.1672 | X100: (台風21）関空閉鎖 (台風24）9/29成田着陸不能なため出荷ストップ。 10/5 14:40着チャーター利用 | Y100: 5932678323 | Z100: 6 | AA100: 日
A101: 26 | C101: 43376 | E101: 43383 | K101: 23 | L101: 282 | N101: =SUM(K101:M101) -> 305 | R101: 970.513 | S101: 5 | T101: 112 | U101: UPS | V101: 実績 | W101: =R101/S101 -> 194.1026 | X101: マニラ→関空（10/6 17：30関空着 10/10 8：40山一着） ＄2.3/KG単価開始 | Y101: 5932678356 | Z101: 7 | AA101: 3連休
A102: 27 | C102: 43379 | E102: 43384 | K102: 44 | L102: 354 | N102: =SUM(K102:M102) -> 398 | R102: 1217.202 | S102: 6 | T102: 138 | U102: UPS | V102: 実績 | W102: =R102/S102 -> 202.867 | X102: マニラ→関空（10/7 18時関空着、10/11 11：00山一着） | Y102: 5932678411 | Z102: 5 | AA102: 土日
A103: 28 | C103: 43383 | E103: 43389 | K103: 14 | L103: 352 | N103: =SUM(K103:M103) -> 366 | R103: 1193.752 | S103: 5 | T103: 128 | U103: UPS | V103: 実績 | W103: =R103/S103 -> 238.7504 | X103: マニラ→関空(10/13 17時関空着、10/16 9：00山一着） | Y103: 5932678455 | Z103: 6 | AA103: 土日
...

Sheet KMP MPS
AB3: Ａｄｄ qyt→
AB4: Add ship date→
AB5: Add of maintenance→
AB6: Change qity→
AB7: Change type→
AB8: Change ship day→
AB9: Change qty&add→
AB10: Cancel→
AB11: All revised edition→
B13: KMP NEW ＭＰＳ（04/25/2020）
D14: 5948184-8 | E14: 5911267-2 | F14: 7961962-5 | G14: 5911295-8 | H14: 5911210-9 | I14: 5981329-8 | J14: 5964105-5 | K14: 5964106-3 | L14: 1889107-1 | M14: 5992295-0 | N14: 5981353-0 | O14: 1858395-4 | P14: 6911025-2 | Q14: 5992238-0 | R14: 6993321-6 | S14: 1870994-0 | T14: 1870955-9 | U14: 1874748-5 | V14: 1881236-8 | W14: 3734917-2 | AC14: Comparison with the last time
B15: MPS date | C15: KMP Shipment | D15: LAR101 | E15: LAJ101 | F15: LAE100 | G15: LAG101 | H15: LAL101 | I15: LAC101 | J15: LAD101 | K15: LAF101 | L15: LAF093 | M15: LAC092 | N15: LAC093 | O15: LAC094 | P15: LAD001 | Q15: LAD001 | R15: LAC034 | S15: LAC071 | T15: LAD071 | U15: LAC098 | V15: LAC099 | W15: LAC081 | AA15: TOTAL | AC15: LAR101 | AD15: LAJ101 | AE15: LAE100 | AF15: LAG101 | AG15: LAL101 | AH15: LAC101 | AI15: LAD101 | AJ15: LAF101 | AK15: LAF093 | AL15: LAC092 | AM15: LAC093 | AN15: LAC094 | AO15: LAD025 | AP15: LAD238 | AQ15: LAC034 | AR15: LAC071 | AS15: LAD071 | AT15: LAC098 | AU15: LAC099 | AV15: LAC081
C16: 43956 | D16: 0 | E16: 0 | F16: 0 | G16: 0 | H16: 0 | I16: 0 | J16: 0 | K16: 0 | L16: 0 | M16: 0 | N16: 0 | O16: 0 | P16: 0 | Q16: 0 | R16: 0 | S16: 0 | T16: 0 | U16: 0 | V16: 0 | W16: 0 | AA16: =SUM(D16:W16) -> 0 | AC16: 0 | AD16: 0 | AE16: 0 | AF16: 0 | AG16: 0 | AH16: 0 | AI16: 0 | AJ16: 0 | AK16: 0 | AL16: 0 | AM16: 0 | AN16: 0 | AO16: 0 | AP16: 0 | AQ16: 0 | AR16: 0 | AS16: 0 | AT16: 0 | AU16: 0 | AV16: 0
C17: 43969 | D17: 0 | E17: 0 | F17: 0 | G17: 0 | H17: 0 | I17: 0 | J17: 0 | K17: 0 | L17: 0 | M17: 0 | N17: 0 | O17: 0 | P17: 0 | Q17: 0 | R17: 0 | S17: 0 | T17: 0 | U17: 0 | V17: 0 | W17: 0 | AA17: =SUM(D17:W17) -> 0 | AC17: 0 | AD17: 0 | AE17: 0 | AF17: 0 | AG17: 0 | AH17: 0 | AI17: 0 | AJ17: 0 | AK17: 0 | AL17: 0 | AM17: 0 | AN17: 0 | AO17: 0 | AP17: 0 | AQ17: 0 | AR17: 0 | AS17: 0 | AT17: 0 | AU17: 0 | AV17: 0
C18: 43974 | D18: 0 | E18: 0 | F18: 0 | G18: 0 | H18: 0 | I18: 0 | J18: 0 | K18: 0 | L18: 0 | M18: 0 | N18: 0 | O18: 0 | P18: 0 | Q18: 0 | R18: 0 | S18: 0 | T18: 0 | U18: 0 | V18: 0 | W18: 0 | AA18: =SUM(D18:W18) -> 0 | AC18: 0 | AD18: 0 | AE18: 0 | AF18: 0 | AG18: 0 | AH18: 0 | AI18: 0 | AJ18: 0 | AK18: 0 | AL18: 0 | AM18: 0 | AN18: 0 | AO18: 0 | AP18: 0 | AQ18: 0 | AR18: 0 | AS18: 0 | AT18: 0 | AU18: 0 | AV18: 0
C19: 43981 | D19: 0 | E19: 0 | F19: 0 | G19: 0 | H19: 0 | I19: 0 | J19: 0 | K19: 0 | L19: 0 | M19: 0 | N19: 0 | O19: 0 | P19: 0 | Q19: 0 | R19: 0 | S19: 0 | T19: 0 | U19: 0 | V19: 0 | W19: 0 | AA19: =SUM(D19:W19) -> 0 | AC19: 0 | AD19: 0 | AE19: 0 | AF19: 0 | AG19: 0 | AH19: 0 | AI19: 0 | AJ19: 0 | AK19: 0 | AL19: 0 | AM19: 0 | AN19: 0 | AO19: 0 | AP19: 0 | AQ19: 0 | AR19: 0 | AS19: 0 | AT19: 0 | AU19: 0 | AV19: 0
C20: 43985 | D20: 0 | E20: 0 | F20: 0 | G20: 0 | H20: 0 | I20: 0 | J20: 0 | K20: 0 | L20: 0 | M20: 0 | N20: 0 | O20: 0 | P20: 0 | Q20: 0 | R20: 0 | S20: 0 | T20: 0 | U20: 0 | V20: 0 | W20: 0 | AA20: =SUM(D20:W20) -> 0 | AC20: 0 | AD20: 0 | AE20: 0 | AF20: 0 | AG20: 0 | AH20: 0 | AI20: 0 | AJ20: 0 | AK20: 0 | AL20: 0 | AM20: 0 | AN20: 0 | AO20: 0 | AP20: 0 | AQ20: 0 | AR20: 0 | AS20: 0 | AT20: 0 | AU20: 0 | AV20: 0
C21: 43991 | D21: 0 | E21: 0 | F21: 0 | G21: 0 | H21: 0 | I21: 0 | J21: 0 | K21: 0 | L21: 0 | M21: 0 | N21: 0 | O21: 0 | P21: 0 | Q21: 0 | R21: 0 | S21: 0 | T21: 0 | U21: 0 | V21: 0 | W21: 0 | AA21: =SUM(D21:W21) -> 0 | AC21: 0 | AD21: 0 | AE21: 0 | AF21: 0 | AG21: 0 | AH21: 0 | AI21: 0 | AJ21: 0 | AK21: 0 | AL21: 0 | AM21: 0 | AN21: 0 | AO21: 0 | AP21: 0 | AQ21: 0 | AR21: 0 | AS21: 0 | AT21: 0 | AU21: 0 | AV21: 0
C22: 43995 | D22: 0 | E22: 0 | F22: 0 | G22: 0 | H22: 0 | I22: 0 | J22: 0 | K22: 0 | L22: 0 | M22: 0 | N22: 0 | O22: 0 | P22: 0 | Q22: 0 | R22: 0 | S22: 0 | T22: 0 | U22: 0 | V22: 0 | W22: 0 | AA22: =SUM(D22:W22) -> 0 | AC22: 0 | AD22: 0 | AE22: 0 | AF22: 0 | AG22: 0 | AH22: 0 | AI22: 0 | AJ22: 0 | AK22: 0 | AL22: 0 | AM22: 0 | AN22: 0 | AO22: 0 | AP22: 0 | AQ22: 0 | AR22: 0 | AS22: 0 | AT22: 0 | AU22: 0 | AV22: 0
C23: 44002 | D23: 0 | E23: 0 | F23: 0 | G23: 0 | H23: 0 | I23: 0 | J23: 0 | K23: 0 | L23: 0 | M23: 0 | N23: 0 | O23: 0 | P23: 0 | Q23: 0 | R23: 0 | S23: 0 | T23: 0 | U23: 0 | V23: 0 | W23: 0 | AA23: =SUM(D23:W23) -> 0 | AC23: 0 | AD23: 0 | AE23: 0 | AF23: 0 | AG23: 0 | AH23: 0 | AI23: 0 | AJ23: 0 | AK23: 0 | AL23: 0 | AM23: 0 | AN23: 0 | AO23: 0 | AP23: 0 | AQ23: 0 | AR23: 0 | AS23: 0 | AT23: 0 | AU23: 0 | AV23: 0
C24: 44009 | D24: 0 | E24: 0 | F24: 0 | G24: 0 | H24: 0 | I24: 0 | J24: 0 | K24: 0 | L24: 0 | M24: 0 | N24: 0 | O24: 0 | P24: 0 | Q24: 0 | R24: 0 | S24: 0 | T24: 0 | U24: 0 | V24: 0 | W24: 0 | AA24: =SUM(D24:W24) -> 0 | AC24: 0 | AD24: 0 | AE24: 0 | AF24: 0 | AG24: 0 | AH24: 0 | AI24: 0 | AJ24: 0 | AK24: 0 | AL24: 0 | AM24: 0 | AN24: 0 | AO24: 0 | AP24: 0 | AQ24: 0 | AR24: 0 | AS24: 0 | AT24: 0 | AU24: 0 | AV24: 0
C25: 44014 | D25: 0 | E25: 0 | F25: 0 | G25: 0 | H25: 0 | I25: 0 | J25: 0 | K25: 0 | L25: 0 | M25: 0 | N25: 0 | O25: 0 | P25: 0 | Q25: 0 | R25: 0 | S25: 0 | T25: 0 | U25: 0 | V25: 0 | W25: 0 | AA25: =SUM(D25:W25) -> 0 | AC25: 0 | AD25: 0 | AE25: 0 | AF25: 0 | AG25: 0 | AH25: 0 | AI25: 0 | AJ25: 0 | AK25: 0 | AL25: 0 | AM25: 0 | AN25: 0 | AO25: 0 | AP25: 0 | AQ25: 0 | AR25: 0 | AS25: 0 | AT25: 0 | AU25: 0 | AV25: 0
C26: 44021 | D26: 0 | E26: 0 | F26: 0 | G26: 0 | H26: 0 | I26: 0 | J26: 0 | K26: 0 | L26: 0 | M26: 0 | N26: 0 | O26: 0 | P26: 0 | Q26: 0 | R26: 0 | S26: 0 | T26: 0 | U26: 0 | V26: 0 | W26: 0 | AA26: =SUM(D26:W26) -> 0 | AC26: 0 | AD26: 0 | AE26: 0 | AF26: 0 | AG26: 0 | AH26: 0 | AI26: 0 | AJ26: 0 | AK26: 0 | AL26: 0 | AM26: 0 | AN26: 0 | AO26: 0 | AP26: 0 | AQ26: 0 | AR26: 0 | AS26: 0 | AT26: 0 | AU26: 0 | AV26: 0
C27: 44027 | D27: 0 | E27: 0 | F27: 0 | G27: 0 | H27: 0 | I27: 0 | J27: 0 | K27: 0 | L27: 0 | M27: 0 | N27: 0 | O27: 0 | P27: 0 | Q27: 0 | R27: 0 | S27: 0 | T27: 0 | U27: 0 | V27: 0 | W27: 0 | AA27: =SUM(D27:W27) -> 0 | AC27: 0 | AD27: 0 | AE27: 0 | AF27: 0 | AG27: 0 | AH27: 0 | AI27: 0 | AJ27: 0 | AK27: 0 | AL27: 0 | AM27: 0 | AN27: 0 | AO27: 0 | AP27: 0 | AQ27: 0 | AR27: 0 | AS27: 0 | AT27: 0 | AU27: 0 | AV27: 0
B28: TOTAL | D28: =SUM(D16:D26) -> 0 | E28: =SUM(E16:E26) -> 0 | F28: =SUM(F16:F26) -> 0 | G28: =SUM(G16:G26) -> 0 | H28: =SUM(H16:H26) -> 0 | I28: =SUM(I16:I26) -> 0 | J28: =SUM(J16:J26) -> 0 | K28: =SUM(K16:K26) -> 0 | ... W28: =SUM(W16:W26) -> 0 | AA28: =SUM(D28:W28) -> 0 | AC28: =SUM(AC16:AC27) -> 0 | AD28: =SUM(AD16:AD27) -> 0 | AE28: =SUM(AE16:AE27) -> 0 | AF28: =SUM(AF16:AF27) -> 0 | AG28: =SUM(AG16:AG27) -> 0 | AH28: =SUM(AH16:AH27) -> 0 | AI28: =SUM(AI16:AI27) -> 0 | AJ28: =SUM(AJ16:AJ27) -> 0 | ... AV28: =SUM(AV16:AV27) -> 0
B30: V8 | D30: 0184429-0 | E30: 1876212-3 | F30: 3249850-1 | G30: 3139386-2 | H30: 1876278-6 | I30: 3729591-9 | J30: 0184763-0 | K30: 9064355-4 | L30: 9912506-8 | M30: 1876267-0 | N30: 3729668-0 | O30: 1876265-4 | P30: 1876242-5 | Q30: 3139392-7 | R30: 1876244-1 | S30: 1868741-5 | T30: 3139382-0 | U30: 1868739-3 | V30: 5343350-7 | W30: 1868742-3 | X30: 3139404-4 | Y30: 1868740-7 | Z30: 5343349-3 | AC30: Comparison with the last time
B31: MPS date | C31: KMP Shipment | D31: LAA101 | E31: LAF001 | F31: LAF002 | G31: LAF003 | H31: LAG001 | I31: LAG002 | J31: LAE101 | K31: LAE102 | L31: LAE201 | M31: LBL001 | N31: LBL002 | O31: LAL001 | P31: LAN001 | Q31: LAN002 | R31: LCN001 | S31: LAC001 | T31: LAC002 | U31: LCC001 | V31: LCC002 | W31: LAD001 | X31: LAD002 | Y31: LCD001 | Z31: LCD002 | AA31: TOTAL | AC31: LAA101 | AD31: LAF001 | AE31: LAF002 | AF31: LAF003 | AG31: LAG001 | AH31: LAG002 | AI31: LAE101 | AJ31: LAE102 | AK31: LAE201 | AL31: LBL001 | AM31: LBL002 | AN31: LAL001 | AO31: LAN001 | AP31: LAN002 | AQ31: LCN001 | AR31: LAC001 | AS31: LAC002 | AT31: LCC001 | AU31: LCC002 | AV31: LAD001 | AW31: LAD002 | AX31: LCD001 | AY31: LCD002
C32: 43956 | D32: 28 | E32: 12 | F32: 0 | G32: 0 | H32: 27 | I32: 0 | J32: 37 | K32: 1 | L32: 0 | M32: 0 | N32: 17 | O32: 17 | P32: 34 | Q32: 0 | R32: 0 | S32: 32 | T32: 0 | U32: 0 | V32: 0 | W32: 34 | X32: 0 | Y32: 0 | Z32: 0 | AA32: =SUM(D32:Z32) -> 239 | AB32: All revised edition→ | AC32: 28 | AD32: 12 | AE32: 0 | AF32: 0 | AG32: 27 | AH32: 0 | AI32: 37 | AJ32: 1 | AK32: 0 | AL32: 0 | AM32: 17 | AN32: 17 | AO32: 34 | AP32: 0 | AQ32: 0 | AR32: 32 | AS32: 0 | AT32: 0 | AU32: 0 | AV32: 34 | AW32: 0 | AX32: 0 | AY32: 0
C33: 43969 | D33: 28 | E33: 28 | F33: 0 | G33: 0 | H33: 28 | I33: 0 | J33: 21 | K33: 7 | L33: 0 | M33: 0 | N33: 14 | O33: 16 | P33: 30 | Q33: 0 | R33: 6 | S33: 30 | T33: 0 | U33: 0 | V33: 6 | W33: 30 | X33: 0 | Y33: 0 | Z33: 6 | AA33: =SUM(D33:Z33) -> 250 | AB33: All revised edition→ | AC33: 28 | AD33: 28 | AE33: 0 | AF33: 0 | AG33: 28 | AH33: 0 | AI33: 21 | AJ33: 7 | AK33: 0 | AL33: 0 | AM33: 14 | AN33: 16 | AO33: 30 | AP33: 0 | AQ33: 6 | AR33: 30 | AS33: 0 | AT33: 0 | AU33: 6 | AV33: 30 | AW33: 0 | AX33: 0 | AY33: 6
C34: 43974 | D34: 29 | E34: 29 | F34: 0 | G34: 0 | H34: 29 | I34: 0 | J34: 10 | K34: 14 | L34: 5 | M34: 0 | N34: 28 | O34: 4 | P34: 29 | Q34: 0 | R34: 15 | S34: 29 | T34: 0 | U34: 0 | V34: 15 | W34: 29 | X34: 0 | Y34: 0 | Z34: 15 | AA34: =SUM(D34:Z34) -> 280 | AB34: All revised edition→ | AC34: 29 | AD34: 29 | AE34: 0 | AF34: 0 | AG34: 29 | AH34: 0 | AI34: 10 | AJ34: 14 | AK34: 5 | AL34: 0 | AM34: 28 | AN34: 4 | AO34: 29 | AP34: 0 | AQ34: 15 | AR34: 29 | AS34: 0 | AT34: 0 | AU34: 15 | AV34: 29 | AW34: 0 | AX34: 0 | AY34: 15
C35: 43981 | D35: 32 | E35: 33 | F35: 0 | G35: 0 | H35: 32 | I35: 0 | J35: 11 | K35: 2 | L35: 19 | M35: 0 | N35: 17 | O35: 15 | P35: 18 | Q35: 0 | R35: 26 | S35: 18 | T35: 0 | U35: 0 | V35: 26 | W35: 18 | X35: 0 | Y35: 0 | Z35: 26 | AA35: =SUM(D35:Z35) -> 293 | AB35: All revised edition→ | AC35: 32 | AD35: 33 | AE35: 0 | AF35: 0 | AG35: 32 | AH35: 0 | AI35: 11 | AJ35: 2 | AK35: 19 | AL35: 0 | AM35: 17 | AN35: 15 | AO35: 18 | AP35: 0 | AQ35: 26 | AR35: 18 | AS35: 0 | AT35: 0 | AU35: 26 | AV35: 18 | AW35: 0 | AX35: 0 | AY35: 26
C36: 43985 | D36: 32 | E36: 32 | F36: 0 | G36: 0 | H36: 32 | I36: 0 | J36: 8 | K36: 16 | L36: 8 | M36: 0 | N36: 29 | O36: 3 | P36: 12 | Q36: 0 | R36: 39 | S36: 12 | T36: 0 | U36: 3 | V36: 36 | W36: 12 | X36: 0 | Y36: 0 | Z36: 36 | AA36: =SUM(D36:Z36) -> 310 | AB36: All revised edition→ | AC36: 32 | AD36: 32 | AE36: 0 | AF36: 0 | AG36: 32 | AH36: 0 | AI36: 8 | AJ36: 16 | AK36: 8 | AL36: 0 | AM36: 29 | AN36: 3 | AO36: 12 | AP36: 0 | AQ36: 39 | AR36: 12 | AS36: 0 | AT36: 3 | AU36: 36 | AV36: 12 | AW36: 0 | AX36: 0 | AY36: 36
C37: 43991 | D37: 32 | E37: 32 | F37: 0 | G37: 0 | H37: 32 | I37: 0 | J37: 3 | K37: 19 | L37: 10 | M37: 0 | N37: 32 | O37: 0 | P37: 17 | Q37: 0 | R37: 30 | S37: 17 | T37: 0 | U37: 0 | V37: 30 | W37: 17 | X37: 0 | Y37: 0 | Z37: 30 | AA37: =SUM(D37:Z37) -> 301 | AB37: All revised edition→ | AC37: 32 | AD37: 32 | AE37: 0 | AF37: 0 | AG37: 32 | AH37: 0 | AI37: 3 | AJ37: 19 | AK37: 10 | AL37: 0 | AM37: 32 | AN37: 0 | AO37: 17 | AP37: 0 | AQ37: 30 | AR37: 17 | AS37: 0 | AT37: 0 | AU37: 30 | AV37: 17 | AW37: 0 | AX37: 0 | AY37: 30
C38: 43995 | D38: 32 | E38: 32 | F38: 0 | G38: 0 | H38: 32 | I38: 0 | J38: 13 | K38: 0 | L38: 19 | M38: 0 | N38: 22 | O38: 10 | P38: 30 | Q38: 0 | R38: 21 | S38: 30 | T38: 0 | U38: 0 | V38: 21 | W38: 30 | X38: 0 | Y38: 0 | Z38: 21 | AA38: =SUM(D38:Z38) -> 313 | AB38: Ａｄｄ Ｓｈｉｐ→ | AC38: 32 | AD38: 32 | AE38: 0 | AF38: 0 | AG38: 32 | AH38: 0 | AI38: 13 | AJ38: 0 | AK38: 19 | AL38: 0 | AM38: 22 | AN38: 10 | AO38: 30 | AP38: 0 | AQ38: 21 | AR38: 30 | AS38: 0 | AT38: 0 | AU38: 21 | AV38: 30 | AW38: 0 | AX38: 0 | AY38: 21
C39: 44002 | D39: 32 | E39: 32 | F39: 0 | G39: 0 | H39: 32 | I39: 0 | J39: 28 | K39: 3 | L39: 1 | M39: 1 | N39: 31 | O39: 0 | P39: 12 | Q39: 0 | R39: 40 | S39: 12 | T39: 0 | U39: 0 | V39: 40 | W39: 12 | X39: 0 | Y39: 0 | Z39: 40 | AA39: =SUM(D39:Z39) -> 316 | AB39: Ａｄｄ Ｓｈｉｐ→ | AC39: 32 | AD39: 32 | AE39: 0 | AF39: 0 | AG39: 32 | AH39: 0 | AI39: 28 | AJ39: 3 | AK39: 1 | AL39: 1 | AM39: 31 | AN39: 0 | AO39: 12 | AP39: 0 | AQ39: 40 | AR39: 12 | AS39: 0 | AT39: 0 | AU39: 40 | AV39: 12 | AW39: 0 | AX39: 0 | AY39: 40
C40: 44009 | D40: 40 | E40: 40 | F40: 0 | G40: 0 | H40: 40 | I40: 0 | J40: 23 | K40: 7 | L40: 10 | M40: 0 | N40: 40 | O40: 0 | P40: 40 | Q40: 0 | R40: 0 | S40: 40 | T40: 0 | U40: 0 | V40: 0 | W40: 40 | X40: 0 | Y40: 0 | Z40: 0 | AA40: =SUM(D40:Z40) -> 320 | AB40: Ａｄｄ Ｓｈｉｐ→ | AC40: 40 | AD40: 40 | AE40: 0 | AF40: 0 | AG40: 40 | AH40: 0 | AI40: 23 | AJ40: 7 | AK40: 10 | AL40: 0 | AM40: 40 | AN40: 0 | AO40: 40 | AP40: 0 | AQ40: 0 | AR40: 40 | AS40: 0 | AT40: 0 | AU40: 0 | AV40: 40 | AW40: 0 | AX40: 0 | AY40: 0
C41: 44014 | D41: 40 | E41: 40 | F41: 0 | G41: 0 | H41: 44 | I41: 0 | J41: 16 | K41: 14 | L41: 14 | M41: 0 | N41: 40 | O41: 0 | P41: 20 | Q41: 0 | R41: 20 | S41: 20 | T41: 0 | U41: 0 | V41: 20 | W41: 20 | X41: 0 | Y41: 0 | Z41: 20 | AA41: =SUM(D41:Z41) -> 328 | AB41: Ａｄｄ Ｓｈｉｐ→ | AC41: 40 | AD41: 40 | AE41: 0 | AF41: 0 | AG41: 44 | AH41: 0 | AI41: 16 | AJ41: 14 | AK41: 14 | AL41: 0 | AM41: 40 | AN41: 0 | AO41: 20 | AP41: 0 | AQ41: 20 | AR41: 20 | AS41: 0 | AT41: 0 | AU41: 20 | AV41: 20 | AW41: 0 | AX41: 0 | AY41: 20
C42: 44021 | D42: 38 | E42: 32 | F42: 0 | G42: 7 | H42: 32 | I42: 0 | J42: 10 | K42: 13 | L42: 9 | M42: 0 | N42: 35 | O42: 3 | P42: 26 | Q42: 4 | R42: 6 | S42: 26 | T42: 5 | U42: 0 | V42: 6 | W42: 26 | X42: 7 | Y42: 0 | Z42: 6 | AA42: =SUM(D42:Z42) -> 291 | AB42: Ａｄｄ Ｓｈｉｐ→ | AC42: 38 | AD42: 32 | AE42: 0 | AF42: 7 | AG42: 32 | AH42: 0 | AI42: 10 | AJ42: 13 | AK42: 9 | AL42: 0 | AM42: 35 | AN42: 3 | AO42: 26 | AP42: 4 | AQ42: 6 | AR42: 26 | AS42: 5 | AT42: 0 | AU42: 6 | AV42: 26 | AW42: 7 | AX42: 0 | AY42: 6
C43: 44027 | D43: 0 | E43: 0 | F43: 0 | G43: 0 | H43: 0 | I43: 0 | J43: 0 | K43: 0 | L43: 0 | M43: 0 | N43: 24 | O43: 0 | P43: 17 | Q43: 0 | R43: 8 | S43: 17 | T43: 0 | U43: 0 | V43: 8 | W43: 17 | X43: 0 | Y43: 0 | Z43: 8 | AA43: =SUM(D43:Z43) -> 99 | AB43: Ａｄｄ Ｓｈｉｐ→ | AC43: 0 | AD43: 0 | AE43: 0 | AF43: 0 | AG43: 0 | AH43: 0 | AI43: 0 | AJ43: 0 | AK43: 0 | AL43: 0 | AM43: 24 | AN43: 0 | AO43: 17 | AP43: 0 | AQ43: 8 | AR43: 17 | AS43: 0 | AT43: 0 | AU43: 8 | AV43: 17 | AW43: 0 | AX43: 0 | AY43: 8
B44: TOTAL | D44: =SUM(D32:D43) -> 363 | E44: =SUM(E32:E43) -> 342 | F44: =SUM(F32:F43) -> 0 | G44: =SUM(G32:G43) -> 7 | H44: =SUM(H32:H43) -> 360 | I44: =SUM(I32:I43) -> 0 | J44: =SUM(J32:J43) -> 180 | K44: =SUM(K32:K43) -> 96 | ... Z44: =SUM(Z32:Z43) -> 208 | AA44: =SUM(D44:Z44) -> 3340 | AC44: =SUM(AC32:AC43) -> 363 | AD44: =SUM(AD32:AD43) -> 342 | AE44: =SUM(AE32:AE43) -> 0 | AF44: =SUM(AF32:AF43) -> 7 | AG44: =SUM(AG32:AG43) -> 360 | AH44: =SUM(AH32:AH43) -> 0 | AI44: =SUM(AI32:AI43) -> 180 | AJ44: =SUM(AJ32:AJ43) -> 96 | ... AY44: =SUM(AY32:AY43) -> 208
B46: KMP NEW ＭＰＳ（05/23/2020）
D47: 5948184-8 | E47: 5911267-2 | F47: 7961962-5 | G47: 5911295-8 | H47: 5911210-9 | I47: 5981329-8 | J47: 5964105-5 | K47: 5964106-3 | L47: 1889107-1 | M47: 5992295-0 | N47: 5981353-0 | O47: 1858395-4 | P47: 6911025-2 | Q47: 5992238-0 | R47: 6993321-6 | S47: 1870994-0 | T47: 1870955-9 | U47: 1874748-5 | V47: 1881236-8 | W47: 3734917-2 | AC47: Comparison with the last time
B48: MPS date | C48: KMP Shipment | D48: LAR101 | E48: LAJ101 | F48: LAE100 | G48: LAG101 | H48: LAL101 | I48: LAC101 | J48: LAD101 | K48: LAF101 | L48: LAF093 | M48: LAC092 | N48: LAC093 | O48: LAC094 | P48: LAD001 | Q48: LAD001 | R48: LAC034 | S48: LAC071 | T48: LAD071 | U48: LAC098 | V48: LAC099 | W48: LAC081 | AA48: TOTAL | AC48: LAR101 | AD48: LAJ101 | AE48: LAE100 | AF48: LAG101 | AG48: LAL101 | AH48: LAC101 | AI48: LAD101 | AJ48: LAF101 | AK48: LAF093 | AL48: LAC092 | AM48: LAC093 | AN48: LAC094 | AO48: LAD025 | AP48: LAD238 | AQ48: LAC034 | AR48: LAC071 | AS48: LAD071 | AT48: LAC098 | AU48: LAC099 | AV48: LAC081
C49: 43981 | D49: 0 | E49: 0 | F49: 0 | G49: 0 | H49: 0 | I49: 0 | J49: 0 | K49: 0 | L49: 0 | M49: 0 | N49: 0 | O49: 0 | P49: 0 | Q49: 0 | R49: 0 | S49: 0 | T49: 0 | U49: 0 | V49: 0 | W49: 0 | AA49: =SUM(D49:W49) -> 0 | AC49: 0 | AD49: 0 | AE49: 0 | AF49: 0 | AG49: 0 | AH49: 0 | AI49: 0 | AJ49: 0 | AK49: 0 | AL49: 0 | AM49: 0 | AN49: 0 | AO49: 0 | AP49: 0 | AQ49: 0 | AR49: 0 | AS49: 0 | AT49: 0 | AU49: 0 | AV49: 0
C50: 43985 | D50: 0 | E50: 0 | F50: 0 | G50: 0 | H50: 0 | I50: 0 | J50: 0 | K50: 0 | L50: 0 | M50: 0 | N50: 0 | O50: 0 | P50: 0 | Q50: 0 | R50: 0 | S50: 0 | T50: 0 | U50: 0 | V50: 0 | W50: 0 | AA50: =SUM(D50:W50) -> 0 | AC50: 0 | AD50: 0 | AE50: 0 | AF50: 0 | AG50: 0 | AH50: 0 | AI50: 0 | AJ50: 0 | AK50: 0 | AL50: 0 | AM50: 0 | AN50: 0 | AO50: 0 | AP50: 0 | AQ50: 0 | AR50: 0 | AS50: 0 | AT50: 0 | AU50: 0 | AV50: 0
C51: 43991 | D51: 0 | E51: 0 | F51: 0 | G51: 0 | H51: 0 | I51: 0 | J51: 0 | K51: 0 | L51: 0 | M51: 0 | N51: 0 | O51: 0 | P51: 0 | Q51: 0 | R51: 0 | S51: 0 | T51: 0 | U51: 0 | V51: 0 | W51: 0 | AA51: =SUM(D51:W51) -> 0 | AC51: 0 | AD51: 0 | AE51: 0 | AF51: 0 | AG51: 0 | AH51: 0 | AI51: 0 | AJ51: 0 | AK51: 0 | AL51: 0 | AM51: 0 | AN51: 0 | AO51: 0 | AP51: 0 | AQ51: 0 | AR51: 0 | AS51: 0 | AT51: 0 | AU51: 0 | AV51: 0
C52: 43995 | D52: 0 | E52: 0 | F52: 0 | G52: 0 | H52: 0 | I52: 0 | J52: 0 | K52: 0 | L52: 0 | M52: 0 | N52: 0 | O52: 0 | P52: 0 | Q52: 0 | R52: 0 | S52: 0 | T52: 0 | U52: 0 | V52: 0 | W52: 0 | AA52: =SUM(D52:W52) -> 0 | AC52: 0 | AD52: 0 | AE52: 0 | AF52: 0 | AG52: 0 | AH52: 0 | AI52: 0 | AJ52: 0 | AK52: 0 | AL52: 0 | AM52: 0 | AN52: 0 | AO52: 0 | AP52: 0 | AQ52: 0 | AR52: 0 | AS52: 0 | AT52: 0 | AU52: 0 | AV52: 0
C53: 44002 | D53: 0 | E53: 0 | F53: 0 | G53: 0 | H53: 0 | I53: 0 | J53: 0 | K53: 0 | L53: 0 | M53: 0 | N53: 0 | O53: 0 | P53: 0 | Q53: 0 | R53: 0 | S53: 0 | T53: 0 | U53: 0 | V53: 0 | W53: 0 | AA53: =SUM(D53:W53) -> 0 | AC53: 0 | AD53: 0 | AE53: 0 | AF53: 0 | AG53: 0 | AH53: 0 | AI53: 0 | AJ53: 0 | AK53: 0 | AL53: 0 | AM53: 0 | AN53: 0 | AO53: 0 | AP53: 0 | AQ53: 0 | AR53: 0 | AS53: 0 | AT53: 0 | AU53: 0 | AV53: 0
C54: 44009 | D54: 0 | E54: 0 | F54: 0 | G54: 0 | H54: 0 | I54: 0 | J54: 0 | K54: 0 | L54: 0 | M54: 0 | N54: 0 | O54: 0 | P54: 0 | Q54: 0 | R54: 0 | S54: 0 | T54: 0 | U54: 0 | V54: 0 | W54: 0 | AA54: =SUM(D54:W54) -> 0 | AC54: 0 | AD54: 0 | AE54: 0 | AF54: 0 | AG54: 0 | AH54: 0 | AI54: 0 | AJ54: 0 | AK54: 0 | AL54: 0 | AM54: 0 | AN54: 0 | AO54: 0 | AP54: 0 | AQ54: 0 | AR54: 0 | AS54: 0 | AT54: 0 | AU54: 0 | AV54: 0
C55: 44014 | D55: 0 | E55: 0 | F55: 0 | G55: 0 | H55: 0 | I55: 0 | J55: 0 | K55: 0 | L55: 0 | M55: 0 | N55: 0 | O55: 0 | P55: 0 | Q55: 0 | R55: 0 | S55: 0 | T55: 0 | U55: 0 | V55: 0 | W55: 0 | AA55: =SUM(D55:W55) -> 0 | AC55: 0 | AD55: 0 | AE55: 0 | AF55: 0 | AG55: 0 | AH55: 0 | AI55: 0 | AJ55: 0 | AK55: 0 | AL55: 0 | AM55: 0 | AN55: 0 | AO55: 0 | AP55: 0 | AQ55: 0 | AR55: 0 | AS55: 0 | AT55: 0 | AU55: 0 | AV55: 0
C56: 44021 | D56: 0 | E56: 0 | F56: 0 | G56: 0 | H56: 0 | I56: 0 | J56: 0 | K56: 0 | L56: 0 | M56: 0 | N56: 0 | O56: 0 | P56: 0 | Q56: 0 | R56: 0 | S56: 0 | T56: 0 | U56: 0 | V56: 0 | W56: 0 | AA56: =SUM(D56:W56) -> 0 | AC56: 0 | AD56: 0 | AE56: 0 | AF56: 0 | AG56: 0 | AH56: 0 | AI56: 0 | AJ56: 0 | AK56: 0 | AL56: 0 | AM56: 0 | AN56: 0 | AO56: 0 | AP56: 0 | AQ56: 0 | AR56: 0 | AS56: 0 | AT56: 0 | AU56: 0 | AV56: 0
C57: 44027 | D57: 0 | E57: 0 | F57: 0 | G57: 0 | H57: 0 | I57: 0 | J57: 0 | K57: 0 | L57: 0 | M57: 0 | N57: 0 | O57: 0 | P57: 0 | Q57: 0 | R57: 0 | S57: 0 | T57: 0 | U57: 0 | V57: 0 | W57: 0 | AA57: =SUM(D57:W57) -> 0 | AC57: 0 | AD57: 0 | AE57: 0 | AF57: 0 | AG57: 0 | AH57: 0 | AI57: 0 | AJ57: 0 | AK57: 0 | AL57: 0 | AM57: 0 | AN57: 0 | AO57: 0 | AP57: 0 | AQ57: 0 | AR57: 0 | AS57: 0 | AT57: 0 | AU57: 0 | AV57: 0
C58: 44036 | D58: 0 | E58: 0 | F58: 0 | G58: 0 | H58: 0 | I58: 0 | J58: 0 | K58: 0 | L58: 0 | M58: 0 | N58: 0 | O58: 0 | P58: 0 | Q58: 0 | R58: 0 | S58: 0 | T58: 0 | U58: 0 | V58: 0 | W58: 0 | AA58: =SUM(D58:W58) -> 0 | AC58: 0 | AD58: 0 | AE58: 0 | AF58: 0 | AG58: 0 | AH58: 0 | AI58: 0 | AJ58: 0 | AK58: 0 | AL58: 0 | AM58: 0 | AN58: 0 | AO58: 0 | AP58: 0 | AQ58: 0 | AR58: 0 | AS58: 0 | AT58: 0 | AU58: 0 | AV58: 0
C59: 44051 | D59: 0 | E59: 0 | F59: 0 | G59: 0 | H59: 0 | I59: 0 | J59: 0 | K59: 0 | L59: 0 | M59: 0 | N59: 0 | O59: 0 | P59: 0 | Q59: 0 | R59: 0 | S59: 0 | T59: 0 | U59: 0 | V59: 0 | W59: 0 | AA59: =SUM(D59:W59) -> 0 | AC59: 0 | AD59: 0 | AE59: 0 | AF59: 0 | AG59: 0 | AH59: 0 | AI59: 0 | AJ59: 0 | AK59: 0 | AL59: 0 | AM59: 0 | AN59: 0 | AO59: 0 | AP59: 0 | AQ59: 0 | AR59: 0 | AS59: 0 | AT59: 0 | AU59: 0 | AV59: 0
B60: TOTAL | D60: =SUM(D49:D59) -> 0 | E60: =SUM(E49:E59) -> 0 | F60: =SUM(F49:F59) -> 0 | G60: =SUM(G49:G59) -> 0 | H60: =SUM(H49:H59) -> 0 | I60: =SUM(I49:I59) -> 0 | J60: =SUM(J49:J59) -> 0 | K60: =SUM(K49:K59) -> 0 | ... W60: =SUM(W49:W59) -> 0 | AA60: =SUM(D60:W60) -> 0 | AC60: =SUM(AC49:AC59) -> 0 | AD60: =SUM(AD49:AD59) -> 0 | AE60: =SUM(AE49:AE59) -> 0 | AF60: =SUM(AF49:AF59) -> 0 | AG60: =SUM(AG49:AG59) -> 0 | AH60: =SUM(AH49:AH59) -> 0 | AI60: =SUM(AI49:AI59) -> 0 | AJ60: =SUM(AJ49:AJ59) -> 0 | ... AV60: =SUM(AV49:AV59) -> 0
B62: V8 | D62: 0184429-0 | E62: 1876212-3 | F62: 3249850-1 | G62: 3139386-2 | H62: 1876278-6 | I62: 3729591-9 | J62: 0184763-0 | K62: 9064355-4 | L62: 9912506-8 | M62: 1876267-0 | N62: 3729668-0 | O62: 1876265-4 | P62: 1876242-5 | Q62: 3139392-7 | R62: 1876244-1 | S62: 1868741-5 | T62: 3139382-0 | U62: 1868739-3 | V62: 5343350-7 | W62: 1868742-3 | X62: 3139404-4 | Y62: 1868740-7 | Z62: 5343349-3 | AC62: Comparison with the last time
B63: MPS date | C63: KMP Shipment | D63: LAA101 | E63: LAF001 | F63: LAF002 | G63: LAF003 | H63: LAG001 | I63: LAG002 | J63: LAE101 | K63: LAE102 | L63: LAE201 | M63: LBL001 | N63: LBL002 | O63: LAL001 | P63: LAN001 | Q63: LAN002 | R63: LCN001 | S63: LAC001 | T63: LAC002 | U63: LCC001 | V63: LCC002 | W63: LAD001 | X63: LAD002 | Y63: LCD001 | Z63: LCD002 | AA63: TOTAL | AC63: LAA101 | AD63: LAF001 | AE63: LAF002 | AF63: LAF003 | AG63: LAG001 | AH63: LAG002 | AI63: LAE101 | AJ63: LAE102 | AK63: LAE201 | AL63: LBL001 | AM63: LBL002 | AN63: LAL001 | AO63: LAN001 | AP63: LAN002 | AQ63: LCN001 | AR63: LAC001 | AS63: LAC002 | AT63: LCC001 | AU63: LCC002 | AV63: LAD001 | AW63: LAD002 | AX63: LCD001 | AY63: LCD002
C64: 43981 | D64: 32 | E64: 33 | F64: 0 | G64: 0 | H64: 32 | I64: 0 | J64: 0 | K64: 0 | L64: 0 | M64: 0 | N64: 0 | O64: 15 | P64: 18 | Q64: 0 | R64: 26 | S64: 18 | T64: 0 | U64: 0 | V64: 26 | W64: 18 | X64: 0 | Y64: 0 | Z64: 26 | AA64: =SUM(D64:Z64) -> 244 | AC64: =D64-D35 -> 0 | AD64: =E64-E35 -> 0 | AE64: =F64-F35 -> 0 | AF64: =G64-G35 -> 0 | AG64: =H64-H35 -> 0 | AH64: =I64-I35 -> 0 | AI64: =J64-J35 -> -11 | AJ64: =K64-K35 -> -2 | ... AY64: =Z64-Z35 -> 0
C65: 43985 | D65: 32 | E65: 32 | F65: 0 | G65: 0 | H65: 32 | I65: 0 | J65: 8 | K65: 16 | L65: 8 | M65: 0 | N65: 29 | O65: 3 | P65: 12 | Q65: 0 | R65: 39 | S65: 12 | T65: 0 | U65: 3 | V65: 36 | W65: 12 | X65: 0 | Y65: 0 | Z65: 36 | AA65: =SUM(D65:Z65) -> 310 | AC65: =D65-D36 -> 0 | AD65: =E65-E36 -> 0 | AE65: =F65-F36 -> 0 | AF65: =G65-G36 -> 0 | AG65: =H65-H36 -> 0 | AH65: =I65-I36 -> 0 | AI65: =J65-J36 -> 0 | AJ65: =K65-K36 -> 0 | ... AY65: =Z65-Z36 -> 0
C66: 43991 | D66: 32 | E66: 32 | F66: 0 | G66: 0 | H66: 32 | I66: 0 | J66: 3 | K66: 19 | L66: 10 | M66: 0 | N66: 32 | O66: 0 | P66: 17 | Q66: 0 | R66: 30 | S66: 17 | T66: 0 | U66: 0 | V66: 30 | W66: 17 | X66: 0 | Y66: 0 | Z66: 30 | AA66: =SUM(D66:Z66) -> 301 | AC66: =D66-D37 -> 0 | AD66: =E66-E37 -> 0 | AE66: =F66-F37 -> 0 | AF66: =G66-G37 -> 0 | AG66: =H66-H37 -> 0 | AH66: =I66-I37 -> 0 | AI66: =J66-J37 -> 0 | AJ66: =K66-K37 -> 0 | ... AY66: =Z66-Z37 -> 0
C67: 43995 | D67: 32 | E67: 32 | F67: 0 | G67: 0 | H67: 32 | I67: 0 | J67: 13 | K67: 0 | L67: 19 | M67: 0 | N67: 22 | O67: 10 | P67: 30 | Q67: 0 | R67: 21 | S67: 30 | T67: 0 | U67: 0 | V67: 21 | W67: 30 | X67: 0 | Y67: 0 | Z67: 21 | AA67: =SUM(D67:Z67) -> 313 | AC67: =D67-D38 -> 0 | AD67: =E67-E38 -> 0 | AE67: =F67-F38 -> 0 | AF67: =G67-G38 -> 0 | AG67: =H67-H38 -> 0 | AH67: =I67-I38 -> 0 | AI67: =J67-J38 -> 0 | AJ67: =K67-K38 -> 0 | ... AY67: =Z67-Z38 -> 0
C68: 44002 | D68: 32 | E68: 32 | F68: 0 | G68: 0 | H68: 32 | I68: 0 | J68: 28 | K68: 3 | L68: 1 | M68: 1 | N68: 31 | O68: 0 | P68: 12 | Q68: 0 | R68: 40 | S68: 12 | T68: 0 | U68: 0 | V68: 40 | W68: 12 | X68: 0 | Y68: 0 | Z68: 40 | AA68: =SUM(D68:Z68) -> 316 | AC68: =D68-D39 -> 0 | AD68: =E68-E39 -> 0 | AE68: =F68-F39 -> 0 | AF68: =G68-G39 -> 0 | AG68: =H68-H39 -> 0 | AH68: =I68-I39 -> 0 | AI68: =J68-J39 -> 0 | AJ68: =K68-K39 -> 0 | ... AY68: =Z68-Z39 -> 0
C69: 44009 | D69: 40 | E69: 40 | F69: 0 | G69: 0 | H69: 40 | I69: 0 | J69: 23 | K69: 7 | L69: 10 | M69: 0 | N69: 40 | O69: 0 | P69: 40 | Q69: 0 | R69: 0 | S69: 40 | T69: 0 | U69: 0 | V69: 0 | W69: 40 | X69: 0 | Y69: 0 | Z69: 0 | AA69: =SUM(D69:Z69) -> 320 | AC69: =D69-D40 -> 0 | AD69: =E69-E40 -> 0 | AE69: =F69-F40 -> 0 | AF69: =G69-G40 -> 0 | AG69: =H69-H40 -> 0 | AH69: =I69-I40 -> 0 | AI69: =J69-J40 -> 0 | AJ69: =K69-K40 -> 0 | ... AY69: =Z69-Z40 -> 0
C70: 44014 | D70: 40 | E70: 40 | F70: 0 | G70: 0 | H70: 44 | I70: 0 | J70: 16 | K70: 14 | L70: 14 | M70: 0 | N70: 40 | O70: 0 | P70: 20 | Q70: 0 | R70: 20 | S70: 20 | T70: 0 | U70: 0 | V70: 20 | W70: 20 | X70: 0 | Y70: 0 | Z70: 20 | AA70: =SUM(D70:Z70) -> 328 | AC70: =D70-D41 -> 0 | AD70: =E70-E41 -> 0 | AE70: =F70-F41 -> 0 | AF70: =G70-G41 -> 0 | AG70: =H70-H41 -> 0 | AH70: =I70-I41 -> 0 | AI70: =J70-J41 -> 0 | AJ70: =K70-K41 -> 0 | ... AY70: =Z70-Z41 -> 0
C71: 44021 | D71: 33 | E71: 27 | F71: 0 | G71: 0 | H71: 27 | I71: 0 | J71: 1 | K71: 13 | L71: 16 | M71: 0 | N71: 33 | O71: 3 | P71: 24 | Q71: 4 | R71: 6 | S71: 24 | T71: 0 | U71: 0 | V71: 6 | W71: 24 | X71: 0 | Y71: 0 | Z71: 6 | AA71: =SUM(D71:Z71) -> 247 | AB71: Change qity→ | AC71: =D71-D42 -> -5 | AD71: =E71-E42 -> -5 | AE71: =F71-F42 -> 0 | AF71: =G71-G42 -> -7 | AG71: =H71-H42 -> -5 | AH71: =I71-I42 -> 0 | AI71: =J71-J42 -> -9 | AJ71: =K71-K42 -> 0 | ... AY71: =Z71-Z42 -> 0
C72: 44027 | D72: 35 | E72: 36 | F72: 0 | G72: 7 | H72: 35 | I72: 0 | J72: 25 | K72: 4 | L72: 6 | M72: 0 | N72: 30 | O72: 0 | P72: 10 | Q72: 0 | R72: 21 | S72: 11 | T72: 5 | U72: 0 | V72: 21 | W72: 10 | X72: 7 | Y72: 0 | Z72: 21 | AA72: =SUM(D72:Z72) -> 284 | AB72: Change qity→ | AC72: =D72-D43 -> 35 | AD72: =E72-E43 -> 36 | AE72: =F72-F43 -> 0 | AF72: =G72-G43 -> 7 | AG72: =H72-H43 -> 35 | AH72: =I72-I43 -> 0 | AI72: =J72-J43 -> 25 | AJ72: =K72-K43 -> 4 | ... AY72: =Z72-Z43 -> 13
C73: 44036 | D73: 42 | E73: 42 | F73: 0 | G73: 0 | H73: 42 | I73: 0 | J73: 20 | K73: 18 | L73: 4 | M73: 0 | N73: 36 | O73: 3 | P73: 39 | Q73: 0 | R73: 0 | S73: 39 | T73: 0 | U73: 0 | V73: 0 | W73: 39 | X73: 0 | Y73: 0 | Z73: 0 | AA73: =SUM(D73:Z73) -> 324 | AB73: Ａｄｄ Ｓｈｉｐ→ | AC73: 42 | AD73: 42 | AE73: 0 | AF73: 0 | AG73: 42 | AH73: 0 | AI73: 20 | AJ73: 18 | AK73: 4 | AL73: 0 | AM73: 36 | AN73: 3 | AO73: 39 | AP73: 0 | AQ73: 0 | AR73: 39 | AS73: 0 | AT73: 0 | AU73: 0 | AV73: 39 | AW73: 0 | AX73: 0 | AY73: 0
C74: 44051 | D74: 24 | E74: 24 | F74: 0 | G74: 0 | H74: 24 | I74: 0 | J74: 3 | K74: 7 | L74: 14 | M74: 0 | N74: 38 | O74: 15 | P74: 35 | Q74: 0 | R74: 18 | S74: 35 | T74: 0 | U74: 0 | V74: 18 | W74: 35 | X74: 0 | Y74: 0 | Z74: 18 | AA74: =SUM(D74:Z74) -> 308 | AB74: Ａｄｄ Ｓｈｉｐ→ | AC74: 24 | AD74: 24 | AE74: 0 | AF74: 0 | AG74: 24 | AH74: 0 | AI74: 3 | AJ74: 7 | AK74: 14 | AL74: 0 | AM74: 38 | AN74: 15 | AO74: 35 | AP74: 0 | AQ74: 18 | AR74: 35 | AS74: 0 | AT74: 0 | AU74: 18 | AV74: 35 | AW74: 0 | AX74: 0 | AY74: 18
B75: TOTAL | D75: =SUM(D64:D74) -> 374 | E75: =SUM(E64:E74) -> 370 | F75: =SUM(F64:F74) -> 0 | G75: =SUM(G64:G74) -> 7 | H75: =SUM(H64:H74) -> 372 | I75: =SUM(I64:I74) -> 0 | J75: =SUM(J64:J74) -> 140 | K75: =SUM(K64:K74) -> 101 | ... Z75: =SUM(Z64:Z74) -> 218 | AA75: =SUM(D75:Z75) -> 3295 | AC75: =SUM(AC64:AC74) -> 96 | AD75: =SUM(AD64:AD74) -> 97 | AE75: =SUM(AE64:AE74) -> 0 | AF75: =SUM(AF64:AF74) -> 0 | AG75: =SUM(AG64:AG74) -> 96 | AH75: =SUM(AH64:AH74) -> 0 | AI75: =SUM(AI64:AI74) -> 28 | AJ75: =SUM(AJ64:AJ74) -> 27 | ... AY75: =SUM(AY64:AY74) -> 31
B78: KMP NEW ＭＰＳ（06/06/2020）
D79: 5948184-8 | E79: 5911267-2 | F79: 7961962-5 | G79: 5911295-8 | H79: 5911210-9 | I79: 5981329-8 | J79: 5964105-5 | K79: 5964106-3 | L79: 1889107-1 | M79: 5992295-0 | N79: 5981353-0 | O79: 1858395-4 | P79: 6911025-2 | Q79: 5992238-0 | R79: 6993321-6 | S79: 1870994-0 | T79: 1870955-9 | U79: 1874748-5 | V79: 1881236-8 | W79: 3734917-2 | AC79: Comparison with the last time
B80: MPS date | C80: KMP Shipment | D80: LAR101 | E80: LAJ101 | F80: LAE100 | G80: LAG101 | H80: LAL101 | I80: LAC101 | J80: LAD101 | K80: LAF101 | L80: LAF093 | M80: LAC092 | N80: LAC093 | O80: LAC094 | P80: LAD001 | Q80: LAD001 | R80: LAC034 | S80: LAC071 | T80: LAD071 | U80: LAC098 | V80: LAC099 | W80: LAC081 | AA80: TOTAL | AC80: LAR101 | AD80: LAJ101 | AE80: LAE100 | AF80: LAG101 | AG80: LAL101 | AH80: LAC101 | AI80: LAD101 | AJ80: LAF101 | AK80: LAF093 | AL80: LAC092 | AM80: LAC093 | AN80: LAC094 | AO80: LAD025 | AP80: LAD238 | AQ80: LAC034 | AR80: LAC071 | AS80: LAD071 | AT80: LAC098 | AU80: LAC099 | AV80: LAC081
C81: 43991 | D81: 0 | E81: 0 | F81: 0 | G81: 0 | H81: 0 | I81: 0 | J81: 0 | K81: 0 | L81: 0 | M81: 0 | N81: 0 | O81: 0 | P81: 0 | Q81: 0 | R81: 0 | S81: 0 | T81: 0 | U81: 0 | V81: 0 | W81: 0 | AA81: =SUM(D81:W81) -> 0 | AC81: =D81-D51 -> 0 | AD81: =E81-E51 -> 0 | AE81: =F81-F51 -> 0 | AF81: =G81-G51 -> 0 | AG81: =H81-H51 -> 0 | AH81: =I81-I51 -> 0 | AI81: =J81-J51 -> 0 | AJ81: =K81-K51 -> 0 | ... AV81: =W81-W51 -> 0
C82: 43995 | D82: 0 | E82: 0 | F82: 0 | G82: 0 | H82: 0 | I82: 0 | J82: 0 | K82: 0 | L82: 0 | M82: 0 | N82: 0 | O82: 0 | P82: 0 | Q82: 0 | R82: 0 | S82: 0 | T82: 0 | U82: 0 | V82: 0 | W82: 0 | AA82: =SUM(D82:W82) -> 0 | AC82: =D82-D52 -> 0 | AD82: =E82-E52 -> 0 | AE82: =F82-F52 -> 0 | AF82: =G82-G52 -> 0 | AG82: =H82-H52 -> 0 | AH82: =I82-I52 -> 0 | AI82: =J82-J52 -> 0 | AJ82: =K82-K52 -> 0 | ... AV82: =W82-W52 -> 0
C83: 44002 | D83: 0 | E83: 0 | F83: 0 | G83: 0 | H83: 0 | I83: 0 | J83: 0 | K83: 0 | L83: 0 | M83: 0 | N83: 0 | O83: 0 | P83: 0 | Q83: 0 | R83: 0 | S83: 0 | T83: 0 | U83: 0 | V83: 0 | W83: 0 | AA83: =SUM(D83:W83) -> 0 | AC83: =D83-D53 -> 0 | AD83: =E83-E53 -> 0 | AE83: =F83-F53 -> 0 | AF83: =G83-G53 -> 0 | AG83: =H83-H53 -> 0 | AH83: =I83-I53 -> 0 | AI83: =J83-J53 -> 0 | AJ83: =K83-K53 -> 0 | ... AV83: =W83-W53 -> 0
C84: 44009 | D84: 0 | E84: 0 | F84: 0 | G84: 0 | H84: 0 | I84: 0 | J84: 0 | K84: 0 | L84: 0 | M84: 0 | N84: 0 | O84: 0 | P84: 0 | Q84: 0 | R84: 0 | S84: 0 | T84: 0 | U84: 0 | V84: 0 | W84: 0 | AA84: =SUM(D84:W84) -> 0 | AC84: =D84-D54 -> 0 | AD84: =E84-E54 -> 0 | AE84: =F84-F54 -> 0 | AF84: =G84-G54 -> 0 | AG84: =H84-H54 -> 0 | AH84: =I84-I54 -> 0 | AI84: =J84-J54 -> 0 | AJ84: =K84-K54 -> 0 | ... AV84: =W84-W54 -> 0
C85: 44014 | D85: 0 | E85: 0 | F85: 0 | G85: 0 | H85: 0 | I85: 0 | J85: 0 | K85: 0 | L85: 0 | M85: 0 | N85: 0 | O85: 0 | P85: 0 | Q85: 0 | R85: 0 | S85: 0 | T85: 0 | U85: 0 | V85: 0 | W85: 0 | AA85: =SUM(D85:W85) -> 0 | AC85: =D85-D55 -> 0 | AD85: =E85-E55 -> 0 | AE85: =F85-F55 -> 0 | AF85: =G85-G55 -> 0 | AG85: =H85-H55 -> 0 | AH85: =I85-I55 -> 0 | AI85: =J85-J55 -> 0 | AJ85: =K85-K55 -> 0 | ... AV85: =W85-W55 -> 0
C86: 44021 | D86: 0 | E86: 0 | F86: 0 | G86: 0 | H86: 0 | I86: 0 | J86: 0 | K86: 0 | L86: 0 | M86: 0 | N86: 0 | O86: 0 | P86: 0 | Q86: 0 | R86: 0 | S86: 0 | T86: 0 | U86: 0 | V86: 0 | W86: 0 | AA86: =SUM(D86:W86) -> 0 | AC86: =D86-D56 -> 0 | AD86: =E86-E56 -> 0 | AE86: =F86-F56 -> 0 | AF86: =G86-G56 -> 0 | AG86: =H86-H56 -> 0 | AH86: =I86-I56 -> 0 | AI86: =J86-J56 -> 0 | AJ86: =K86-K56 -> 0 | ... AV86: =W86-W56 -> 0
C87: 44027 | D87: 0 | E87: 0 | F87: 0 | G87: 0 | H87: 0 | I87: 0 | J87: 0 | K87: 0 | L87: 0 | M87: 0 | N87: 0 | O87: 0 | P87: 0 | Q87: 0 | R87: 0 | S87: 0 | T87: 0 | U87: 0 | V87: 0 | W87: 0 | AA87: =SUM(D87:W87) -> 0 | AC87: =D87-D57 -> 0 | AD87: =E87-E57 -> 0 | AE87: =F87-F57 -> 0 | AF87: =G87-G57 -> 0 | AG87: =H87-H57 -> 0 | AH87: =I87-I57 -> 0 | AI87: =J87-J57 -> 0 | AJ87: =K87-K57 -> 0 | ... AV87: =W87-W57 -> 0
C88: 44036 | D88: 0 | E88: 0 | F88: 0 | G88: 0 | H88: 0 | I88: 0 | J88: 0 | K88: 0 | L88: 0 | M88: 0 | N88: 0 | O88: 0 | P88: 0 | Q88: 0 | R88: 0 | S88: 0 | T88: 0 | U88: 0 | V88: 0 | W88: 0 | AA88: =SUM(D88:W88) -> 0 | AC88: =D88-D58 -> 0 | AD88: =E88-E58 -> 0 | AE88: =F88-F58 -> 0 | AF88: =G88-G58 -> 0 | AG88: =H88-H58 -> 0 | AH88: =I88-I58 -> 0 | AI88: =J88-J58 -> 0 | AJ88: =K88-K58 -> 0 | ... AV88: =W88-W58 -> 0
C89: 44051 | D89: 0 | E89: 0 | F89: 0 | G89: 0 | H89: 0 | I89: 0 | J89: 0 | K89: 0 | L89: 0 | M89: 0 | N89: 0 | O89: 0 | P89: 0 | Q89: 0 | R89: 0 | S89: 0 | T89: 0 | U89: 0 | V89: 0 | W89: 0 | AA89: =SUM(D89:W89) -> 0 | AC89: =D89-D59 -> 0 | AD89: =E89-E59 -> 0 | AE89: =F89-F59 -> 0 | AF89: =G89-G59 -> 0 | AG89: =H89-H59 -> 0 | AH89: =I89-I59 -> 0 | AI89: =J89-J59 -> 0 | AJ89: =K89-K59 -> 0 | ... AV89: =W89-W59 -> 0
C90: 44060 | D90: 0 | E90: 0 | F90: 0 | G90: 0 | H90: 0 | I90: 0 | J90: 0 | K90: 0 | L90: 0 | M90: 0 | N90: 0 | O90: 0 | P90: 0 | Q90: 0 | R90: 0 | S90: 0 | T90: 0 | U90: 0 | V90: 0 | W90: 0 | AA90: =SUM(D90:W90) -> 0 | AB90: Ａｄｄ Ｓｈｉｐ→ | AC90: =D90 -> 0 | AD90: =E90 -> 0 | AE90: =F90 -> 0 | AF90: =G90 -> 0 | AG90: =H90 -> 0 | AH90: =I90 -> 0 | AI90: =J90 -> 0 | AJ90: =K90 -> 0 | ... AV90: =W90 -> 0
C91: 44067 | D91: 0 | E91: 0 | F91: 28 | G91: 0 | H91: 0 | I91: 0 | J91: 0 | K91: 0 | L91: 0 | M91: 0 | N91: 0 | O91: 0 | P91: 0 | Q91: 0 | R91: 0 | S91: 0 | T91: 0 | U91: 0 | V91: 0 | W91: 0 | AA91: =SUM(D91:W91) -> 28 | AB91: Ａｄｄ Ｓｈｉｐ→ | AC91: =D91 -> 0 | AD91: =E91 -> 0 | AE91: =F91 -> 28 | AF91: =G91 -> 0 | AG91: =H91 -> 0 | AH91: =I91 -> 0 | AI91: =J91 -> 0 | AJ91: =K91 -> 0 | ... AV91: =W91 -> 0
C92: 44074 | D92: 0 | E92: 0 | F92: 0 | G92: 0 | H92: 0 | I92: 0 | J92: 0 | K92: 0 | L92: 0 | M92: 0 | N92: 0 | O92: 0 | P92: 0 | Q92: 0 | R92: 0 | S92: 0 | T92: 0 | U92: 0 | V92: 0 | W92: 0 | AA92: =SUM(D92:W92) -> 0 | AB92: Ａｄｄ Ｓｈｉｐ→ | AC92: =D92 -> 0 | AD92: =E92 -> 0 | AE92: =F92 -> 0 | AF92: =G92 -> 0 | AG92: =H92 -> 0 | AH92: =I92 -> 0 | AI92: =J92 -> 0 | AJ92: =K92 -> 0 | ... AV92: =W92 -> 0
C93: 44081 | D93: 0 | E93: 0 | F93: 0 | G93: 0 | H93: 0 | I93: 0 | J93: 0 | K93: 0 | L93: 0 | M93: 0 | N93: 0 | O93: 0 | P93: 0 | Q93: 0 | R93: 0 | S93: 0 | T93: 0 | U93: 0 | V93: 0 | W93: 0 | AA93: =SUM(D93:W93) -> 0 | AB93: Ａｄｄ Ｓｈｉｐ→ | AC93: =D93 -> 0 | AD93: =E93 -> 0 | AE93: =F93 -> 0 | AF93: =G93 -> 0 | AG93: =H93 -> 0 | AH93: =I93 -> 0 | AI93: =J93 -> 0 | AJ93: =K93 -> 0 | ... AV93: =W93 -> 0
B94: TOTAL | D94: =SUM(D81:D93) -> 0 | E94: =SUM(E81:E93) -> 0 | F94: =SUM(F81:F93) -> 28 | G94: =SUM(G81:G93) -> 0 | H94: =SUM(H81:H93) -> 0 | I94: =SUM(I81:I93) -> 0 | J94: =SUM(J81:J93) -> 0 | K94: =SUM(K81:K93) -> 0 | ... W94: =SUM(W81:W93) -> 0 | AA94: =SUM(D94:W94) -> 28 | AC94: =SUM(AC81:AC93) -> 0 | AD94: =SUM(AD81:AD93) -> 0 | AE94: =SUM(AE81:AE93) -> 28 | AF94: =SUM(AF81:AF93) -> 0 | AG94: =SUM(AG81:AG93) -> 0 | AH94: =SUM(AH81:AH93) -> 0 | AI94: =SUM(AI81:AI93) -> 0 | AJ94: =SUM(AJ81:AJ93) -> 0 | ... AV94: =SUM(AV81:AV93) -> 0
B96: V8 | D96: 0184429-0 | E96: 1876212-3 | F96: 3249850-1 | G96: 3139386-2 | H96: 1876278-6 | I96: 3729591-9 | J96: 0184763-0 | K96: 9064355-4 | L96: 9912506-8 | M96: 1876267-0 | N96: 3729668-0 | O96: 1876265-4 | P96: 1876242-5 | Q96: 3139392-7 | R96: 1876244-1 | S96: 1868741-5 | T96: 3139382-0 | U96: 1868739-3 | V96: 5343350-7 | W96: 1868742-3 | X96: 3139404-4 | Y96: 1868740-7 | Z96: 5343349-3 | AC96: Comparison with the last time
B97: MPS date | C97: KMP Shipment | D97: LAA101 | E97: LAF001 | F97: LAF002 | G97: LAF003 | H97: LAG001 | I97: LAG002 | J97: LAE101 | K97: LAE102 | L97: LAE201 | M97: LBL001 | N97: LBL002 | O97: LAL001 | P97: LAN001 | Q97: LAN002 | R97: LCN001 | S97: LAC001 | T97: LAC002 | U97: LCC001 | V97: LCC002 | W97: LAD001 | X97: LAD002 | Y97: LCD001 | Z97: LCD002 | AA97: TOTAL | AC97: LAA101 | AD97: LAF001 | AE97: LAF002 | AF97: LAF003 | AG97: LAG001 | AH97: LAG002 | AI97: LAE101 | AJ97: LAE102 | AK97: LAE201 | AL97: LBL001 | AM97: LBL002 | AN97: LAL001 | AO97: LAN001 | AP97: LAN002 | AQ97: LCN001 | AR97: LAC001 | AS97: LAC002 | AT97: LCC001 | AU97: LCC002 | AV97: LAD001 | AW97: LAD002 | AX97: LCD001 | AY97: LCD002
C98: 43991 | D98: 32 | E98: 32 | F98: 0 | G98: 0 | H98: 32 | I98: 0 | J98: 3 | K98: 19 | L98: 10 | M98: 0 | N98: 32 | O98: 0 | P98: 17 | Q98: 0 | R98: 30 | S98: 17 | T98: 0 | U98: 0 | V98: 30 | W98: 17 | X98: 0 | Y98: 0 | Z98: 30 | AA98: =SUM(D98:Z98) -> 301 | AC98: =D98-D66 -> 0 | AD98: =E98-E66 -> 0 | AE98: =F98-F66 -> 0 | AF98: =G98-G66 -> 0 | AG98: =H98-H66 -> 0 | AH98: =I98-I66 -> 0 | AI98: =J98-J66 -> 0 | AJ98: =K98-K66 -> 0 | ... AY98: =Z98-Z66 -> 0
C99: 43995 | D99: 32 | E99: 32 | F99: 0 | G99: 0 | H99: 32 | I99: 0 | J99: 13 | K99: 0 | L99: 19 | M99: 0 | N99: 22 | O99: 10 | P99: 30 | Q99: 0 | R99: 21 | S99: 30 | T99: 0 | U99: 0 | V99: 21 | W99: 30 | X99: 0 | Y99: 0 | Z99: 21 | AA99: =SUM(D99:Z99) -> 313 | AC99: =D99-D67 -> 0 | AD99: =E99-E67 -> 0 | AE99: =F99-F67 -> 0 | AF99: =G99-G67 -> 0 | AG99: =H99-H67 -> 0 | AH99: =I99-I67 -> 0 | AI99: =J99-J67 -> 0 | AJ99: =K99-K67 -> 0 | ... AY99: =Z99-Z67 -> 0
C100: 44002 | D100: 32 | E100: 32 | F100: 0 | G100: 0 | H100: 32 | I100: 0 | J100: 28 | K100: 3 | L100: 1 | M100: 1 | N100: 31 | O100: 0 | P100: 12 | Q100: 0 | R100: 40 | S100: 12 | T100: 0 | U100: 0 | V100: 40 | W100: 12 | X100: 0 | Y100: 0 | Z100: 40 | AA100: =SUM(D100:Z100) -> 316 | AC100: =D100-D68 -> 0 | AD100: =E100-E68 -> 0 | AE100: =F100-F68 -> 0 | AF100: =G100-G68 -> 0 | AG100: =H100-H68 -> 0 | AH100: =I100-I68 -> 0 | AI100: =J100-J68 -> 0 | AJ100: =K100-K68 -> 0 | ... AY100: =Z100-Z68 -> 0
C101: 44009 | D101: 40 | E101: 40 | F101: 0 | G101: 0 | H101: 40 | I101: 0 | J101: 23 | K101: 7 | L101: 10 | M101: 0 | N101: 40 | O101: 0 | P101: 40 | Q101: 0 | R101: 0 | S101: 40 | T101: 0 | U101: 0 | V101: 0 | W101: 40 | X101: 0 | Y101: 0 | Z101: 0 | AA101: =SUM(D101:Z101) -> 320 | AC101: =D101-D69 -> 0 | AD101: =E101-E69 -> 0 | AE101: =F101-F69 -> 0 | AF101: =G101-G69 -> 0 | AG101: =H101-H69 -> 0 | AH101: =I101-I69 -> 0 | AI101: =J101-J69 -> 0 | AJ101: =K101-K69 -> 0 | ... AY101: =Z101-Z69 -> 0
C102: 44014 | D102: 40 | E102: 40 | F102: 0 | G102: 0 | H102: 44 | I102: 0 | J102: 16 | K102: 14 | L102: 14 | M102: 0 | N102: 40 | O102: 0 | P102: 20 | Q102: 0 | R102: 20 | S102: 20 | T102: 0 | U102: 0 | V102: 20 | W102: 20 | X102: 0 | Y102: 0 | Z102: 20 | AA102: =SUM(D102:Z102) -> 328 | AC102: =D102-D70 -> 0 | AD102: =E102-E70 -> 0 | AE102: =F102-F70 -> 0 | AF102: =G102-G70 -> 0 | AG102: =H102-H70 -> 0 | AH102: =I102-I70 -> 0 | AI102: =J102-J70 -> 0 | AJ102: =K102-K70 -> 0 | ... AY102: =Z102-Z70 -> 0
C103: 44021 | D103: 33 | E103: 27 | F103: 0 | G103: 0 | H103: 27 | I103: 0 | J103: 1 | K103: 13 | L103: 16 | M103: 0 | N103: 33 | O103: 3 | P103: 24 | Q103: 4 | R103: 6 | S103: 24 | T103: 0 | U103: 0 | V103: 6 | W103: 24 | X103: 0 | Y103: 0 | Z103: 6 | AA103: =SUM(D103:Z103) -> 247 | AC103: =D103-D71 -> 0 | AD103: =E103-E71 -> 0 | AE103: =F103-F71 -> 0 | AF103: =G103-G71 -> 0 | AG103: =H103-H71 -> 0 | AH103: =I103-I71 -> 0 | AI103: =J103-J71 -> 0 | AJ103: =K103-K71 -> 0 | ... AY103: =Z103-Z71 -> 0
C104: 44027 | D104: 35 | E104: 36 | F104: 0 | G104: 7 | H104: 35 | I104: 0 | J104: 25 | K104: 4 | L104: 6 | M104: 0 | N104: 30 | O104: 0 | P104: 10 | Q104: 0 | R104: 21 | S104: 11 | T104: 5 | U104: 0 | V104: 21 | W104: 10 | X104: 7 | Y104: 0 | Z104: 21 | AA104: =SUM(D104:Z104) -> 284 | AC104: =D104-D72 -> 0 | AD104: =E104-E72 -> 0 | AE104: =F104-F72 -> 0 | AF104: =G104-G72 -> 0 | AG104: =H104-H72 -> 0 | AH104: =I104-I72 -> 0 | AI104: =J104-J72 -> 0 | AJ104: =K104-K72 -> 0 | ... AY104: =Z104-Z72 -> 0
C105: 44036 | D105: 36 | E105: 36 | F105: 0 | G105: 0 | H105: 36 | I105: 0 | J105: 17 | K105: 16 | L105: 3 | M105: 0 | N105: 32 | O105: 1 | P105: 33 | Q105: 0 | R105: 0 | S105: 33 | T105: 0 | U105: 0 | V105: 0 | W105: 33 | X105: 0 | Y105: 0 | Z105: 0 | AA105: =SUM(D105:Z105) -> 276 | AB105: Change qity→ | AC105: =D105-D73 -> -6 | AD105: =E105-E73 -> -6 | AE105: =F105-F73 -> 0 | AF105: =G105-G73 -> 0 | AG105: =H105-H73 -> -6 | AH105: =I105-I73 -> 0 | AI105: =J105-J73 -> -3 | AJ105: =K105-K73 -> -2 | ... AY105: =Z105-Z73 -> 0
C106: 44051 | D106: 35 | E106: 35 | F106: 0 | G106: 0 | H106: 35 | I106: 0 | J106: 6 | K106: 15 | L106: 14 | M106: 0 | N106: 25 | O106: 15 | P106: 34 | Q106: 0 | R106: 6 | S106: 34 | T106: 0 | U106: 0 | V106: 6 | W106: 34 | X106: 0 | Y106: 0 | Z106: 6 | AA106: =SUM(D106:Z106) -> 300 | AB106: Change qity→ | AC106: =D106-D74 -> 11 | AD106: =E106-E74 -> 11 | AE106: =F106-F74 -> 0 | AF106: =G106-G74 -> 0 | AG106: =H106-H74 -> 11 | AH106: =I106-I74 -> 0 | AI106: =J106-J74 -> 3 | AJ106: =K106-K74 -> 8 | ... AY106: =Z106-Z74 -> -12
C107: 44060 | D107: 35 | E107: 35 | F107: 0 | G107: 0 | H107: 35 | I107: 0 | J107: 11 | K107: 18 | L107: 6 | M107: 0 | N107: 37 | O107: 5 | P107: 26 | Q107: 0 | R107: 16 | S107: 26 | T107: 0 | U107: 0 | V107: 16 | W107: 26 | X107: 0 | Y107: 0 | Z107: 16 | AA107: =SUM(D107:Z107) -> 308 | AB107: Ａｄｄ Ｓｈｉｐ→ | AC107: =D107 -> 35 | AD107: =E107 -> 35 | AE107: =F107 -> 0 | AF107: =G107 -> 0 | AG107: =H107 -> 35 | AH107: =I107 -> 0 | AI107: =J107 -> 11 | AJ107: =K107 -> 18 | ... AY107: =Z107 -> 16
C108: 44067 | D108: 35 | E108: 32 | F108: 1 | G108: 2 | H108: 34 | I108: 1 | J108: 7 | K108: 20 | L108: 8 | M108: 0 | N108: 35 | O108: 2 | P108: 31 | Q108: 0 | R108: 6 | S108: 31 | T108: 0 | U108: 1 | V108: 5 | W108: 31 | X108: 0 | Y108: 1 | Z108: 5 | AA108: =SUM(D108:Z108) -> 288 | AB108: Ａｄｄ Ｓｈｉｐ→ | AC108: =D108 -> 35 | AD108: =E108 -> 32 | AE108: =F108 -> 1 | AF108: =G108 -> 2 | AG108: =H108 -> 34 | AH108: =I108 -> 1 | AI108: =J108 -> 7 | AJ108: =K108 -> 20 | ... AY108: =Z108 -> 5
C109: 44074 | D109: 35 | E109: 35 | F109: 0 | G109: 0 | H109: 35 | I109: 0 | J109: 20 | K109: 15 | L109: 0 | M109: 0 | N109: 26 | O109: 10 | P109: 30 | Q109: 2 | R109: 4 | S109: 30 | T109: 2 | U109: 0 | V109: 4 | W109: 30 | X109: 2 | Y109: 0 | Z109: 4 | AA109: =SUM(D109:Z109) -> 284 | AB109: Ａｄｄ Ｓｈｉｐ→ | AC109: =D109 -> 35 | AD109: =E109 -> 35 | AE109: =F109 -> 0 | AF109: =G109 -> 0 | AG109: =H109 -> 35 | AH109: =I109 -> 0 | AI109: =J109 -> 20 | AJ109: =K109 -> 15 | ... AY109: =Z109 -> 4
...

Sheet Sheet2
